ISO-10303-21;
HEADER;
/* Generated by software containing ST-Developer
 * from STEP Tools, Inc. (www.steptools.com) 
 */

FILE_DESCRIPTION(
/* description */ (''),
/* implementation_level */ '2;1');

FILE_NAME(
/* name */ 'chasiss v1.step',
/* time_stamp */ '2026-07-08T10:34:51-04:00',
/* author */ (''),
/* organization */ (''),
/* preprocessor_version */ 'ST-DEVELOPER v20.1',
/* originating_system */ 'Autodesk Translation Framework v15.8.0.0',
/* authorisation */ '');

FILE_SCHEMA (('AUTOMOTIVE_DESIGN { 1 0 10303 214 3 1 1 }'));
ENDSEC;

DATA;
#10=MECHANICAL_DESIGN_GEOMETRIC_PRESENTATION_REPRESENTATION('',(#13,#14),
#8442);
#11=SHAPE_REPRESENTATION_RELATIONSHIP('SRR','None',#8449,#12);
#12=ADVANCED_BREP_SHAPE_REPRESENTATION('',(#15,#16),#8441);
#13=STYLED_ITEM('',(#8458),#15);
#14=STYLED_ITEM('',(#8458),#16);
#15=MANIFOLD_SOLID_BREP('Body1',#4188);
#16=MANIFOLD_SOLID_BREP('Body2',#4189);
#17=SPHERICAL_SURFACE('',#4609,0.2);
#18=SPHERICAL_SURFACE('',#4612,0.2);
#19=FACE_BOUND('',#989,.T.);
#20=FACE_BOUND('',#990,.T.);
#21=FACE_BOUND('',#991,.T.);
#22=FACE_BOUND('',#992,.T.);
#23=FACE_BOUND('',#993,.T.);
#24=FACE_BOUND('',#994,.T.);
#25=FACE_BOUND('',#995,.T.);
#26=FACE_BOUND('',#996,.T.);
#27=FACE_BOUND('',#997,.T.);
#28=FACE_BOUND('',#998,.T.);
#29=FACE_BOUND('',#999,.T.);
#30=FACE_BOUND('',#1000,.T.);
#31=FACE_BOUND('',#1001,.T.);
#32=FACE_BOUND('',#1002,.T.);
#33=FACE_BOUND('',#1003,.T.);
#34=FACE_BOUND('',#1004,.T.);
#35=FACE_BOUND('',#1005,.T.);
#36=FACE_BOUND('',#1006,.T.);
#37=FACE_BOUND('',#1007,.T.);
#38=FACE_BOUND('',#1008,.T.);
#39=FACE_BOUND('',#1009,.T.);
#40=FACE_BOUND('',#1010,.T.);
#41=FACE_BOUND('',#1011,.T.);
#42=FACE_BOUND('',#1012,.T.);
#43=FACE_BOUND('',#1013,.T.);
#44=FACE_BOUND('',#1014,.T.);
#45=FACE_BOUND('',#1015,.T.);
#46=FACE_BOUND('',#1016,.T.);
#47=FACE_BOUND('',#1017,.T.);
#48=FACE_BOUND('',#1018,.T.);
#49=FACE_BOUND('',#1019,.T.);
#50=FACE_BOUND('',#1020,.T.);
#51=FACE_BOUND('',#1021,.T.);
#52=FACE_BOUND('',#1022,.T.);
#53=FACE_BOUND('',#1023,.T.);
#54=FACE_BOUND('',#1024,.T.);
#55=FACE_BOUND('',#1025,.T.);
#56=FACE_BOUND('',#1026,.T.);
#57=FACE_BOUND('',#1027,.T.);
#58=FACE_BOUND('',#1028,.T.);
#59=FACE_BOUND('',#1029,.T.);
#60=FACE_BOUND('',#1030,.T.);
#61=FACE_BOUND('',#1031,.T.);
#62=FACE_BOUND('',#1032,.T.);
#63=FACE_BOUND('',#1033,.T.);
#64=FACE_BOUND('',#1034,.T.);
#65=FACE_BOUND('',#1035,.T.);
#66=FACE_BOUND('',#1036,.T.);
#67=FACE_BOUND('',#1037,.T.);
#68=FACE_BOUND('',#1038,.T.);
#69=FACE_BOUND('',#1039,.T.);
#70=FACE_BOUND('',#1040,.T.);
#71=FACE_BOUND('',#1041,.T.);
#72=FACE_BOUND('',#1081,.T.);
#73=FACE_BOUND('',#1091,.T.);
#74=FACE_BOUND('',#1109,.T.);
#75=FACE_BOUND('',#1119,.T.);
#76=FACE_BOUND('',#1127,.T.);
#77=FACE_BOUND('',#1128,.T.);
#78=FACE_BOUND('',#1129,.T.);
#79=FACE_BOUND('',#1130,.T.);
#80=FACE_BOUND('',#1131,.T.);
#81=FACE_BOUND('',#1132,.T.);
#82=FACE_BOUND('',#1133,.T.);
#83=FACE_BOUND('',#1134,.T.);
#84=FACE_BOUND('',#1135,.T.);
#85=FACE_BOUND('',#1136,.T.);
#86=FACE_BOUND('',#1137,.T.);
#87=FACE_BOUND('',#1138,.T.);
#88=FACE_BOUND('',#1139,.T.);
#89=TOROIDAL_SURFACE('',#4432,19.2000000000002,0.2);
#90=TOROIDAL_SURFACE('',#4438,12.1999999999984,0.2);
#91=TOROIDAL_SURFACE('',#4444,29.2000000000002,0.2);
#92=TOROIDAL_SURFACE('',#4465,19.2,0.2);
#93=TOROIDAL_SURFACE('',#4470,12.1999999999973,0.2);
#94=TOROIDAL_SURFACE('',#4475,29.2,0.2);
#95=TOROIDAL_SURFACE('',#4484,19.2000000000001,0.2);
#96=TOROIDAL_SURFACE('',#4489,12.1999999999996,0.2);
#97=TOROIDAL_SURFACE('',#4494,29.2000000000002,0.2);
#98=TOROIDAL_SURFACE('',#4516,10.1547982774147,0.2);
#99=TOROIDAL_SURFACE('',#4521,10.24501125194,0.2);
#100=TOROIDAL_SURFACE('',#4524,22.6999760368555,0.2);
#101=TOROIDAL_SURFACE('',#4533,22.7000003352763,0.2);
#102=TOROIDAL_SURFACE('',#4537,22.7000003352763,0.2);
#103=TOROIDAL_SURFACE('',#4542,22.7000003352761,0.2);
#104=TOROIDAL_SURFACE('',#4545,10.2748526184197,0.2);
#105=TOROIDAL_SURFACE('',#4551,10.2483784830258,0.2);
#106=TOROIDAL_SURFACE('',#4565,10.1859513147995,0.2);
#107=TOROIDAL_SURFACE('',#4568,10.2063038064247,0.2);
#108=TOROIDAL_SURFACE('',#4572,22.6999760378119,0.2);
#109=TOROIDAL_SURFACE('',#4581,22.7000003352763,0.2);
#110=TOROIDAL_SURFACE('',#4585,22.7000003352763,0.2);
#111=TOROIDAL_SURFACE('',#4589,22.7000003352763,0.2);
#112=TOROIDAL_SURFACE('',#4591,22.6999760367757,0.2);
#113=TOROIDAL_SURFACE('',#4617,22.871568435342,0.2);
#114=PLANE('',#4221);
#115=PLANE('',#4231);
#116=PLANE('',#4241);
#117=PLANE('',#4248);
#118=PLANE('',#4252);
#119=PLANE('',#4253);
#120=PLANE('',#4254);
#121=PLANE('',#4255);
#122=PLANE('',#4256);
#123=PLANE('',#4257);
#124=PLANE('',#4258);
#125=PLANE('',#4259);
#126=PLANE('',#4260);
#127=PLANE('',#4261);
#128=PLANE('',#4262);
#129=PLANE('',#4263);
#130=PLANE('',#4264);
#131=PLANE('',#4265);
#132=PLANE('',#4266);
#133=PLANE('',#4267);
#134=PLANE('',#4268);
#135=PLANE('',#4269);
#136=PLANE('',#4270);
#137=PLANE('',#4271);
#138=PLANE('',#4275);
#139=PLANE('',#4279);
#140=PLANE('',#4283);
#141=PLANE('',#4287);
#142=PLANE('',#4291);
#143=PLANE('',#4295);
#144=PLANE('',#4299);
#145=PLANE('',#4303);
#146=PLANE('',#4307);
#147=PLANE('',#4311);
#148=PLANE('',#4315);
#149=PLANE('',#4319);
#150=PLANE('',#4323);
#151=PLANE('',#4327);
#152=PLANE('',#4331);
#153=PLANE('',#4335);
#154=PLANE('',#4339);
#155=PLANE('',#4343);
#156=PLANE('',#4347);
#157=PLANE('',#4351);
#158=PLANE('',#4355);
#159=PLANE('',#4359);
#160=PLANE('',#4363);
#161=PLANE('',#4367);
#162=PLANE('',#4371);
#163=PLANE('',#4375);
#164=PLANE('',#4379);
#165=PLANE('',#4383);
#166=PLANE('',#4387);
#167=PLANE('',#4391);
#168=PLANE('',#4395);
#169=PLANE('',#4399);
#170=PLANE('',#4403);
#171=PLANE('',#4407);
#172=PLANE('',#4411);
#173=PLANE('',#4415);
#174=PLANE('',#4419);
#175=PLANE('',#4423);
#176=PLANE('',#4427);
#177=PLANE('',#4431);
#178=PLANE('',#4451);
#179=PLANE('',#4454);
#180=PLANE('',#4481);
#181=PLANE('',#4500);
#182=PLANE('',#4512);
#183=PLANE('',#4529);
#184=PLANE('',#4532);
#185=PLANE('',#4539);
#186=PLANE('',#4554);
#187=PLANE('',#4557);
#188=PLANE('',#4558);
#189=PLANE('',#4577);
#190=PLANE('',#4580);
#191=PLANE('',#4597);
#192=PLANE('',#4614);
#193=PLANE('',#4628);
#194=PLANE('',#4637);
#195=PLANE('',#4638);
#196=PLANE('',#4639);
#197=PLANE('',#4640);
#198=PLANE('',#4642);
#199=PLANE('',#4647);
#200=PLANE('',#4648);
#201=PLANE('',#4649);
#202=PLANE('',#4650);
#203=PLANE('',#4652);
#204=PLANE('',#4653);
#205=PLANE('',#4655);
#206=PLANE('',#4657);
#207=PLANE('',#4659);
#208=PLANE('',#4664);
#209=PLANE('',#4665);
#210=(
BOUNDED_CURVE()
B_SPLINE_CURVE(5,(#6220,#6221,#6222,#6223,#6224,#6225,#6226,#6227),
 .UNSPECIFIED.,.F.,.F.)
B_SPLINE_CURVE_WITH_KNOTS((6,1,1,6),(0.411538266015803,0.5,0.6,0.679363136019566),
 .UNSPECIFIED.)
CURVE()
GEOMETRIC_REPRESENTATION_ITEM()
RATIONAL_B_SPLINE_CURVE((1.,1.,1.,1.,1.,1.,1.,1.))
REPRESENTATION_ITEM('')
);
#211=(
BOUNDED_CURVE()
B_SPLINE_CURVE(5,(#6231,#6232,#6233,#6234,#6235,#6236,#6237,#6238),
 .UNSPECIFIED.,.F.,.F.)
B_SPLINE_CURVE_WITH_KNOTS((6,1,1,6),(0.411538266015803,0.5,0.6,0.679363136019407),
 .UNSPECIFIED.)
CURVE()
GEOMETRIC_REPRESENTATION_ITEM()
RATIONAL_B_SPLINE_CURVE((1.,1.,1.,1.,1.,1.,1.,1.))
REPRESENTATION_ITEM('')
);
#212=(
BOUNDED_CURVE()
B_SPLINE_CURVE(5,(#6258,#6259,#6260,#6261,#6262,#6263,#6264,#6265),
 .UNSPECIFIED.,.F.,.F.)
B_SPLINE_CURVE_WITH_KNOTS((6,1,1,6),(0.406759890683964,0.5,0.6,0.682368465752874),
 .UNSPECIFIED.)
CURVE()
GEOMETRIC_REPRESENTATION_ITEM()
RATIONAL_B_SPLINE_CURVE((1.,1.,1.,1.,1.,1.,1.,1.))
REPRESENTATION_ITEM('')
);
#213=(
BOUNDED_CURVE()
B_SPLINE_CURVE(5,(#6269,#6270,#6271,#6272,#6273,#6274,#6275,#6276),
 .UNSPECIFIED.,.F.,.F.)
B_SPLINE_CURVE_WITH_KNOTS((6,1,1,6),(-0.682368465752874,-0.6,-0.5,-0.406759890683964),
 .UNSPECIFIED.)
CURVE()
GEOMETRIC_REPRESENTATION_ITEM()
RATIONAL_B_SPLINE_CURVE((1.,1.,1.,1.,1.,1.,1.,1.))
REPRESENTATION_ITEM('')
);
#214=(
BOUNDED_CURVE()
B_SPLINE_CURVE(5,(#6320,#6321,#6322,#6323,#6324,#6325,#6326,#6327),
 .UNSPECIFIED.,.F.,.F.)
B_SPLINE_CURVE_WITH_KNOTS((6,1,1,6),(0.411538316561336,0.5,0.6,0.679363127992375),
 .UNSPECIFIED.)
CURVE()
GEOMETRIC_REPRESENTATION_ITEM()
RATIONAL_B_SPLINE_CURVE((1.,1.,1.,1.,1.,1.,1.,1.))
REPRESENTATION_ITEM('')
);
#215=(
BOUNDED_CURVE()
B_SPLINE_CURVE(5,(#6331,#6332,#6333,#6334,#6335,#6336,#6337,#6338),
 .UNSPECIFIED.,.F.,.F.)
B_SPLINE_CURVE_WITH_KNOTS((6,1,1,6),(0.411538316561336,0.5,0.6,0.679363127992215),
 .UNSPECIFIED.)
CURVE()
GEOMETRIC_REPRESENTATION_ITEM()
RATIONAL_B_SPLINE_CURVE((1.,1.,1.,1.,1.,1.,1.,1.))
REPRESENTATION_ITEM('')
);
#216=(
BOUNDED_CURVE()
B_SPLINE_CURVE(5,(#6358,#6359,#6360,#6361,#6362,#6363,#6364,#6365),
 .UNSPECIFIED.,.F.,.F.)
B_SPLINE_CURVE_WITH_KNOTS((6,1,1,6),(0.406759933568042,0.5,0.6,0.68236842493395),
 .UNSPECIFIED.)
CURVE()
GEOMETRIC_REPRESENTATION_ITEM()
RATIONAL_B_SPLINE_CURVE((1.,1.,1.,1.,1.,1.,1.,1.))
REPRESENTATION_ITEM('')
);
#217=(
BOUNDED_CURVE()
B_SPLINE_CURVE(5,(#6369,#6370,#6371,#6372,#6373,#6374,#6375,#6376),
 .UNSPECIFIED.,.F.,.F.)
B_SPLINE_CURVE_WITH_KNOTS((6,1,1,6),(-0.68236842493395,-0.6,-0.5,-0.406759933568042),
 .UNSPECIFIED.)
CURVE()
GEOMETRIC_REPRESENTATION_ITEM()
RATIONAL_B_SPLINE_CURVE((1.,1.,1.,1.,1.,1.,1.,1.))
REPRESENTATION_ITEM('')
);
#218=(
BOUNDED_CURVE()
B_SPLINE_CURVE(5,(#6420,#6421,#6422,#6423,#6424,#6425,#6426,#6427),
 .UNSPECIFIED.,.F.,.F.)
B_SPLINE_CURVE_WITH_KNOTS((6,1,1,6),(0.411470677642553,0.5,0.6,0.679555562114429),
 .UNSPECIFIED.)
CURVE()
GEOMETRIC_REPRESENTATION_ITEM()
RATIONAL_B_SPLINE_CURVE((1.,1.,1.,1.,1.,1.,1.,1.))
REPRESENTATION_ITEM('')
);
#219=(
BOUNDED_CURVE()
B_SPLINE_CURVE(5,(#6431,#6432,#6433,#6434,#6435,#6436,#6437,#6438),
 .UNSPECIFIED.,.F.,.F.)
B_SPLINE_CURVE_WITH_KNOTS((6,1,1,6),(0.411470677642553,0.5,0.6,0.679555562114285),
 .UNSPECIFIED.)
CURVE()
GEOMETRIC_REPRESENTATION_ITEM()
RATIONAL_B_SPLINE_CURVE((1.,1.,1.,1.,1.,1.,1.,1.))
REPRESENTATION_ITEM('')
);
#220=(
BOUNDED_CURVE()
B_SPLINE_CURVE(5,(#6458,#6459,#6460,#6461,#6462,#6463,#6464,#6465),
 .UNSPECIFIED.,.F.,.F.)
B_SPLINE_CURVE_WITH_KNOTS((6,1,1,6),(0.406655932057657,0.5,0.6,0.682664470684722),
 .UNSPECIFIED.)
CURVE()
GEOMETRIC_REPRESENTATION_ITEM()
RATIONAL_B_SPLINE_CURVE((1.,1.,1.,1.,1.,1.,1.,1.))
REPRESENTATION_ITEM('')
);
#221=(
BOUNDED_CURVE()
B_SPLINE_CURVE(5,(#6469,#6470,#6471,#6472,#6473,#6474,#6475,#6476),
 .UNSPECIFIED.,.F.,.F.)
B_SPLINE_CURVE_WITH_KNOTS((6,1,1,6),(-0.682664470684722,-0.6,-0.5,-0.406655932057722),
 .UNSPECIFIED.)
CURVE()
GEOMETRIC_REPRESENTATION_ITEM()
RATIONAL_B_SPLINE_CURVE((1.,1.,1.,1.,1.,1.,1.,1.))
REPRESENTATION_ITEM('')
);
#222=(
BOUNDED_CURVE()
B_SPLINE_CURVE(5,(#6551,#6552,#6553,#6554,#6555,#6556,#6557,#6558),
 .UNSPECIFIED.,.F.,.F.)
B_SPLINE_CURVE_WITH_KNOTS((6,1,1,6),(0.415465657098194,0.5,0.6,0.679796488814701),
 .UNSPECIFIED.)
CURVE()
GEOMETRIC_REPRESENTATION_ITEM()
RATIONAL_B_SPLINE_CURVE((1.,1.,1.,1.,1.,1.,1.,1.))
REPRESENTATION_ITEM('')
);
#223=(
BOUNDED_CURVE()
B_SPLINE_CURVE(5,(#6562,#6563,#6564,#6565,#6566,#6567,#6568,#6569),
 .UNSPECIFIED.,.F.,.F.)
B_SPLINE_CURVE_WITH_KNOTS((6,1,1,6),(0.415465657098194,0.5,0.6,0.679796488814631),
 .UNSPECIFIED.)
CURVE()
GEOMETRIC_REPRESENTATION_ITEM()
RATIONAL_B_SPLINE_CURVE((1.,1.,1.,1.,1.,1.,1.,1.))
REPRESENTATION_ITEM('')
);
#224=(
BOUNDED_CURVE()
B_SPLINE_CURVE(5,(#6589,#6590,#6591,#6592,#6593,#6594,#6595,#6596),
 .UNSPECIFIED.,.F.,.F.)
B_SPLINE_CURVE_WITH_KNOTS((6,1,1,6),(0.317761204632312,0.4,0.5,0.593004124042353),
 .UNSPECIFIED.)
CURVE()
GEOMETRIC_REPRESENTATION_ITEM()
RATIONAL_B_SPLINE_CURVE((1.,1.,1.,1.,1.,1.,1.,1.))
REPRESENTATION_ITEM('')
);
#225=(
BOUNDED_CURVE()
B_SPLINE_CURVE(5,(#6600,#6601,#6602,#6603,#6604,#6605,#6606,#6607),
 .UNSPECIFIED.,.F.,.F.)
B_SPLINE_CURVE_WITH_KNOTS((6,1,1,6),(0.317761204632312,0.4,0.5,0.593004124042266),
 .UNSPECIFIED.)
CURVE()
GEOMETRIC_REPRESENTATION_ITEM()
RATIONAL_B_SPLINE_CURVE((1.,1.,1.,1.,1.,1.,1.,1.))
REPRESENTATION_ITEM('')
);
#226=(
BOUNDED_SURFACE()
B_SPLINE_SURFACE(5,1,((#6202,#6203),(#6204,#6205),(#6206,#6207),(#6208,
#6209),(#6210,#6211),(#6212,#6213),(#6214,#6215),(#6216,#6217)),
 .UNSPECIFIED.,.F.,.F.,.F.)
B_SPLINE_SURFACE_WITH_KNOTS((6,1,1,6),(2,2),(0.411538266015803,0.5,0.6,
0.679363136019407),(0.,1.05),.UNSPECIFIED.)
GEOMETRIC_REPRESENTATION_ITEM()
RATIONAL_B_SPLINE_SURFACE(((1.,1.),(1.,1.),(1.,1.),(1.,1.),(1.,1.),(1.,
1.),(1.,1.),(1.,1.)))
REPRESENTATION_ITEM('')
SURFACE()
);
#227=(
BOUNDED_SURFACE()
B_SPLINE_SURFACE(5,1,((#6240,#6241),(#6242,#6243),(#6244,#6245),(#6246,
#6247),(#6248,#6249),(#6250,#6251),(#6252,#6253),(#6254,#6255)),
 .UNSPECIFIED.,.F.,.F.,.F.)
B_SPLINE_SURFACE_WITH_KNOTS((6,1,1,6),(2,2),(-0.682368465752874,-0.6,-0.5,
-0.406759890683964),(0.,1.05),.UNSPECIFIED.)
GEOMETRIC_REPRESENTATION_ITEM()
RATIONAL_B_SPLINE_SURFACE(((1.,1.),(1.,1.),(1.,1.),(1.,1.),(1.,1.),(1.,
1.),(1.,1.),(1.,1.)))
REPRESENTATION_ITEM('')
SURFACE()
);
#228=(
BOUNDED_SURFACE()
B_SPLINE_SURFACE(5,1,((#6302,#6303),(#6304,#6305),(#6306,#6307),(#6308,
#6309),(#6310,#6311),(#6312,#6313),(#6314,#6315),(#6316,#6317)),
 .UNSPECIFIED.,.F.,.F.,.F.)
B_SPLINE_SURFACE_WITH_KNOTS((6,1,1,6),(2,2),(0.411538316561336,0.5,0.6,
0.679363127992215),(0.,1.05),.UNSPECIFIED.)
GEOMETRIC_REPRESENTATION_ITEM()
RATIONAL_B_SPLINE_SURFACE(((1.,1.),(1.,1.),(1.,1.),(1.,1.),(1.,1.),(1.,
1.),(1.,1.),(1.,1.)))
REPRESENTATION_ITEM('')
SURFACE()
);
#229=(
BOUNDED_SURFACE()
B_SPLINE_SURFACE(5,1,((#6340,#6341),(#6342,#6343),(#6344,#6345),(#6346,
#6347),(#6348,#6349),(#6350,#6351),(#6352,#6353),(#6354,#6355)),
 .UNSPECIFIED.,.F.,.F.,.F.)
B_SPLINE_SURFACE_WITH_KNOTS((6,1,1,6),(2,2),(-0.68236842493395,-0.6,-0.5,
-0.406759933568042),(0.,1.05),.UNSPECIFIED.)
GEOMETRIC_REPRESENTATION_ITEM()
RATIONAL_B_SPLINE_SURFACE(((1.,1.),(1.,1.),(1.,1.),(1.,1.),(1.,1.),(1.,
1.),(1.,1.),(1.,1.)))
REPRESENTATION_ITEM('')
SURFACE()
);
#230=(
BOUNDED_SURFACE()
B_SPLINE_SURFACE(5,1,((#6402,#6403),(#6404,#6405),(#6406,#6407),(#6408,
#6409),(#6410,#6411),(#6412,#6413),(#6414,#6415),(#6416,#6417)),
 .UNSPECIFIED.,.F.,.F.,.F.)
B_SPLINE_SURFACE_WITH_KNOTS((6,1,1,6),(2,2),(0.411470677642553,0.5,0.6,
0.679555562114285),(0.,1.05),.UNSPECIFIED.)
GEOMETRIC_REPRESENTATION_ITEM()
RATIONAL_B_SPLINE_SURFACE(((1.,1.),(1.,1.),(1.,1.),(1.,1.),(1.,1.),(1.,
1.),(1.,1.),(1.,1.)))
REPRESENTATION_ITEM('')
SURFACE()
);
#231=(
BOUNDED_SURFACE()
B_SPLINE_SURFACE(5,1,((#6440,#6441),(#6442,#6443),(#6444,#6445),(#6446,
#6447),(#6448,#6449),(#6450,#6451),(#6452,#6453),(#6454,#6455)),
 .UNSPECIFIED.,.F.,.F.,.F.)
B_SPLINE_SURFACE_WITH_KNOTS((6,1,1,6),(2,2),(-0.682664470684722,-0.6,-0.5,
-0.406655932057722),(0.,1.05),.UNSPECIFIED.)
GEOMETRIC_REPRESENTATION_ITEM()
RATIONAL_B_SPLINE_SURFACE(((1.,1.),(1.,1.),(1.,1.),(1.,1.),(1.,1.),(1.,
1.),(1.,1.),(1.,1.)))
REPRESENTATION_ITEM('')
SURFACE()
);
#232=(
BOUNDED_SURFACE()
B_SPLINE_SURFACE(5,1,((#6533,#6534),(#6535,#6536),(#6537,#6538),(#6539,
#6540),(#6541,#6542),(#6543,#6544),(#6545,#6546),(#6547,#6548)),
 .UNSPECIFIED.,.F.,.F.,.F.)
B_SPLINE_SURFACE_WITH_KNOTS((6,1,1,6),(2,2),(0.415465657098194,0.5,0.6,
0.679796488814631),(0.,1.05),.UNSPECIFIED.)
GEOMETRIC_REPRESENTATION_ITEM()
RATIONAL_B_SPLINE_SURFACE(((1.,1.),(1.,1.),(1.,1.),(1.,1.),(1.,1.),(1.,
1.),(1.,1.),(1.,1.)))
REPRESENTATION_ITEM('')
SURFACE()
);
#233=(
BOUNDED_SURFACE()
B_SPLINE_SURFACE(5,1,((#6571,#6572),(#6573,#6574),(#6575,#6576),(#6577,
#6578),(#6579,#6580),(#6581,#6582),(#6583,#6584),(#6585,#6586)),
 .UNSPECIFIED.,.F.,.F.,.F.)
B_SPLINE_SURFACE_WITH_KNOTS((6,1,1,6),(2,2),(0.317761204632312,0.4,0.5,
0.593004124042266),(0.,1.05),.UNSPECIFIED.)
GEOMETRIC_REPRESENTATION_ITEM()
RATIONAL_B_SPLINE_SURFACE(((1.,1.),(1.,1.),(1.,1.),(1.,1.),(1.,1.),(1.,
1.),(1.,1.),(1.,1.)))
REPRESENTATION_ITEM('')
SURFACE()
);
#234=(
BOUNDED_SURFACE()
B_SPLINE_SURFACE(1,2,((#7610,#7611,#7612),(#7613,#7614,#7615)),
 .UNSPECIFIED.,.F.,.F.,.F.)
B_SPLINE_SURFACE_WITH_KNOTS((2,2),(3,3),(0.0999999999999992,0.79166666666666),
(-0.220716269706439,0.157142222746284),.UNSPECIFIED.)
GEOMETRIC_REPRESENTATION_ITEM()
RATIONAL_B_SPLINE_SURFACE(((1.,0.982205893512537,1.),(1.,0.982205893512537,
1.)))
REPRESENTATION_ITEM('')
SURFACE()
);
#235=(
BOUNDED_SURFACE()
B_SPLINE_SURFACE(1,2,((#7625,#7626,#7627,#7628,#7629),(#7630,#7631,#7632,
#7633,#7634)),.UNSPECIFIED.,.F.,.F.,.F.)
B_SPLINE_SURFACE_WITH_KNOTS((2,2),(3,2,3),(0.0631578947368415,0.499999999999995),
(-2.72528772143669,-1.47303566920023,-0.22078361696376),.UNSPECIFIED.)
GEOMETRIC_REPRESENTATION_ITEM()
RATIONAL_B_SPLINE_SURFACE(((1.,0.810303770709273,1.,0.810303770709273,1.),
(1.,0.810303770709273,1.,0.810303770709273,1.)))
REPRESENTATION_ITEM('')
SURFACE()
);
#236=(
BOUNDED_SURFACE()
B_SPLINE_SURFACE(1,2,((#8315,#8316,#8317,#8318,#8319),(#8320,#8321,#8322,
#8323,#8324)),.UNSPECIFIED.,.F.,.F.,.F.)
B_SPLINE_SURFACE_WITH_KNOTS((2,2),(3,2,3),(0.199999999999998,0.379999999999997),
(-1.92131007056819,-0.673942832226111,0.573424406115968),.UNSPECIFIED.)
GEOMETRIC_REPRESENTATION_ITEM()
RATIONAL_B_SPLINE_SURFACE(((1.,0.811732627473889,1.,0.811732627473889,1.),
(1.,0.811732627473889,1.,0.811732627473889,1.)))
REPRESENTATION_ITEM('')
SURFACE()
);
#237=(
BOUNDED_SURFACE()
B_SPLINE_SURFACE(1,2,((#8369,#8370,#8371,#8372,#8373),(#8374,#8375,#8376,
#8377,#8378)),.UNSPECIFIED.,.F.,.F.,.F.)
B_SPLINE_SURFACE_WITH_KNOTS((2,2),(3,2,3),(0.199999999999998,0.379999999999997),
(-2.56816942112945,-0.99737273132679,0.573423958475867),.UNSPECIFIED.)
GEOMETRIC_REPRESENTATION_ITEM()
RATIONAL_B_SPLINE_SURFACE(((1.,0.707106652843911,1.,0.707106652843911,1.),
(1.,0.707106652843911,1.,0.707106652843911,1.)))
REPRESENTATION_ITEM('')
SURFACE()
);
#238=(
BOUNDED_SURFACE()
B_SPLINE_SURFACE(1,2,((#8381,#8382,#8383,#8384,#8385,#8386,#8387),(#8388,
#8389,#8390,#8391,#8392,#8393,#8394)),.UNSPECIFIED.,.F.,.F.,.F.)
B_SPLINE_SURFACE_WITH_KNOTS((2,2),(3,2,2,3),(0.0413793103448273,0.327586206896549),
(-6.12604371929433,-4.97238041728818,-3.81871711528204,-2.6650538132759),
 .UNSPECIFIED.)
GEOMETRIC_REPRESENTATION_ITEM()
RATIONAL_B_SPLINE_SURFACE(((1.,0.838194779715996,1.,0.838194779715996,1.,
0.838194779715996,1.),(1.,0.838194779715996,1.,0.838194779715996,1.,0.838194779715996,
1.)))
REPRESENTATION_ITEM('')
SURFACE()
);
#239=CIRCLE('',#4204,34.2000000000002);
#240=CIRCLE('',#4205,34.2000000000002);
#241=CIRCLE('',#4207,34.2);
#242=CIRCLE('',#4208,34.2);
#243=CIRCLE('',#4210,24.2000000000001);
#244=CIRCLE('',#4211,24.2000000000001);
#245=CIRCLE('',#4213,24.2000000000002);
#246=CIRCLE('',#4214,24.2000000000002);
#247=CIRCLE('',#4216,34.2000000000002);
#248=CIRCLE('',#4217,34.2000000000002);
#249=CIRCLE('',#4219,24.2);
#250=CIRCLE('',#4220,24.2);
#251=CIRCLE('',#4223,34.2000000000002);
#252=CIRCLE('',#4224,34.2000000000002);
#253=CIRCLE('',#4226,24.2);
#254=CIRCLE('',#4227,24.2);
#255=CIRCLE('',#4229,24.2);
#256=CIRCLE('',#4230,24.2);
#257=CIRCLE('',#4233,34.2);
#258=CIRCLE('',#4234,34.2);
#259=CIRCLE('',#4236,24.2000000000001);
#260=CIRCLE('',#4237,24.2000000000001);
#261=CIRCLE('',#4239,24.2000000000001);
#262=CIRCLE('',#4240,24.2000000000001);
#263=CIRCLE('',#4243,24.2000000000002);
#264=CIRCLE('',#4244,24.2000000000002);
#265=CIRCLE('',#4246,24.2000000000002);
#266=CIRCLE('',#4247,24.2000000000002);
#267=CIRCLE('',#4250,34.2000000000002);
#268=CIRCLE('',#4251,34.2000000000002);
#269=CIRCLE('',#4273,1.10000000000001);
#270=CIRCLE('',#4274,1.10000000000001);
#271=CIRCLE('',#4277,1.1);
#272=CIRCLE('',#4278,1.1);
#273=CIRCLE('',#4281,1.1);
#274=CIRCLE('',#4282,1.1);
#275=CIRCLE('',#4285,1.1);
#276=CIRCLE('',#4286,1.1);
#277=CIRCLE('',#4289,1.1);
#278=CIRCLE('',#4290,1.1);
#279=CIRCLE('',#4293,1.1);
#280=CIRCLE('',#4294,1.1);
#281=CIRCLE('',#4297,1.1);
#282=CIRCLE('',#4298,1.1);
#283=CIRCLE('',#4301,1.1);
#284=CIRCLE('',#4302,1.1);
#285=CIRCLE('',#4305,1.10000000000001);
#286=CIRCLE('',#4306,1.10000000000001);
#287=CIRCLE('',#4309,1.1);
#288=CIRCLE('',#4310,1.1);
#289=CIRCLE('',#4313,1.1);
#290=CIRCLE('',#4314,1.1);
#291=CIRCLE('',#4317,1.1);
#292=CIRCLE('',#4318,1.1);
#293=CIRCLE('',#4321,1.1);
#294=CIRCLE('',#4322,1.1);
#295=CIRCLE('',#4325,1.1);
#296=CIRCLE('',#4326,1.1);
#297=CIRCLE('',#4329,1.1);
#298=CIRCLE('',#4330,1.1);
#299=CIRCLE('',#4333,1.1);
#300=CIRCLE('',#4334,1.1);
#301=CIRCLE('',#4337,1.10000000000001);
#302=CIRCLE('',#4338,1.10000000000001);
#303=CIRCLE('',#4341,1.10000000000001);
#304=CIRCLE('',#4342,1.10000000000001);
#305=CIRCLE('',#4345,1.1);
#306=CIRCLE('',#4346,1.1);
#307=CIRCLE('',#4349,1.1);
#308=CIRCLE('',#4350,1.1);
#309=CIRCLE('',#4353,1.10000000000001);
#310=CIRCLE('',#4354,1.10000000000001);
#311=CIRCLE('',#4357,1.1);
#312=CIRCLE('',#4358,1.1);
#313=CIRCLE('',#4361,1.1);
#314=CIRCLE('',#4362,1.1);
#315=CIRCLE('',#4365,1.1);
#316=CIRCLE('',#4366,1.1);
#317=CIRCLE('',#4369,1.1);
#318=CIRCLE('',#4370,1.1);
#319=CIRCLE('',#4373,1.1);
#320=CIRCLE('',#4374,1.1);
#321=CIRCLE('',#4377,1.1);
#322=CIRCLE('',#4378,1.1);
#323=CIRCLE('',#4381,1.1);
#324=CIRCLE('',#4382,1.1);
#325=CIRCLE('',#4385,1.1);
#326=CIRCLE('',#4386,1.1);
#327=CIRCLE('',#4389,1.10000000000001);
#328=CIRCLE('',#4390,1.10000000000001);
#329=CIRCLE('',#4393,1.1000001169465);
#330=CIRCLE('',#4394,1.1);
#331=CIRCLE('',#4397,1.1000001169465);
#332=CIRCLE('',#4398,1.1);
#333=CIRCLE('',#4401,1.1000001169465);
#334=CIRCLE('',#4402,1.10000000000001);
#335=CIRCLE('',#4405,1.1000001169465);
#336=CIRCLE('',#4406,1.1);
#337=CIRCLE('',#4409,1.1000001169465);
#338=CIRCLE('',#4410,1.1);
#339=CIRCLE('',#4413,1.1000001169465);
#340=CIRCLE('',#4414,1.1);
#341=CIRCLE('',#4417,1.1000001169465);
#342=CIRCLE('',#4418,1.10000000000001);
#343=CIRCLE('',#4421,1.1000001169465);
#344=CIRCLE('',#4422,1.1);
#345=CIRCLE('',#4425,1.1000001169465);
#346=CIRCLE('',#4426,1.1);
#347=CIRCLE('',#4429,1.1000001169465);
#348=CIRCLE('',#4430,1.1);
#349=CIRCLE('',#4433,19.0000000000002);
#350=CIRCLE('',#4434,0.199999999999995);
#351=CIRCLE('',#4435,19.2000000000002);
#352=CIRCLE('',#4437,0.199999999654704);
#353=CIRCLE('',#4439,0.199999999998646);
#354=CIRCLE('',#4440,12.1999999999984);
#355=CIRCLE('',#4441,11.9999999999984);
#356=CIRCLE('',#4443,0.200000000000015);
#357=CIRCLE('',#4445,0.200000000000001);
#358=CIRCLE('',#4446,29.2000000000002);
#359=CIRCLE('',#4447,29.0000000000002);
#360=CIRCLE('',#4450,11.9999999999984);
#361=CIRCLE('',#4453,19.0000000000002);
#362=CIRCLE('',#4455,29.);
#363=CIRCLE('',#4456,29.);
#364=CIRCLE('',#4457,29.);
#365=CIRCLE('',#4458,29.);
#366=CIRCLE('',#4459,19.2000000000001);
#367=CIRCLE('',#4460,12.1999999999996);
#368=CIRCLE('',#4461,29.2000000000002);
#369=CIRCLE('',#4462,19.2);
#370=CIRCLE('',#4463,12.1999999999973);
#371=CIRCLE('',#4464,29.2);
#372=CIRCLE('',#4466,19.);
#373=CIRCLE('',#4467,0.200000000000005);
#374=CIRCLE('',#4469,0.199999999999995);
#375=CIRCLE('',#4471,0.2);
#376=CIRCLE('',#4472,11.9999999999972);
#377=CIRCLE('',#4474,0.199999999999996);
#378=CIRCLE('',#4476,0.199999999999999);
#379=CIRCLE('',#4477,29.);
#380=CIRCLE('',#4480,11.9999999999972);
#381=CIRCLE('',#4483,19.);
#382=CIRCLE('',#4485,19.0000000000001);
#383=CIRCLE('',#4486,0.199999999999997);
#384=CIRCLE('',#4488,0.199999999654684);
#385=CIRCLE('',#4490,0.199999999998645);
#386=CIRCLE('',#4491,11.9999999999996);
#387=CIRCLE('',#4493,0.199999999999996);
#388=CIRCLE('',#4495,0.199999999999999);
#389=CIRCLE('',#4496,29.0000000000002);
#390=CIRCLE('',#4499,11.9999999999996);
#391=CIRCLE('',#4502,19.0000000000001);
#392=CIRCLE('',#4503,0.200000000000008);
#393=CIRCLE('',#4505,0.199999999641071);
#394=CIRCLE('',#4506,0.200000000000001);
#395=CIRCLE('',#4508,0.199999999999986);
#396=CIRCLE('',#4509,0.200000000000001);
#397=CIRCLE('',#4511,12.0000000000001);
#398=CIRCLE('',#4513,19.0000000000002);
#399=CIRCLE('',#4515,0.2);
#400=CIRCLE('',#4517,10.1547982774147);
#401=CIRCLE('',#4518,9.95479827741466);
#402=CIRCLE('',#4520,0.200000000000001);
#403=CIRCLE('',#4522,10.24501125194);
#404=CIRCLE('',#4523,10.04501125194);
#405=CIRCLE('',#4525,22.4999760368555);
#406=CIRCLE('',#4526,0.2);
#407=CIRCLE('',#4528,9.95479827741466);
#408=CIRCLE('',#4531,10.04501125194);
#409=CIRCLE('',#4534,0.2);
#410=CIRCLE('',#4535,22.5000003352763);
#411=CIRCLE('',#4536,22.7000003352763);
#412=CIRCLE('',#4538,22.5000003352763);
#413=CIRCLE('',#4540,29.0000000000002);
#414=CIRCLE('',#4543,22.7000003352761);
#415=CIRCLE('',#4544,22.5000003352761);
#416=CIRCLE('',#4546,10.0748526184197);
#417=CIRCLE('',#4547,0.200000000000007);
#418=CIRCLE('',#4548,10.2748526184197);
#419=CIRCLE('',#4550,0.199999999999997);
#420=CIRCLE('',#4552,10.2483784830258);
#421=CIRCLE('',#4553,10.0483784830258);
#422=CIRCLE('',#4556,10.0748526184197);
#423=CIRCLE('',#4559,29.);
#424=CIRCLE('',#4561,0.200000000000001);
#425=CIRCLE('',#4563,0.2);
#426=CIRCLE('',#4564,0.200000000000004);
#427=CIRCLE('',#4566,10.1859513147995);
#428=CIRCLE('',#4567,9.98595131479955);
#429=CIRCLE('',#4569,10.2063038064247);
#430=CIRCLE('',#4570,10.0063038064247);
#431=CIRCLE('',#4571,22.7000003352763);
#432=CIRCLE('',#4573,22.4999760378119);
#433=CIRCLE('',#4574,0.2);
#434=CIRCLE('',#4576,10.0063038064247);
#435=CIRCLE('',#4579,9.98595131479955);
#436=CIRCLE('',#4582,0.200000000000002);
#437=CIRCLE('',#4583,22.5000003352763);
#438=CIRCLE('',#4584,0.200000004920166);
#439=CIRCLE('',#4586,0.2);
#440=CIRCLE('',#4587,22.5000003352763);
#441=CIRCLE('',#4588,22.7000003352763);
#442=CIRCLE('',#4590,22.5000003352763);
#443=CIRCLE('',#4592,22.4999760367757);
#444=CIRCLE('',#4594,22.5000003352763);
#445=CIRCLE('',#4596,22.4999760378119);
#446=CIRCLE('',#4598,29.0000000000002);
#447=CIRCLE('',#4600,0.2);
#448=CIRCLE('',#4601,0.200000000000008);
#449=CIRCLE('',#4603,0.2);
#450=CIRCLE('',#4604,0.200000000001293);
#451=CIRCLE('',#4605,0.200000000000001);
#452=CIRCLE('',#4607,0.200000000004236);
#453=CIRCLE('',#4608,0.199999999999998);
#454=CIRCLE('',#4610,0.2);
#455=CIRCLE('',#4611,0.199999999999995);
#456=CIRCLE('',#4613,0.2);
#457=CIRCLE('',#4615,29.0000000000002);
#458=CIRCLE('',#4616,22.871568435342);
#459=CIRCLE('',#4618,22.6715684353419);
#460=CIRCLE('',#4620,22.671568435342);
#461=CIRCLE('',#4621,10.0000000000001);
#462=CIRCLE('',#4623,10.0483784830258);
#463=CIRCLE('',#4625,10.0063038064247);
#464=CIRCLE('',#4627,22.4999760368555);
#465=CIRCLE('',#4629,29.);
#466=CIRCLE('',#4630,29.);
#467=CIRCLE('',#4631,29.);
#468=CIRCLE('',#4632,29.);
#469=CIRCLE('',#4633,10.0000000000001);
#470=CIRCLE('',#4634,22.5000003352761);
#471=CIRCLE('',#4635,22.5000003352763);
#472=CIRCLE('',#4636,22.4999760367757);
#473=CIRCLE('',#4662,2.2360680108198);
#474=CIRCLE('',#4663,2.2360680108198);
#475=CYLINDRICAL_SURFACE('',#4203,34.2000000000002);
#476=CYLINDRICAL_SURFACE('',#4206,34.2);
#477=CYLINDRICAL_SURFACE('',#4209,24.2000000000001);
#478=CYLINDRICAL_SURFACE('',#4212,24.2000000000002);
#479=CYLINDRICAL_SURFACE('',#4215,34.2000000000002);
#480=CYLINDRICAL_SURFACE('',#4218,24.2);
#481=CYLINDRICAL_SURFACE('',#4222,34.2000000000002);
#482=CYLINDRICAL_SURFACE('',#4225,24.2);
#483=CYLINDRICAL_SURFACE('',#4228,24.2);
#484=CYLINDRICAL_SURFACE('',#4232,34.2);
#485=CYLINDRICAL_SURFACE('',#4235,24.2000000000001);
#486=CYLINDRICAL_SURFACE('',#4238,24.2000000000001);
#487=CYLINDRICAL_SURFACE('',#4242,24.2000000000002);
#488=CYLINDRICAL_SURFACE('',#4245,24.2000000000002);
#489=CYLINDRICAL_SURFACE('',#4249,34.2000000000002);
#490=CYLINDRICAL_SURFACE('',#4272,1.10000000000001);
#491=CYLINDRICAL_SURFACE('',#4276,1.1);
#492=CYLINDRICAL_SURFACE('',#4280,1.1);
#493=CYLINDRICAL_SURFACE('',#4284,1.1);
#494=CYLINDRICAL_SURFACE('',#4288,1.1);
#495=CYLINDRICAL_SURFACE('',#4292,1.1);
#496=CYLINDRICAL_SURFACE('',#4296,1.1);
#497=CYLINDRICAL_SURFACE('',#4300,1.1);
#498=CYLINDRICAL_SURFACE('',#4304,1.10000000000001);
#499=CYLINDRICAL_SURFACE('',#4308,1.1);
#500=CYLINDRICAL_SURFACE('',#4312,1.1);
#501=CYLINDRICAL_SURFACE('',#4316,1.1);
#502=CYLINDRICAL_SURFACE('',#4320,1.1);
#503=CYLINDRICAL_SURFACE('',#4324,1.1);
#504=CYLINDRICAL_SURFACE('',#4328,1.1);
#505=CYLINDRICAL_SURFACE('',#4332,1.1);
#506=CYLINDRICAL_SURFACE('',#4336,1.10000000000001);
#507=CYLINDRICAL_SURFACE('',#4340,1.10000000000001);
#508=CYLINDRICAL_SURFACE('',#4344,1.1);
#509=CYLINDRICAL_SURFACE('',#4348,1.1);
#510=CYLINDRICAL_SURFACE('',#4352,1.10000000000001);
#511=CYLINDRICAL_SURFACE('',#4356,1.1);
#512=CYLINDRICAL_SURFACE('',#4360,1.1);
#513=CYLINDRICAL_SURFACE('',#4364,1.1);
#514=CYLINDRICAL_SURFACE('',#4368,1.1);
#515=CYLINDRICAL_SURFACE('',#4372,1.1);
#516=CYLINDRICAL_SURFACE('',#4376,1.1);
#517=CYLINDRICAL_SURFACE('',#4380,1.1);
#518=CYLINDRICAL_SURFACE('',#4384,1.1);
#519=CYLINDRICAL_SURFACE('',#4388,1.10000000000001);
#520=CYLINDRICAL_SURFACE('',#4392,1.1);
#521=CYLINDRICAL_SURFACE('',#4396,1.1);
#522=CYLINDRICAL_SURFACE('',#4400,1.10000000000001);
#523=CYLINDRICAL_SURFACE('',#4404,1.1);
#524=CYLINDRICAL_SURFACE('',#4408,1.1);
#525=CYLINDRICAL_SURFACE('',#4412,1.1);
#526=CYLINDRICAL_SURFACE('',#4416,1.10000000000001);
#527=CYLINDRICAL_SURFACE('',#4420,1.1);
#528=CYLINDRICAL_SURFACE('',#4424,1.1);
#529=CYLINDRICAL_SURFACE('',#4428,1.1);
#530=CYLINDRICAL_SURFACE('',#4436,0.2);
#531=CYLINDRICAL_SURFACE('',#4442,0.2);
#532=CYLINDRICAL_SURFACE('',#4448,0.2);
#533=CYLINDRICAL_SURFACE('',#4449,11.9999999999984);
#534=CYLINDRICAL_SURFACE('',#4452,19.0000000000002);
#535=CYLINDRICAL_SURFACE('',#4468,0.2);
#536=CYLINDRICAL_SURFACE('',#4473,0.2);
#537=CYLINDRICAL_SURFACE('',#4478,0.2);
#538=CYLINDRICAL_SURFACE('',#4479,11.9999999999972);
#539=CYLINDRICAL_SURFACE('',#4482,19.);
#540=CYLINDRICAL_SURFACE('',#4487,0.2);
#541=CYLINDRICAL_SURFACE('',#4492,0.2);
#542=CYLINDRICAL_SURFACE('',#4497,0.2);
#543=CYLINDRICAL_SURFACE('',#4498,11.9999999999996);
#544=CYLINDRICAL_SURFACE('',#4501,19.0000000000001);
#545=CYLINDRICAL_SURFACE('',#4504,0.2);
#546=CYLINDRICAL_SURFACE('',#4507,0.2);
#547=CYLINDRICAL_SURFACE('',#4510,0.2);
#548=CYLINDRICAL_SURFACE('',#4514,0.2);
#549=CYLINDRICAL_SURFACE('',#4519,0.2);
#550=CYLINDRICAL_SURFACE('',#4527,9.95479827741466);
#551=CYLINDRICAL_SURFACE('',#4530,10.04501125194);
#552=CYLINDRICAL_SURFACE('',#4541,0.2);
#553=CYLINDRICAL_SURFACE('',#4549,0.2);
#554=CYLINDRICAL_SURFACE('',#4555,10.0748526184197);
#555=CYLINDRICAL_SURFACE('',#4560,0.2);
#556=CYLINDRICAL_SURFACE('',#4562,0.2);
#557=CYLINDRICAL_SURFACE('',#4575,10.0063038064247);
#558=CYLINDRICAL_SURFACE('',#4578,9.98595131479955);
#559=CYLINDRICAL_SURFACE('',#4593,22.5000003352763);
#560=CYLINDRICAL_SURFACE('',#4595,22.4999760378119);
#561=CYLINDRICAL_SURFACE('',#4599,0.2);
#562=CYLINDRICAL_SURFACE('',#4602,0.2);
#563=CYLINDRICAL_SURFACE('',#4606,0.2);
#564=CYLINDRICAL_SURFACE('',#4619,22.6715684353419);
#565=CYLINDRICAL_SURFACE('',#4622,10.0483784830258);
#566=CYLINDRICAL_SURFACE('',#4624,10.0063038064247);
#567=CYLINDRICAL_SURFACE('',#4626,22.4999760368555);
#568=CYLINDRICAL_SURFACE('',#4641,22.5000003352763);
#569=CYLINDRICAL_SURFACE('',#4643,29.0000000000002);
#570=CYLINDRICAL_SURFACE('',#4644,22.5000003352761);
#571=CYLINDRICAL_SURFACE('',#4645,22.4999760367757);
#572=CYLINDRICAL_SURFACE('',#4646,29.0000000000002);
#573=CYLINDRICAL_SURFACE('',#4651,29.);
#574=CYLINDRICAL_SURFACE('',#4654,29.);
#575=CYLINDRICAL_SURFACE('',#4656,29.);
#576=CYLINDRICAL_SURFACE('',#4658,29.);
#577=CYLINDRICAL_SURFACE('',#4660,29.);
#578=CYLINDRICAL_SURFACE('',#4661,2.2360680108198);
#579=FACE_OUTER_BOUND('',#839,.T.);
#580=FACE_OUTER_BOUND('',#840,.T.);
#581=FACE_OUTER_BOUND('',#841,.T.);
#582=FACE_OUTER_BOUND('',#842,.T.);
#583=FACE_OUTER_BOUND('',#843,.T.);
#584=FACE_OUTER_BOUND('',#844,.T.);
#585=FACE_OUTER_BOUND('',#845,.T.);
#586=FACE_OUTER_BOUND('',#846,.T.);
#587=FACE_OUTER_BOUND('',#847,.T.);
#588=FACE_OUTER_BOUND('',#848,.T.);
#589=FACE_OUTER_BOUND('',#849,.T.);
#590=FACE_OUTER_BOUND('',#850,.T.);
#591=FACE_OUTER_BOUND('',#851,.T.);
#592=FACE_OUTER_BOUND('',#852,.T.);
#593=FACE_OUTER_BOUND('',#853,.T.);
#594=FACE_OUTER_BOUND('',#854,.T.);
#595=FACE_OUTER_BOUND('',#855,.T.);
#596=FACE_OUTER_BOUND('',#856,.T.);
#597=FACE_OUTER_BOUND('',#857,.T.);
#598=FACE_OUTER_BOUND('',#858,.T.);
#599=FACE_OUTER_BOUND('',#859,.T.);
#600=FACE_OUTER_BOUND('',#860,.T.);
#601=FACE_OUTER_BOUND('',#861,.T.);
#602=FACE_OUTER_BOUND('',#862,.T.);
#603=FACE_OUTER_BOUND('',#863,.T.);
#604=FACE_OUTER_BOUND('',#864,.T.);
#605=FACE_OUTER_BOUND('',#865,.T.);
#606=FACE_OUTER_BOUND('',#866,.T.);
#607=FACE_OUTER_BOUND('',#867,.T.);
#608=FACE_OUTER_BOUND('',#868,.T.);
#609=FACE_OUTER_BOUND('',#869,.T.);
#610=FACE_OUTER_BOUND('',#870,.T.);
#611=FACE_OUTER_BOUND('',#871,.T.);
#612=FACE_OUTER_BOUND('',#872,.T.);
#613=FACE_OUTER_BOUND('',#873,.T.);
#614=FACE_OUTER_BOUND('',#874,.T.);
#615=FACE_OUTER_BOUND('',#875,.T.);
#616=FACE_OUTER_BOUND('',#876,.T.);
#617=FACE_OUTER_BOUND('',#877,.T.);
#618=FACE_OUTER_BOUND('',#878,.T.);
#619=FACE_OUTER_BOUND('',#879,.T.);
#620=FACE_OUTER_BOUND('',#880,.T.);
#621=FACE_OUTER_BOUND('',#881,.T.);
#622=FACE_OUTER_BOUND('',#882,.T.);
#623=FACE_OUTER_BOUND('',#883,.T.);
#624=FACE_OUTER_BOUND('',#884,.T.);
#625=FACE_OUTER_BOUND('',#885,.T.);
#626=FACE_OUTER_BOUND('',#886,.T.);
#627=FACE_OUTER_BOUND('',#887,.T.);
#628=FACE_OUTER_BOUND('',#888,.T.);
#629=FACE_OUTER_BOUND('',#889,.T.);
#630=FACE_OUTER_BOUND('',#890,.T.);
#631=FACE_OUTER_BOUND('',#891,.T.);
#632=FACE_OUTER_BOUND('',#892,.T.);
#633=FACE_OUTER_BOUND('',#893,.T.);
#634=FACE_OUTER_BOUND('',#894,.T.);
#635=FACE_OUTER_BOUND('',#895,.T.);
#636=FACE_OUTER_BOUND('',#896,.T.);
#637=FACE_OUTER_BOUND('',#897,.T.);
#638=FACE_OUTER_BOUND('',#898,.T.);
#639=FACE_OUTER_BOUND('',#899,.T.);
#640=FACE_OUTER_BOUND('',#900,.T.);
#641=FACE_OUTER_BOUND('',#901,.T.);
#642=FACE_OUTER_BOUND('',#902,.T.);
#643=FACE_OUTER_BOUND('',#903,.T.);
#644=FACE_OUTER_BOUND('',#904,.T.);
#645=FACE_OUTER_BOUND('',#905,.T.);
#646=FACE_OUTER_BOUND('',#906,.T.);
#647=FACE_OUTER_BOUND('',#907,.T.);
#648=FACE_OUTER_BOUND('',#908,.T.);
#649=FACE_OUTER_BOUND('',#909,.T.);
#650=FACE_OUTER_BOUND('',#910,.T.);
#651=FACE_OUTER_BOUND('',#911,.T.);
#652=FACE_OUTER_BOUND('',#912,.T.);
#653=FACE_OUTER_BOUND('',#913,.T.);
#654=FACE_OUTER_BOUND('',#914,.T.);
#655=FACE_OUTER_BOUND('',#915,.T.);
#656=FACE_OUTER_BOUND('',#916,.T.);
#657=FACE_OUTER_BOUND('',#917,.T.);
#658=FACE_OUTER_BOUND('',#918,.T.);
#659=FACE_OUTER_BOUND('',#919,.T.);
#660=FACE_OUTER_BOUND('',#920,.T.);
#661=FACE_OUTER_BOUND('',#921,.T.);
#662=FACE_OUTER_BOUND('',#922,.T.);
#663=FACE_OUTER_BOUND('',#923,.T.);
#664=FACE_OUTER_BOUND('',#924,.T.);
#665=FACE_OUTER_BOUND('',#925,.T.);
#666=FACE_OUTER_BOUND('',#926,.T.);
#667=FACE_OUTER_BOUND('',#927,.T.);
#668=FACE_OUTER_BOUND('',#928,.T.);
#669=FACE_OUTER_BOUND('',#929,.T.);
#670=FACE_OUTER_BOUND('',#930,.T.);
#671=FACE_OUTER_BOUND('',#931,.T.);
#672=FACE_OUTER_BOUND('',#932,.T.);
#673=FACE_OUTER_BOUND('',#933,.T.);
#674=FACE_OUTER_BOUND('',#934,.T.);
#675=FACE_OUTER_BOUND('',#935,.T.);
#676=FACE_OUTER_BOUND('',#936,.T.);
#677=FACE_OUTER_BOUND('',#937,.T.);
#678=FACE_OUTER_BOUND('',#938,.T.);
#679=FACE_OUTER_BOUND('',#939,.T.);
#680=FACE_OUTER_BOUND('',#940,.T.);
#681=FACE_OUTER_BOUND('',#941,.T.);
#682=FACE_OUTER_BOUND('',#942,.T.);
#683=FACE_OUTER_BOUND('',#943,.T.);
#684=FACE_OUTER_BOUND('',#944,.T.);
#685=FACE_OUTER_BOUND('',#945,.T.);
#686=FACE_OUTER_BOUND('',#946,.T.);
#687=FACE_OUTER_BOUND('',#947,.T.);
#688=FACE_OUTER_BOUND('',#948,.T.);
#689=FACE_OUTER_BOUND('',#949,.T.);
#690=FACE_OUTER_BOUND('',#950,.T.);
#691=FACE_OUTER_BOUND('',#951,.T.);
#692=FACE_OUTER_BOUND('',#952,.T.);
#693=FACE_OUTER_BOUND('',#953,.T.);
#694=FACE_OUTER_BOUND('',#954,.T.);
#695=FACE_OUTER_BOUND('',#955,.T.);
#696=FACE_OUTER_BOUND('',#956,.T.);
#697=FACE_OUTER_BOUND('',#957,.T.);
#698=FACE_OUTER_BOUND('',#958,.T.);
#699=FACE_OUTER_BOUND('',#959,.T.);
#700=FACE_OUTER_BOUND('',#960,.T.);
#701=FACE_OUTER_BOUND('',#961,.T.);
#702=FACE_OUTER_BOUND('',#962,.T.);
#703=FACE_OUTER_BOUND('',#963,.T.);
#704=FACE_OUTER_BOUND('',#964,.T.);
#705=FACE_OUTER_BOUND('',#965,.T.);
#706=FACE_OUTER_BOUND('',#966,.T.);
#707=FACE_OUTER_BOUND('',#967,.T.);
#708=FACE_OUTER_BOUND('',#968,.T.);
#709=FACE_OUTER_BOUND('',#969,.T.);
#710=FACE_OUTER_BOUND('',#970,.T.);
#711=FACE_OUTER_BOUND('',#971,.T.);
#712=FACE_OUTER_BOUND('',#972,.T.);
#713=FACE_OUTER_BOUND('',#973,.T.);
#714=FACE_OUTER_BOUND('',#974,.T.);
#715=FACE_OUTER_BOUND('',#975,.T.);
#716=FACE_OUTER_BOUND('',#976,.T.);
#717=FACE_OUTER_BOUND('',#977,.T.);
#718=FACE_OUTER_BOUND('',#978,.T.);
#719=FACE_OUTER_BOUND('',#979,.T.);
#720=FACE_OUTER_BOUND('',#980,.T.);
#721=FACE_OUTER_BOUND('',#981,.T.);
#722=FACE_OUTER_BOUND('',#982,.T.);
#723=FACE_OUTER_BOUND('',#983,.T.);
#724=FACE_OUTER_BOUND('',#984,.T.);
#725=FACE_OUTER_BOUND('',#985,.T.);
#726=FACE_OUTER_BOUND('',#986,.T.);
#727=FACE_OUTER_BOUND('',#987,.T.);
#728=FACE_OUTER_BOUND('',#988,.T.);
#729=FACE_OUTER_BOUND('',#1042,.T.);
#730=FACE_OUTER_BOUND('',#1043,.T.);
#731=FACE_OUTER_BOUND('',#1044,.T.);
#732=FACE_OUTER_BOUND('',#1045,.T.);
#733=FACE_OUTER_BOUND('',#1046,.T.);
#734=FACE_OUTER_BOUND('',#1047,.T.);
#735=FACE_OUTER_BOUND('',#1048,.T.);
#736=FACE_OUTER_BOUND('',#1049,.T.);
#737=FACE_OUTER_BOUND('',#1050,.T.);
#738=FACE_OUTER_BOUND('',#1051,.T.);
#739=FACE_OUTER_BOUND('',#1052,.T.);
#740=FACE_OUTER_BOUND('',#1053,.T.);
#741=FACE_OUTER_BOUND('',#1054,.T.);
#742=FACE_OUTER_BOUND('',#1055,.T.);
#743=FACE_OUTER_BOUND('',#1056,.T.);
#744=FACE_OUTER_BOUND('',#1057,.T.);
#745=FACE_OUTER_BOUND('',#1058,.T.);
#746=FACE_OUTER_BOUND('',#1059,.T.);
#747=FACE_OUTER_BOUND('',#1060,.T.);
#748=FACE_OUTER_BOUND('',#1061,.T.);
#749=FACE_OUTER_BOUND('',#1062,.T.);
#750=FACE_OUTER_BOUND('',#1063,.T.);
#751=FACE_OUTER_BOUND('',#1064,.T.);
#752=FACE_OUTER_BOUND('',#1065,.T.);
#753=FACE_OUTER_BOUND('',#1066,.T.);
#754=FACE_OUTER_BOUND('',#1067,.T.);
#755=FACE_OUTER_BOUND('',#1068,.T.);
#756=FACE_OUTER_BOUND('',#1069,.T.);
#757=FACE_OUTER_BOUND('',#1070,.T.);
#758=FACE_OUTER_BOUND('',#1071,.T.);
#759=FACE_OUTER_BOUND('',#1072,.T.);
#760=FACE_OUTER_BOUND('',#1073,.T.);
#761=FACE_OUTER_BOUND('',#1074,.T.);
#762=FACE_OUTER_BOUND('',#1075,.T.);
#763=FACE_OUTER_BOUND('',#1076,.T.);
#764=FACE_OUTER_BOUND('',#1077,.T.);
#765=FACE_OUTER_BOUND('',#1078,.T.);
#766=FACE_OUTER_BOUND('',#1079,.T.);
#767=FACE_OUTER_BOUND('',#1080,.T.);
#768=FACE_OUTER_BOUND('',#1082,.T.);
#769=FACE_OUTER_BOUND('',#1083,.T.);
#770=FACE_OUTER_BOUND('',#1084,.T.);
#771=FACE_OUTER_BOUND('',#1085,.T.);
#772=FACE_OUTER_BOUND('',#1086,.T.);
#773=FACE_OUTER_BOUND('',#1087,.T.);
#774=FACE_OUTER_BOUND('',#1088,.T.);
#775=FACE_OUTER_BOUND('',#1089,.T.);
#776=FACE_OUTER_BOUND('',#1090,.T.);
#777=FACE_OUTER_BOUND('',#1092,.T.);
#778=FACE_OUTER_BOUND('',#1093,.T.);
#779=FACE_OUTER_BOUND('',#1094,.T.);
#780=FACE_OUTER_BOUND('',#1095,.T.);
#781=FACE_OUTER_BOUND('',#1096,.T.);
#782=FACE_OUTER_BOUND('',#1097,.T.);
#783=FACE_OUTER_BOUND('',#1098,.T.);
#784=FACE_OUTER_BOUND('',#1099,.T.);
#785=FACE_OUTER_BOUND('',#1100,.T.);
#786=FACE_OUTER_BOUND('',#1101,.T.);
#787=FACE_OUTER_BOUND('',#1102,.T.);
#788=FACE_OUTER_BOUND('',#1103,.T.);
#789=FACE_OUTER_BOUND('',#1104,.T.);
#790=FACE_OUTER_BOUND('',#1105,.T.);
#791=FACE_OUTER_BOUND('',#1106,.T.);
#792=FACE_OUTER_BOUND('',#1107,.T.);
#793=FACE_OUTER_BOUND('',#1108,.T.);
#794=FACE_OUTER_BOUND('',#1110,.T.);
#795=FACE_OUTER_BOUND('',#1111,.T.);
#796=FACE_OUTER_BOUND('',#1112,.T.);
#797=FACE_OUTER_BOUND('',#1113,.T.);
#798=FACE_OUTER_BOUND('',#1114,.T.);
#799=FACE_OUTER_BOUND('',#1115,.T.);
#800=FACE_OUTER_BOUND('',#1116,.T.);
#801=FACE_OUTER_BOUND('',#1117,.T.);
#802=FACE_OUTER_BOUND('',#1118,.T.);
#803=FACE_OUTER_BOUND('',#1120,.T.);
#804=FACE_OUTER_BOUND('',#1121,.T.);
#805=FACE_OUTER_BOUND('',#1122,.T.);
#806=FACE_OUTER_BOUND('',#1123,.T.);
#807=FACE_OUTER_BOUND('',#1124,.T.);
#808=FACE_OUTER_BOUND('',#1125,.T.);
#809=FACE_OUTER_BOUND('',#1126,.T.);
#810=FACE_OUTER_BOUND('',#1140,.T.);
#811=FACE_OUTER_BOUND('',#1141,.T.);
#812=FACE_OUTER_BOUND('',#1142,.T.);
#813=FACE_OUTER_BOUND('',#1143,.T.);
#814=FACE_OUTER_BOUND('',#1144,.T.);
#815=FACE_OUTER_BOUND('',#1145,.T.);
#816=FACE_OUTER_BOUND('',#1146,.T.);
#817=FACE_OUTER_BOUND('',#1147,.T.);
#818=FACE_OUTER_BOUND('',#1148,.T.);
#819=FACE_OUTER_BOUND('',#1149,.T.);
#820=FACE_OUTER_BOUND('',#1150,.T.);
#821=FACE_OUTER_BOUND('',#1151,.T.);
#822=FACE_OUTER_BOUND('',#1152,.T.);
#823=FACE_OUTER_BOUND('',#1153,.T.);
#824=FACE_OUTER_BOUND('',#1154,.T.);
#825=FACE_OUTER_BOUND('',#1155,.T.);
#826=FACE_OUTER_BOUND('',#1156,.T.);
#827=FACE_OUTER_BOUND('',#1157,.T.);
#828=FACE_OUTER_BOUND('',#1158,.T.);
#829=FACE_OUTER_BOUND('',#1159,.T.);
#830=FACE_OUTER_BOUND('',#1160,.T.);
#831=FACE_OUTER_BOUND('',#1161,.T.);
#832=FACE_OUTER_BOUND('',#1162,.T.);
#833=FACE_OUTER_BOUND('',#1163,.T.);
#834=FACE_OUTER_BOUND('',#1164,.T.);
#835=FACE_OUTER_BOUND('',#1165,.T.);
#836=FACE_OUTER_BOUND('',#1166,.T.);
#837=FACE_OUTER_BOUND('',#1167,.T.);
#838=FACE_OUTER_BOUND('',#1168,.T.);
#839=EDGE_LOOP('',(#2736,#2737,#2738,#2739));
#840=EDGE_LOOP('',(#2740,#2741,#2742,#2743));
#841=EDGE_LOOP('',(#2744,#2745,#2746,#2747));
#842=EDGE_LOOP('',(#2748,#2749,#2750,#2751));
#843=EDGE_LOOP('',(#2752,#2753,#2754,#2755));
#844=EDGE_LOOP('',(#2756,#2757,#2758,#2759));
#845=EDGE_LOOP('',(#2760,#2761,#2762,#2763));
#846=EDGE_LOOP('',(#2764,#2765,#2766,#2767));
#847=EDGE_LOOP('',(#2768,#2769,#2770,#2771));
#848=EDGE_LOOP('',(#2772,#2773,#2774,#2775));
#849=EDGE_LOOP('',(#2776,#2777,#2778,#2779));
#850=EDGE_LOOP('',(#2780,#2781,#2782,#2783));
#851=EDGE_LOOP('',(#2784,#2785,#2786,#2787));
#852=EDGE_LOOP('',(#2788,#2789,#2790,#2791));
#853=EDGE_LOOP('',(#2792,#2793,#2794,#2795));
#854=EDGE_LOOP('',(#2796,#2797,#2798,#2799));
#855=EDGE_LOOP('',(#2800,#2801,#2802,#2803));
#856=EDGE_LOOP('',(#2804,#2805,#2806,#2807));
#857=EDGE_LOOP('',(#2808,#2809,#2810,#2811));
#858=EDGE_LOOP('',(#2812,#2813,#2814,#2815));
#859=EDGE_LOOP('',(#2816,#2817,#2818,#2819));
#860=EDGE_LOOP('',(#2820,#2821,#2822,#2823));
#861=EDGE_LOOP('',(#2824,#2825,#2826,#2827));
#862=EDGE_LOOP('',(#2828,#2829,#2830,#2831));
#863=EDGE_LOOP('',(#2832,#2833,#2834,#2835));
#864=EDGE_LOOP('',(#2836,#2837,#2838,#2839));
#865=EDGE_LOOP('',(#2840,#2841,#2842,#2843));
#866=EDGE_LOOP('',(#2844,#2845,#2846,#2847));
#867=EDGE_LOOP('',(#2848,#2849,#2850,#2851));
#868=EDGE_LOOP('',(#2852,#2853,#2854,#2855));
#869=EDGE_LOOP('',(#2856,#2857,#2858,#2859));
#870=EDGE_LOOP('',(#2860,#2861,#2862,#2863));
#871=EDGE_LOOP('',(#2864,#2865,#2866,#2867));
#872=EDGE_LOOP('',(#2868,#2869,#2870,#2871));
#873=EDGE_LOOP('',(#2872,#2873,#2874,#2875));
#874=EDGE_LOOP('',(#2876,#2877,#2878,#2879));
#875=EDGE_LOOP('',(#2880,#2881,#2882,#2883));
#876=EDGE_LOOP('',(#2884,#2885,#2886,#2887));
#877=EDGE_LOOP('',(#2888,#2889,#2890,#2891));
#878=EDGE_LOOP('',(#2892,#2893,#2894,#2895));
#879=EDGE_LOOP('',(#2896,#2897,#2898,#2899));
#880=EDGE_LOOP('',(#2900,#2901,#2902,#2903));
#881=EDGE_LOOP('',(#2904,#2905,#2906,#2907));
#882=EDGE_LOOP('',(#2908,#2909,#2910,#2911));
#883=EDGE_LOOP('',(#2912,#2913,#2914,#2915));
#884=EDGE_LOOP('',(#2916,#2917,#2918,#2919));
#885=EDGE_LOOP('',(#2920,#2921,#2922,#2923));
#886=EDGE_LOOP('',(#2924,#2925,#2926,#2927));
#887=EDGE_LOOP('',(#2928,#2929,#2930,#2931));
#888=EDGE_LOOP('',(#2932,#2933,#2934,#2935));
#889=EDGE_LOOP('',(#2936,#2937,#2938,#2939));
#890=EDGE_LOOP('',(#2940,#2941,#2942,#2943));
#891=EDGE_LOOP('',(#2944,#2945,#2946,#2947));
#892=EDGE_LOOP('',(#2948,#2949,#2950,#2951));
#893=EDGE_LOOP('',(#2952,#2953,#2954,#2955));
#894=EDGE_LOOP('',(#2956,#2957,#2958,#2959));
#895=EDGE_LOOP('',(#2960,#2961,#2962,#2963));
#896=EDGE_LOOP('',(#2964,#2965,#2966,#2967));
#897=EDGE_LOOP('',(#2968,#2969,#2970,#2971));
#898=EDGE_LOOP('',(#2972,#2973,#2974,#2975));
#899=EDGE_LOOP('',(#2976,#2977,#2978,#2979));
#900=EDGE_LOOP('',(#2980));
#901=EDGE_LOOP('',(#2981,#2982,#2983,#2984));
#902=EDGE_LOOP('',(#2985));
#903=EDGE_LOOP('',(#2986,#2987,#2988,#2989));
#904=EDGE_LOOP('',(#2990));
#905=EDGE_LOOP('',(#2991,#2992,#2993,#2994));
#906=EDGE_LOOP('',(#2995));
#907=EDGE_LOOP('',(#2996,#2997,#2998,#2999));
#908=EDGE_LOOP('',(#3000));
#909=EDGE_LOOP('',(#3001,#3002,#3003,#3004));
#910=EDGE_LOOP('',(#3005));
#911=EDGE_LOOP('',(#3006,#3007,#3008,#3009));
#912=EDGE_LOOP('',(#3010));
#913=EDGE_LOOP('',(#3011,#3012,#3013,#3014));
#914=EDGE_LOOP('',(#3015));
#915=EDGE_LOOP('',(#3016,#3017,#3018,#3019));
#916=EDGE_LOOP('',(#3020));
#917=EDGE_LOOP('',(#3021,#3022,#3023,#3024));
#918=EDGE_LOOP('',(#3025));
#919=EDGE_LOOP('',(#3026,#3027,#3028,#3029));
#920=EDGE_LOOP('',(#3030));
#921=EDGE_LOOP('',(#3031,#3032,#3033,#3034));
#922=EDGE_LOOP('',(#3035));
#923=EDGE_LOOP('',(#3036,#3037,#3038,#3039));
#924=EDGE_LOOP('',(#3040));
#925=EDGE_LOOP('',(#3041,#3042,#3043,#3044));
#926=EDGE_LOOP('',(#3045));
#927=EDGE_LOOP('',(#3046,#3047,#3048,#3049));
#928=EDGE_LOOP('',(#3050));
#929=EDGE_LOOP('',(#3051,#3052,#3053,#3054));
#930=EDGE_LOOP('',(#3055));
#931=EDGE_LOOP('',(#3056,#3057,#3058,#3059));
#932=EDGE_LOOP('',(#3060));
#933=EDGE_LOOP('',(#3061,#3062,#3063,#3064));
#934=EDGE_LOOP('',(#3065));
#935=EDGE_LOOP('',(#3066,#3067,#3068,#3069));
#936=EDGE_LOOP('',(#3070));
#937=EDGE_LOOP('',(#3071,#3072,#3073,#3074));
#938=EDGE_LOOP('',(#3075));
#939=EDGE_LOOP('',(#3076,#3077,#3078,#3079));
#940=EDGE_LOOP('',(#3080));
#941=EDGE_LOOP('',(#3081,#3082,#3083,#3084));
#942=EDGE_LOOP('',(#3085));
#943=EDGE_LOOP('',(#3086,#3087,#3088,#3089));
#944=EDGE_LOOP('',(#3090));
#945=EDGE_LOOP('',(#3091,#3092,#3093,#3094));
#946=EDGE_LOOP('',(#3095));
#947=EDGE_LOOP('',(#3096,#3097,#3098,#3099));
#948=EDGE_LOOP('',(#3100));
#949=EDGE_LOOP('',(#3101,#3102,#3103,#3104));
#950=EDGE_LOOP('',(#3105));
#951=EDGE_LOOP('',(#3106,#3107,#3108,#3109));
#952=EDGE_LOOP('',(#3110));
#953=EDGE_LOOP('',(#3111,#3112,#3113,#3114));
#954=EDGE_LOOP('',(#3115));
#955=EDGE_LOOP('',(#3116,#3117,#3118,#3119));
#956=EDGE_LOOP('',(#3120));
#957=EDGE_LOOP('',(#3121,#3122,#3123,#3124));
#958=EDGE_LOOP('',(#3125));
#959=EDGE_LOOP('',(#3126,#3127,#3128,#3129));
#960=EDGE_LOOP('',(#3130));
#961=EDGE_LOOP('',(#3131,#3132,#3133,#3134));
#962=EDGE_LOOP('',(#3135));
#963=EDGE_LOOP('',(#3136,#3137,#3138,#3139));
#964=EDGE_LOOP('',(#3140));
#965=EDGE_LOOP('',(#3141,#3142,#3143,#3144));
#966=EDGE_LOOP('',(#3145));
#967=EDGE_LOOP('',(#3146,#3147,#3148,#3149));
#968=EDGE_LOOP('',(#3150));
#969=EDGE_LOOP('',(#3151,#3152,#3153,#3154));
#970=EDGE_LOOP('',(#3155));
#971=EDGE_LOOP('',(#3156,#3157,#3158,#3159));
#972=EDGE_LOOP('',(#3160));
#973=EDGE_LOOP('',(#3161,#3162,#3163,#3164));
#974=EDGE_LOOP('',(#3165));
#975=EDGE_LOOP('',(#3166,#3167,#3168,#3169));
#976=EDGE_LOOP('',(#3170));
#977=EDGE_LOOP('',(#3171,#3172,#3173,#3174));
#978=EDGE_LOOP('',(#3175));
#979=EDGE_LOOP('',(#3176,#3177,#3178,#3179));
#980=EDGE_LOOP('',(#3180,#3181,#3182,#3183));
#981=EDGE_LOOP('',(#3184,#3185,#3186,#3187));
#982=EDGE_LOOP('',(#3188,#3189,#3190,#3191));
#983=EDGE_LOOP('',(#3192,#3193,#3194,#3195));
#984=EDGE_LOOP('',(#3196,#3197,#3198,#3199));
#985=EDGE_LOOP('',(#3200,#3201,#3202,#3203));
#986=EDGE_LOOP('',(#3204,#3205,#3206,#3207));
#987=EDGE_LOOP('',(#3208,#3209,#3210,#3211));
#988=EDGE_LOOP('',(#3212,#3213,#3214,#3215,#3216,#3217,#3218,#3219));
#989=EDGE_LOOP('',(#3220,#3221,#3222,#3223,#3224,#3225,#3226,#3227,#3228,
#3229,#3230,#3231,#3232,#3233,#3234,#3235,#3236,#3237,#3238,#3239,#3240,
#3241,#3242,#3243));
#990=EDGE_LOOP('',(#3244));
#991=EDGE_LOOP('',(#3245));
#992=EDGE_LOOP('',(#3246));
#993=EDGE_LOOP('',(#3247));
#994=EDGE_LOOP('',(#3248));
#995=EDGE_LOOP('',(#3249));
#996=EDGE_LOOP('',(#3250));
#997=EDGE_LOOP('',(#3251));
#998=EDGE_LOOP('',(#3252));
#999=EDGE_LOOP('',(#3253));
#1000=EDGE_LOOP('',(#3254));
#1001=EDGE_LOOP('',(#3255));
#1002=EDGE_LOOP('',(#3256));
#1003=EDGE_LOOP('',(#3257));
#1004=EDGE_LOOP('',(#3258));
#1005=EDGE_LOOP('',(#3259));
#1006=EDGE_LOOP('',(#3260));
#1007=EDGE_LOOP('',(#3261));
#1008=EDGE_LOOP('',(#3262));
#1009=EDGE_LOOP('',(#3263));
#1010=EDGE_LOOP('',(#3264,#3265,#3266,#3267,#3268,#3269));
#1011=EDGE_LOOP('',(#3270,#3271,#3272,#3273,#3274,#3275));
#1012=EDGE_LOOP('',(#3276,#3277,#3278,#3279,#3280,#3281));
#1013=EDGE_LOOP('',(#3282,#3283,#3284,#3285,#3286,#3287));
#1014=EDGE_LOOP('',(#3288));
#1015=EDGE_LOOP('',(#3289));
#1016=EDGE_LOOP('',(#3290));
#1017=EDGE_LOOP('',(#3291));
#1018=EDGE_LOOP('',(#3292));
#1019=EDGE_LOOP('',(#3293));
#1020=EDGE_LOOP('',(#3294));
#1021=EDGE_LOOP('',(#3295));
#1022=EDGE_LOOP('',(#3296));
#1023=EDGE_LOOP('',(#3297));
#1024=EDGE_LOOP('',(#3298));
#1025=EDGE_LOOP('',(#3299));
#1026=EDGE_LOOP('',(#3300));
#1027=EDGE_LOOP('',(#3301));
#1028=EDGE_LOOP('',(#3302));
#1029=EDGE_LOOP('',(#3303));
#1030=EDGE_LOOP('',(#3304));
#1031=EDGE_LOOP('',(#3305));
#1032=EDGE_LOOP('',(#3306));
#1033=EDGE_LOOP('',(#3307));
#1034=EDGE_LOOP('',(#3308,#3309,#3310,#3311,#3312));
#1035=EDGE_LOOP('',(#3313,#3314,#3315,#3316,#3317));
#1036=EDGE_LOOP('',(#3318,#3319,#3320,#3321,#3322));
#1037=EDGE_LOOP('',(#3323,#3324,#3325,#3326,#3327));
#1038=EDGE_LOOP('',(#3328,#3329,#3330,#3331));
#1039=EDGE_LOOP('',(#3332,#3333,#3334,#3335));
#1040=EDGE_LOOP('',(#3336,#3337,#3338,#3339));
#1041=EDGE_LOOP('',(#3340,#3341,#3342,#3343));
#1042=EDGE_LOOP('',(#3344,#3345,#3346,#3347));
#1043=EDGE_LOOP('',(#3348,#3349,#3350,#3351));
#1044=EDGE_LOOP('',(#3352,#3353,#3354,#3355));
#1045=EDGE_LOOP('',(#3356,#3357,#3358,#3359));
#1046=EDGE_LOOP('',(#3360,#3361,#3362,#3363));
#1047=EDGE_LOOP('',(#3364,#3365,#3366,#3367));
#1048=EDGE_LOOP('',(#3368,#3369,#3370,#3371));
#1049=EDGE_LOOP('',(#3372,#3373,#3374,#3375));
#1050=EDGE_LOOP('',(#3376,#3377,#3378,#3379));
#1051=EDGE_LOOP('',(#3380,#3381,#3382,#3383));
#1052=EDGE_LOOP('',(#3384,#3385,#3386,#3387));
#1053=EDGE_LOOP('',(#3388,#3389,#3390,#3391));
#1054=EDGE_LOOP('',(#3392,#3393,#3394,#3395));
#1055=EDGE_LOOP('',(#3396,#3397,#3398,#3399));
#1056=EDGE_LOOP('',(#3400,#3401,#3402,#3403));
#1057=EDGE_LOOP('',(#3404,#3405,#3406,#3407));
#1058=EDGE_LOOP('',(#3408,#3409,#3410,#3411));
#1059=EDGE_LOOP('',(#3412,#3413,#3414,#3415));
#1060=EDGE_LOOP('',(#3416,#3417,#3418,#3419));
#1061=EDGE_LOOP('',(#3420,#3421,#3422,#3423));
#1062=EDGE_LOOP('',(#3424,#3425,#3426,#3427));
#1063=EDGE_LOOP('',(#3428,#3429,#3430,#3431));
#1064=EDGE_LOOP('',(#3432,#3433,#3434,#3435));
#1065=EDGE_LOOP('',(#3436,#3437,#3438,#3439));
#1066=EDGE_LOOP('',(#3440,#3441,#3442,#3443));
#1067=EDGE_LOOP('',(#3444,#3445,#3446,#3447));
#1068=EDGE_LOOP('',(#3448,#3449,#3450,#3451));
#1069=EDGE_LOOP('',(#3452,#3453,#3454,#3455));
#1070=EDGE_LOOP('',(#3456,#3457,#3458,#3459,#3460,#3461));
#1071=EDGE_LOOP('',(#3462,#3463,#3464,#3465));
#1072=EDGE_LOOP('',(#3466,#3467,#3468,#3469));
#1073=EDGE_LOOP('',(#3470,#3471,#3472));
#1074=EDGE_LOOP('',(#3473,#3474,#3475,#3476));
#1075=EDGE_LOOP('',(#3477,#3478,#3479,#3480));
#1076=EDGE_LOOP('',(#3481,#3482,#3483,#3484));
#1077=EDGE_LOOP('',(#3485,#3486,#3487,#3488));
#1078=EDGE_LOOP('',(#3489,#3490,#3491,#3492,#3493));
#1079=EDGE_LOOP('',(#3494,#3495,#3496,#3497));
#1080=EDGE_LOOP('',(#3498,#3499,#3500,#3501,#3502,#3503));
#1081=EDGE_LOOP('',(#3504,#3505,#3506,#3507,#3508));
#1082=EDGE_LOOP('',(#3509,#3510,#3511,#3512));
#1083=EDGE_LOOP('',(#3513,#3514,#3515,#3516));
#1084=EDGE_LOOP('',(#3517,#3518,#3519,#3520));
#1085=EDGE_LOOP('',(#3521,#3522,#3523,#3524));
#1086=EDGE_LOOP('',(#3525,#3526,#3527,#3528));
#1087=EDGE_LOOP('',(#3529,#3530,#3531,#3532));
#1088=EDGE_LOOP('',(#3533,#3534,#3535,#3536));
#1089=EDGE_LOOP('',(#3537,#3538,#3539,#3540));
#1090=EDGE_LOOP('',(#3541,#3542,#3543,#3544,#3545,#3546));
#1091=EDGE_LOOP('',(#3547,#3548,#3549,#3550,#3551));
#1092=EDGE_LOOP('',(#3552,#3553,#3554,#3555));
#1093=EDGE_LOOP('',(#3556,#3557,#3558,#3559));
#1094=EDGE_LOOP('',(#3560,#3561,#3562,#3563));
#1095=EDGE_LOOP('',(#3564,#3565,#3566,#3567,#3568,#3569));
#1096=EDGE_LOOP('',(#3570,#3571,#3572,#3573,#3574));
#1097=EDGE_LOOP('',(#3575,#3576,#3577));
#1098=EDGE_LOOP('',(#3578,#3579,#3580,#3581));
#1099=EDGE_LOOP('',(#3582,#3583,#3584,#3585));
#1100=EDGE_LOOP('',(#3586,#3587,#3588,#3589));
#1101=EDGE_LOOP('',(#3590,#3591,#3592,#3593,#3594,#3595));
#1102=EDGE_LOOP('',(#3596,#3597,#3598,#3599,#3600,#3601));
#1103=EDGE_LOOP('',(#3602,#3603,#3604,#3605,#3606,#3607,#3608));
#1104=EDGE_LOOP('',(#3609,#3610,#3611,#3612));
#1105=EDGE_LOOP('',(#3613,#3614,#3615));
#1106=EDGE_LOOP('',(#3616,#3617,#3618,#3619,#3620,#3621));
#1107=EDGE_LOOP('',(#3622,#3623,#3624,#3625));
#1108=EDGE_LOOP('',(#3626,#3627,#3628,#3629,#3630,#3631));
#1109=EDGE_LOOP('',(#3632,#3633,#3634,#3635,#3636));
#1110=EDGE_LOOP('',(#3637,#3638,#3639,#3640));
#1111=EDGE_LOOP('',(#3641,#3642,#3643,#3644));
#1112=EDGE_LOOP('',(#3645,#3646,#3647,#3648));
#1113=EDGE_LOOP('',(#3649,#3650,#3651,#3652));
#1114=EDGE_LOOP('',(#3653,#3654,#3655,#3656));
#1115=EDGE_LOOP('',(#3657,#3658,#3659));
#1116=EDGE_LOOP('',(#3660,#3661,#3662,#3663));
#1117=EDGE_LOOP('',(#3664,#3665,#3666));
#1118=EDGE_LOOP('',(#3667,#3668,#3669,#3670,#3671,#3672));
#1119=EDGE_LOOP('',(#3673,#3674,#3675,#3676,#3677));
#1120=EDGE_LOOP('',(#3678,#3679,#3680,#3681));
#1121=EDGE_LOOP('',(#3682,#3683,#3684,#3685));
#1122=EDGE_LOOP('',(#3686,#3687,#3688,#3689));
#1123=EDGE_LOOP('',(#3690,#3691,#3692,#3693));
#1124=EDGE_LOOP('',(#3694,#3695,#3696,#3697,#3698));
#1125=EDGE_LOOP('',(#3699,#3700,#3701,#3702));
#1126=EDGE_LOOP('',(#3703,#3704,#3705,#3706,#3707,#3708,#3709,#3710));
#1127=EDGE_LOOP('',(#3711,#3712,#3713,#3714,#3715));
#1128=EDGE_LOOP('',(#3716,#3717,#3718,#3719,#3720,#3721,#3722));
#1129=EDGE_LOOP('',(#3723,#3724,#3725,#3726,#3727));
#1130=EDGE_LOOP('',(#3728,#3729,#3730,#3731,#3732,#3733));
#1131=EDGE_LOOP('',(#3734,#3735,#3736,#3737,#3738,#3739,#3740,#3741));
#1132=EDGE_LOOP('',(#3742,#3743,#3744,#3745,#3746));
#1133=EDGE_LOOP('',(#3747,#3748,#3749,#3750,#3751));
#1134=EDGE_LOOP('',(#3752,#3753,#3754,#3755,#3756));
#1135=EDGE_LOOP('',(#3757,#3758,#3759,#3760,#3761,#3762,#3763,#3764,#3765,
#3766,#3767,#3768,#3769,#3770,#3771,#3772,#3773,#3774,#3775,#3776,#3777,
#3778,#3779,#3780));
#1136=EDGE_LOOP('',(#3781,#3782,#3783,#3784));
#1137=EDGE_LOOP('',(#3785,#3786,#3787,#3788));
#1138=EDGE_LOOP('',(#3789,#3790,#3791,#3792));
#1139=EDGE_LOOP('',(#3793,#3794,#3795,#3796));
#1140=EDGE_LOOP('',(#3797,#3798,#3799,#3800));
#1141=EDGE_LOOP('',(#3801,#3802,#3803,#3804));
#1142=EDGE_LOOP('',(#3805,#3806,#3807,#3808));
#1143=EDGE_LOOP('',(#3809,#3810,#3811,#3812));
#1144=EDGE_LOOP('',(#3813,#3814,#3815,#3816));
#1145=EDGE_LOOP('',(#3817,#3818,#3819,#3820));
#1146=EDGE_LOOP('',(#3821,#3822,#3823,#3824,#3825));
#1147=EDGE_LOOP('',(#3826,#3827,#3828,#3829));
#1148=EDGE_LOOP('',(#3830,#3831,#3832,#3833));
#1149=EDGE_LOOP('',(#3834,#3835,#3836,#3837));
#1150=EDGE_LOOP('',(#3838,#3839,#3840,#3841));
#1151=EDGE_LOOP('',(#3842,#3843,#3844,#3845));
#1152=EDGE_LOOP('',(#3846,#3847,#3848,#3849));
#1153=EDGE_LOOP('',(#3850,#3851,#3852,#3853));
#1154=EDGE_LOOP('',(#3854,#3855,#3856,#3857));
#1155=EDGE_LOOP('',(#3858,#3859,#3860,#3861));
#1156=EDGE_LOOP('',(#3862,#3863,#3864,#3865));
#1157=EDGE_LOOP('',(#3866,#3867,#3868,#3869));
#1158=EDGE_LOOP('',(#3870,#3871,#3872,#3873));
#1159=EDGE_LOOP('',(#3874,#3875,#3876,#3877));
#1160=EDGE_LOOP('',(#3878,#3879,#3880,#3881));
#1161=EDGE_LOOP('',(#3882,#3883,#3884,#3885));
#1162=EDGE_LOOP('',(#3886,#3887,#3888,#3889));
#1163=EDGE_LOOP('',(#3890,#3891,#3892,#3893));
#1164=EDGE_LOOP('',(#3894,#3895,#3896,#3897));
#1165=EDGE_LOOP('',(#3898,#3899,#3900,#3901));
#1166=EDGE_LOOP('',(#3902,#3903,#3904,#3905));
#1167=EDGE_LOOP('',(#3906));
#1168=EDGE_LOOP('',(#3907));
#1169=LINE('',#5892,#1442);
#1170=LINE('',#5901,#1443);
#1171=LINE('',#5925,#1444);
#1172=LINE('',#5956,#1445);
#1173=LINE('',#5972,#1446);
#1174=LINE('',#5975,#1447);
#1175=LINE('',#5999,#1448);
#1176=LINE('',#6011,#1449);
#1177=LINE('',#6065,#1450);
#1178=LINE('',#6074,#1451);
#1179=LINE('',#6089,#1452);
#1180=LINE('',#6117,#1453);
#1181=LINE('',#6152,#1454);
#1182=LINE('',#6161,#1455);
#1183=LINE('',#6166,#1456);
#1184=LINE('',#6191,#1457);
#1185=LINE('',#6229,#1458);
#1186=LINE('',#6239,#1459);
#1187=LINE('',#6267,#1460);
#1188=LINE('',#6277,#1461);
#1189=LINE('',#6280,#1462);
#1190=LINE('',#6282,#1463);
#1191=LINE('',#6283,#1464);
#1192=LINE('',#6288,#1465);
#1193=LINE('',#6294,#1466);
#1194=LINE('',#6300,#1467);
#1195=LINE('',#6329,#1468);
#1196=LINE('',#6339,#1469);
#1197=LINE('',#6367,#1470);
#1198=LINE('',#6377,#1471);
#1199=LINE('',#6380,#1472);
#1200=LINE('',#6382,#1473);
#1201=LINE('',#6383,#1474);
#1202=LINE('',#6388,#1475);
#1203=LINE('',#6394,#1476);
#1204=LINE('',#6400,#1477);
#1205=LINE('',#6429,#1478);
#1206=LINE('',#6439,#1479);
#1207=LINE('',#6467,#1480);
#1208=LINE('',#6477,#1481);
#1209=LINE('',#6480,#1482);
#1210=LINE('',#6482,#1483);
#1211=LINE('',#6483,#1484);
#1212=LINE('',#6513,#1485);
#1213=LINE('',#6525,#1486);
#1214=LINE('',#6531,#1487);
#1215=LINE('',#6560,#1488);
#1216=LINE('',#6570,#1489);
#1217=LINE('',#6598,#1490);
#1218=LINE('',#6608,#1491);
#1219=LINE('',#6611,#1492);
#1220=LINE('',#6613,#1493);
#1221=LINE('',#6614,#1494);
#1222=LINE('',#6619,#1495);
#1223=LINE('',#6665,#1496);
#1224=LINE('',#6717,#1497);
#1225=LINE('',#6728,#1498);
#1226=LINE('',#6729,#1499);
#1227=LINE('',#6730,#1500);
#1228=LINE('',#6734,#1501);
#1229=LINE('',#6735,#1502);
#1230=LINE('',#6736,#1503);
#1231=LINE('',#6740,#1504);
#1232=LINE('',#6741,#1505);
#1233=LINE('',#6742,#1506);
#1234=LINE('',#6745,#1507);
#1235=LINE('',#6747,#1508);
#1236=LINE('',#6748,#1509);
#1237=LINE('',#6751,#1510);
#1238=LINE('',#6753,#1511);
#1239=LINE('',#6754,#1512);
#1240=LINE('',#6757,#1513);
#1241=LINE('',#6759,#1514);
#1242=LINE('',#6760,#1515);
#1243=LINE('',#6762,#1516);
#1244=LINE('',#6763,#1517);
#1245=LINE('',#6767,#1518);
#1246=LINE('',#6768,#1519);
#1247=LINE('',#6769,#1520);
#1248=LINE('',#6772,#1521);
#1249=LINE('',#6774,#1522);
#1250=LINE('',#6775,#1523);
#1251=LINE('',#6777,#1524);
#1252=LINE('',#6778,#1525);
#1253=LINE('',#6780,#1526);
#1254=LINE('',#6781,#1527);
#1255=LINE('',#6783,#1528);
#1256=LINE('',#6784,#1529);
#1257=LINE('',#6787,#1530);
#1258=LINE('',#6789,#1531);
#1259=LINE('',#6790,#1532);
#1260=LINE('',#6792,#1533);
#1261=LINE('',#6793,#1534);
#1262=LINE('',#6796,#1535);
#1263=LINE('',#6798,#1536);
#1264=LINE('',#6799,#1537);
#1265=LINE('',#6801,#1538);
#1266=LINE('',#6802,#1539);
#1267=LINE('',#6805,#1540);
#1268=LINE('',#6807,#1541);
#1269=LINE('',#6808,#1542);
#1270=LINE('',#6810,#1543);
#1271=LINE('',#6811,#1544);
#1272=LINE('',#6814,#1545);
#1273=LINE('',#6816,#1546);
#1274=LINE('',#6817,#1547);
#1275=LINE('',#6819,#1548);
#1276=LINE('',#6820,#1549);
#1277=LINE('',#6825,#1550);
#1278=LINE('',#6832,#1551);
#1279=LINE('',#6839,#1552);
#1280=LINE('',#6846,#1553);
#1281=LINE('',#6853,#1554);
#1282=LINE('',#6860,#1555);
#1283=LINE('',#6867,#1556);
#1284=LINE('',#6874,#1557);
#1285=LINE('',#6881,#1558);
#1286=LINE('',#6888,#1559);
#1287=LINE('',#6895,#1560);
#1288=LINE('',#6902,#1561);
#1289=LINE('',#6909,#1562);
#1290=LINE('',#6916,#1563);
#1291=LINE('',#6923,#1564);
#1292=LINE('',#6930,#1565);
#1293=LINE('',#6937,#1566);
#1294=LINE('',#6944,#1567);
#1295=LINE('',#6951,#1568);
#1296=LINE('',#6958,#1569);
#1297=LINE('',#6965,#1570);
#1298=LINE('',#6972,#1571);
#1299=LINE('',#6979,#1572);
#1300=LINE('',#6986,#1573);
#1301=LINE('',#6993,#1574);
#1302=LINE('',#7000,#1575);
#1303=LINE('',#7007,#1576);
#1304=LINE('',#7014,#1577);
#1305=LINE('',#7021,#1578);
#1306=LINE('',#7028,#1579);
#1307=LINE('',#7035,#1580);
#1308=LINE('',#7042,#1581);
#1309=LINE('',#7049,#1582);
#1310=LINE('',#7056,#1583);
#1311=LINE('',#7063,#1584);
#1312=LINE('',#7070,#1585);
#1313=LINE('',#7077,#1586);
#1314=LINE('',#7084,#1587);
#1315=LINE('',#7091,#1588);
#1316=LINE('',#7098,#1589);
#1317=LINE('',#7125,#1590);
#1318=LINE('',#7126,#1591);
#1319=LINE('',#7137,#1592);
#1320=LINE('',#7138,#1593);
#1321=LINE('',#7146,#1594);
#1322=LINE('',#7147,#1595);
#1323=LINE('',#7150,#1596);
#1324=LINE('',#7153,#1597);
#1325=LINE('',#7156,#1598);
#1326=LINE('',#7157,#1599);
#1327=LINE('',#7160,#1600);
#1328=LINE('',#7167,#1601);
#1329=LINE('',#7171,#1602);
#1330=LINE('',#7175,#1603);
#1331=LINE('',#7178,#1604);
#1332=LINE('',#7183,#1605);
#1333=LINE('',#7187,#1606);
#1334=LINE('',#7190,#1607);
#1335=LINE('',#7300,#1608);
#1336=LINE('',#7307,#1609);
#1337=LINE('',#7319,#1610);
#1338=LINE('',#7324,#1611);
#1339=LINE('',#7328,#1612);
#1340=LINE('',#7331,#1613);
#1341=LINE('',#7352,#1614);
#1342=LINE('',#7360,#1615);
#1343=LINE('',#7366,#1616);
#1344=LINE('',#7369,#1617);
#1345=LINE('',#7372,#1618);
#1346=LINE('',#7375,#1619);
#1347=LINE('',#7376,#1620);
#1348=LINE('',#7379,#1621);
#1349=LINE('',#7401,#1622);
#1350=LINE('',#7409,#1623);
#1351=LINE('',#7415,#1624);
#1352=LINE('',#7418,#1625);
#1353=LINE('',#7421,#1626);
#1354=LINE('',#7424,#1627);
#1355=LINE('',#7425,#1628);
#1356=LINE('',#7428,#1629);
#1357=LINE('',#7515,#1630);
#1358=LINE('',#7545,#1631);
#1359=LINE('',#7609,#1632);
#1360=LINE('',#7617,#1633);
#1361=LINE('',#7620,#1634);
#1362=LINE('',#7623,#1635);
#1363=LINE('',#7624,#1636);
#1364=LINE('',#7636,#1637);
#1365=LINE('',#7667,#1638);
#1366=LINE('',#7670,#1639);
#1367=LINE('',#7722,#1640);
#1368=LINE('',#7725,#1641);
#1369=LINE('',#7735,#1642);
#1370=LINE('',#7738,#1643);
#1371=LINE('',#7741,#1644);
#1372=LINE('',#7742,#1645);
#1373=LINE('',#7745,#1646);
#1374=LINE('',#7749,#1647);
#1375=LINE('',#7750,#1648);
#1376=LINE('',#7762,#1649);
#1377=LINE('',#7763,#1650);
#1378=LINE('',#7793,#1651);
#1379=LINE('',#7811,#1652);
#1380=LINE('',#7841,#1653);
#1381=LINE('',#7842,#1654);
#1382=LINE('',#7848,#1655);
#1383=LINE('',#7850,#1656);
#1384=LINE('',#7851,#1657);
#1385=LINE('',#7854,#1658);
#1386=LINE('',#7858,#1659);
#1387=LINE('',#7859,#1660);
#1388=LINE('',#7862,#1661);
#1389=LINE('',#7865,#1662);
#1390=LINE('',#7895,#1663);
#1391=LINE('',#7898,#1664);
#1392=LINE('',#7904,#1665);
#1393=LINE('',#7907,#1666);
#1394=LINE('',#8016,#1667);
#1395=LINE('',#8019,#1668);
#1396=LINE('',#8022,#1669);
#1397=LINE('',#8023,#1670);
#1398=LINE('',#8026,#1671);
#1399=LINE('',#8039,#1672);
#1400=LINE('',#8040,#1673);
#1401=LINE('',#8080,#1674);
#1402=LINE('',#8083,#1675);
#1403=LINE('',#8088,#1676);
#1404=LINE('',#8091,#1677);
#1405=LINE('',#8097,#1678);
#1406=LINE('',#8100,#1679);
#1407=LINE('',#8105,#1680);
#1408=LINE('',#8108,#1681);
#1409=LINE('',#8186,#1682);
#1410=LINE('',#8187,#1683);
#1411=LINE('',#8308,#1684);
#1412=LINE('',#8309,#1685);
#1413=LINE('',#8326,#1686);
#1414=LINE('',#8331,#1687);
#1415=LINE('',#8334,#1688);
#1416=LINE('',#8339,#1689);
#1417=LINE('',#8345,#1690);
#1418=LINE('',#8349,#1691);
#1419=LINE('',#8353,#1692);
#1420=LINE('',#8356,#1693);
#1421=LINE('',#8358,#1694);
#1422=LINE('',#8361,#1695);
#1423=LINE('',#8366,#1696);
#1424=LINE('',#8368,#1697);
#1425=LINE('',#8380,#1698);
#1426=LINE('',#8395,#1699);
#1427=LINE('',#8399,#1700);
#1428=LINE('',#8401,#1701);
#1429=LINE('',#8405,#1702);
#1430=LINE('',#8406,#1703);
#1431=LINE('',#8410,#1704);
#1432=LINE('',#8412,#1705);
#1433=LINE('',#8416,#1706);
#1434=LINE('',#8417,#1707);
#1435=LINE('',#8419,#1708);
#1436=LINE('',#8421,#1709);
#1437=LINE('',#8423,#1710);
#1438=LINE('',#8425,#1711);
#1439=LINE('',#8427,#1712);
#1440=LINE('',#8429,#1713);
#1441=LINE('',#8435,#1714);
#1442=VECTOR('',#4668,10.);
#1443=VECTOR('',#4669,10.);
#1444=VECTOR('',#4670,10.);
#1445=VECTOR('',#4671,10.);
#1446=VECTOR('',#4682,10.);
#1447=VECTOR('',#4685,10.);
#1448=VECTOR('',#4686,10.);
#1449=VECTOR('',#4691,10.);
#1450=VECTOR('',#4694,10.);
#1451=VECTOR('',#4695,10.);
#1452=VECTOR('',#4696,10.);
#1453=VECTOR('',#4697,10.);
#1454=VECTOR('',#4704,10.);
#1455=VECTOR('',#4705,10.);
#1456=VECTOR('',#4710,10.);
#1457=VECTOR('',#4713,10.);
#1458=VECTOR('',#4720,10.);
#1459=VECTOR('',#4721,10.);
#1460=VECTOR('',#4722,10.);
#1461=VECTOR('',#4723,10.);
#1462=VECTOR('',#4726,10.);
#1463=VECTOR('',#4727,10.);
#1464=VECTOR('',#4728,10.);
#1465=VECTOR('',#4733,10.);
#1466=VECTOR('',#4740,10.);
#1467=VECTOR('',#4747,10.);
#1468=VECTOR('',#4750,10.);
#1469=VECTOR('',#4751,10.);
#1470=VECTOR('',#4752,10.);
#1471=VECTOR('',#4753,10.);
#1472=VECTOR('',#4756,10.);
#1473=VECTOR('',#4757,10.);
#1474=VECTOR('',#4758,10.);
#1475=VECTOR('',#4763,10.);
#1476=VECTOR('',#4770,10.);
#1477=VECTOR('',#4777,10.);
#1478=VECTOR('',#4780,10.);
#1479=VECTOR('',#4781,10.);
#1480=VECTOR('',#4782,10.);
#1481=VECTOR('',#4783,10.);
#1482=VECTOR('',#4786,10.);
#1483=VECTOR('',#4787,10.);
#1484=VECTOR('',#4788,10.);
#1485=VECTOR('',#4789,10.);
#1486=VECTOR('',#4794,10.);
#1487=VECTOR('',#4801,10.);
#1488=VECTOR('',#4804,10.);
#1489=VECTOR('',#4805,10.);
#1490=VECTOR('',#4806,10.);
#1491=VECTOR('',#4807,10.);
#1492=VECTOR('',#4810,10.);
#1493=VECTOR('',#4811,10.);
#1494=VECTOR('',#4812,10.);
#1495=VECTOR('',#4817,10.);
#1496=VECTOR('',#4820,10.);
#1497=VECTOR('',#4821,10.);
#1498=VECTOR('',#4824,10.);
#1499=VECTOR('',#4825,10.);
#1500=VECTOR('',#4826,10.);
#1501=VECTOR('',#4829,10.);
#1502=VECTOR('',#4830,10.);
#1503=VECTOR('',#4831,10.);
#1504=VECTOR('',#4834,10.);
#1505=VECTOR('',#4835,10.);
#1506=VECTOR('',#4836,10.);
#1507=VECTOR('',#4839,10.);
#1508=VECTOR('',#4840,10.);
#1509=VECTOR('',#4841,10.);
#1510=VECTOR('',#4844,10.);
#1511=VECTOR('',#4845,10.);
#1512=VECTOR('',#4846,10.);
#1513=VECTOR('',#4849,10.);
#1514=VECTOR('',#4850,10.);
#1515=VECTOR('',#4851,10.);
#1516=VECTOR('',#4854,10.);
#1517=VECTOR('',#4855,10.);
#1518=VECTOR('',#4858,10.);
#1519=VECTOR('',#4859,10.);
#1520=VECTOR('',#4860,10.);
#1521=VECTOR('',#4863,10.);
#1522=VECTOR('',#4864,10.);
#1523=VECTOR('',#4865,10.);
#1524=VECTOR('',#4868,10.);
#1525=VECTOR('',#4869,10.);
#1526=VECTOR('',#4872,10.);
#1527=VECTOR('',#4873,10.);
#1528=VECTOR('',#4876,10.);
#1529=VECTOR('',#4877,10.);
#1530=VECTOR('',#4880,10.);
#1531=VECTOR('',#4881,10.);
#1532=VECTOR('',#4882,10.);
#1533=VECTOR('',#4885,10.);
#1534=VECTOR('',#4886,10.);
#1535=VECTOR('',#4889,10.);
#1536=VECTOR('',#4890,10.);
#1537=VECTOR('',#4891,10.);
#1538=VECTOR('',#4894,10.);
#1539=VECTOR('',#4895,10.);
#1540=VECTOR('',#4898,10.);
#1541=VECTOR('',#4899,10.);
#1542=VECTOR('',#4900,10.);
#1543=VECTOR('',#4903,10.);
#1544=VECTOR('',#4904,10.);
#1545=VECTOR('',#4907,10.);
#1546=VECTOR('',#4908,10.);
#1547=VECTOR('',#4909,10.);
#1548=VECTOR('',#4912,10.);
#1549=VECTOR('',#4913,10.);
#1550=VECTOR('',#4918,1.10000000000001);
#1551=VECTOR('',#4927,1.1);
#1552=VECTOR('',#4936,1.1);
#1553=VECTOR('',#4945,1.1);
#1554=VECTOR('',#4954,1.1);
#1555=VECTOR('',#4963,1.1);
#1556=VECTOR('',#4972,1.1);
#1557=VECTOR('',#4981,1.1);
#1558=VECTOR('',#4990,1.10000000000001);
#1559=VECTOR('',#4999,1.1);
#1560=VECTOR('',#5008,1.1);
#1561=VECTOR('',#5017,1.1);
#1562=VECTOR('',#5026,1.1);
#1563=VECTOR('',#5035,1.1);
#1564=VECTOR('',#5044,1.1);
#1565=VECTOR('',#5053,1.1);
#1566=VECTOR('',#5062,1.10000000000001);
#1567=VECTOR('',#5071,1.10000000000001);
#1568=VECTOR('',#5080,1.1);
#1569=VECTOR('',#5089,1.1);
#1570=VECTOR('',#5098,1.10000000000001);
#1571=VECTOR('',#5107,1.1);
#1572=VECTOR('',#5116,1.1);
#1573=VECTOR('',#5125,1.1);
#1574=VECTOR('',#5134,1.1);
#1575=VECTOR('',#5143,1.1);
#1576=VECTOR('',#5152,1.1);
#1577=VECTOR('',#5161,1.1);
#1578=VECTOR('',#5170,1.1);
#1579=VECTOR('',#5179,1.10000000000001);
#1580=VECTOR('',#5188,1.1);
#1581=VECTOR('',#5197,1.1);
#1582=VECTOR('',#5206,1.10000000000001);
#1583=VECTOR('',#5215,1.1);
#1584=VECTOR('',#5224,1.1);
#1585=VECTOR('',#5233,1.1);
#1586=VECTOR('',#5242,1.10000000000001);
#1587=VECTOR('',#5251,1.1);
#1588=VECTOR('',#5260,1.1);
#1589=VECTOR('',#5269,1.1);
#1590=VECTOR('',#5286,10.);
#1591=VECTOR('',#5287,10.);
#1592=VECTOR('',#5300,10.);
#1593=VECTOR('',#5301,10.);
#1594=VECTOR('',#5312,10.);
#1595=VECTOR('',#5313,10.);
#1596=VECTOR('',#5316,10.);
#1597=VECTOR('',#5319,10.);
#1598=VECTOR('',#5322,10.);
#1599=VECTOR('',#5323,10.);
#1600=VECTOR('',#5326,10.);
#1601=VECTOR('',#5333,10.);
#1602=VECTOR('',#5336,10.);
#1603=VECTOR('',#5339,10.);
#1604=VECTOR('',#5342,10.);
#1605=VECTOR('',#5345,10.);
#1606=VECTOR('',#5348,10.);
#1607=VECTOR('',#5351,10.);
#1608=VECTOR('',#5352,10.);
#1609=VECTOR('',#5353,10.);
#1610=VECTOR('',#5354,10.);
#1611=VECTOR('',#5357,10.);
#1612=VECTOR('',#5360,10.);
#1613=VECTOR('',#5363,10.);
#1614=VECTOR('',#5374,10.);
#1615=VECTOR('',#5385,10.);
#1616=VECTOR('',#5394,10.);
#1617=VECTOR('',#5397,10.);
#1618=VECTOR('',#5400,10.);
#1619=VECTOR('',#5403,10.);
#1620=VECTOR('',#5404,10.);
#1621=VECTOR('',#5407,10.);
#1622=VECTOR('',#5420,10.);
#1623=VECTOR('',#5431,10.);
#1624=VECTOR('',#5440,10.);
#1625=VECTOR('',#5443,10.);
#1626=VECTOR('',#5446,10.);
#1627=VECTOR('',#5449,10.);
#1628=VECTOR('',#5450,10.);
#1629=VECTOR('',#5453,10.);
#1630=VECTOR('',#5462,10.);
#1631=VECTOR('',#5469,10.);
#1632=VECTOR('',#5474,10.);
#1633=VECTOR('',#5475,10.);
#1634=VECTOR('',#5478,10.);
#1635=VECTOR('',#5481,10.);
#1636=VECTOR('',#5482,10.);
#1637=VECTOR('',#5483,10.);
#1638=VECTOR('',#5488,10.);
#1639=VECTOR('',#5491,10.);
#1640=VECTOR('',#5500,10.);
#1641=VECTOR('',#5503,10.);
#1642=VECTOR('',#5518,10.);
#1643=VECTOR('',#5521,10.);
#1644=VECTOR('',#5524,10.);
#1645=VECTOR('',#5525,10.);
#1646=VECTOR('',#5528,10.);
#1647=VECTOR('',#5533,10.);
#1648=VECTOR('',#5534,10.);
#1649=VECTOR('',#5551,10.);
#1650=VECTOR('',#5552,10.);
#1651=VECTOR('',#5555,10.);
#1652=VECTOR('',#5556,10.);
#1653=VECTOR('',#5575,10.);
#1654=VECTOR('',#5576,10.);
#1655=VECTOR('',#5585,10.);
#1656=VECTOR('',#5586,10.);
#1657=VECTOR('',#5587,10.);
#1658=VECTOR('',#5590,10.);
#1659=VECTOR('',#5595,10.);
#1660=VECTOR('',#5596,10.);
#1661=VECTOR('',#5599,10.);
#1662=VECTOR('',#5602,10.);
#1663=VECTOR('',#5605,10.);
#1664=VECTOR('',#5608,10.);
#1665=VECTOR('',#5613,10.);
#1666=VECTOR('',#5616,10.);
#1667=VECTOR('',#5639,10.);
#1668=VECTOR('',#5642,10.);
#1669=VECTOR('',#5645,10.);
#1670=VECTOR('',#5646,10.);
#1671=VECTOR('',#5649,10.);
#1672=VECTOR('',#5654,10.);
#1673=VECTOR('',#5655,10.);
#1674=VECTOR('',#5682,10.);
#1675=VECTOR('',#5685,10.);
#1676=VECTOR('',#5692,10.);
#1677=VECTOR('',#5695,10.);
#1678=VECTOR('',#5700,10.);
#1679=VECTOR('',#5703,10.);
#1680=VECTOR('',#5708,10.);
#1681=VECTOR('',#5711,10.);
#1682=VECTOR('',#5718,10.);
#1683=VECTOR('',#5719,10.);
#1684=VECTOR('',#5736,10.);
#1685=VECTOR('',#5737,10.);
#1686=VECTOR('',#5748,10.);
#1687=VECTOR('',#5755,10.);
#1688=VECTOR('',#5758,10.);
#1689=VECTOR('',#5765,10.);
#1690=VECTOR('',#5770,10.);
#1691=VECTOR('',#5773,10.);
#1692=VECTOR('',#5776,10.);
#1693=VECTOR('',#5779,10.);
#1694=VECTOR('',#5780,10.);
#1695=VECTOR('',#5783,10.);
#1696=VECTOR('',#5792,10.);
#1697=VECTOR('',#5795,10.);
#1698=VECTOR('',#5798,10.);
#1699=VECTOR('',#5799,10.);
#1700=VECTOR('',#5806,10.);
#1701=VECTOR('',#5809,10.);
#1702=VECTOR('',#5816,10.);
#1703=VECTOR('',#5817,10.);
#1704=VECTOR('',#5824,10.);
#1705=VECTOR('',#5827,10.);
#1706=VECTOR('',#5834,10.);
#1707=VECTOR('',#5835,10.);
#1708=VECTOR('',#5838,10.);
#1709=VECTOR('',#5841,10.);
#1710=VECTOR('',#5844,10.);
#1711=VECTOR('',#5847,10.);
#1712=VECTOR('',#5850,10.);
#1713=VECTOR('',#5853,10.);
#1714=VECTOR('',#5860,2.2360680108198);
#1715=B_SPLINE_CURVE_WITH_KNOTS('',3,(#5884,#5885,#5886,#5887,#5888,#5889,
#5890),.UNSPECIFIED.,.F.,.F.,(4,3,4),(0.464163311161374,0.563772859094326,
0.605085824906761),.UNSPECIFIED.);
#1716=B_SPLINE_CURVE_WITH_KNOTS('',3,(#5894,#5895,#5896,#5897,#5898,#5899,
#5900),.UNSPECIFIED.,.F.,.F.,(4,3,4),(-0.605085824906761,-0.563772859094326,
-0.464163311161374),.UNSPECIFIED.);
#1717=B_SPLINE_CURVE_WITH_KNOTS('',3,(#5917,#5918,#5919,#5920,#5921,#5922,
#5923),.UNSPECIFIED.,.F.,.F.,(4,3,4),(-10.276379446199,-9.70468801812684,
-9.62785111240702),.UNSPECIFIED.);
#1718=B_SPLINE_CURVE_WITH_KNOTS('',3,(#5926,#5927,#5928,#5929,#5930,#5931,
#5932),.UNSPECIFIED.,.F.,.F.,(4,3,4),(9.62785111240702,9.70468801812684,
10.276379446199),.UNSPECIFIED.);
#1719=B_SPLINE_CURVE_WITH_KNOTS('',3,(#5948,#5949,#5950,#5951,#5952,#5953,
#5954),.UNSPECIFIED.,.F.,.F.,(4,3,4),(0.400299402653255,0.454168112164009,
0.538630844783383),.UNSPECIFIED.);
#1720=B_SPLINE_CURVE_WITH_KNOTS('',3,(#5957,#5958,#5959,#5960,#5961,#5962,
#5963),.UNSPECIFIED.,.F.,.F.,(4,3,4),(-0.538630844783383,-0.454168112164009,
-0.400299402653255),.UNSPECIFIED.);
#1721=B_SPLINE_CURVE_WITH_KNOTS('',3,(#5991,#5992,#5993,#5994,#5995,#5996,
#5997),.UNSPECIFIED.,.F.,.F.,(4,3,4),(0.462046685214205,0.560069253528718,
0.604240027287827),.UNSPECIFIED.);
#1722=B_SPLINE_CURVE_WITH_KNOTS('',3,(#6000,#6001,#6002,#6003,#6004,#6005,
#6006),.UNSPECIFIED.,.F.,.F.,(4,3,4),(-0.604240027287827,-0.560069253528718,
-0.462046685214205),.UNSPECIFIED.);
#1723=B_SPLINE_CURVE_WITH_KNOTS('',3,(#6027,#6028,#6029,#6030,#6031,#6032,
#6033),.UNSPECIFIED.,.F.,.F.,(4,3,4),(-0.599658886720169,-0.5445238429649,
-0.461260006989732),.UNSPECIFIED.);
#1724=B_SPLINE_CURVE_WITH_KNOTS('',3,(#6034,#6035,#6036,#6037,#6038,#6039,
#6040),.UNSPECIFIED.,.F.,.F.,(4,3,4),(0.461260006989732,0.5445238429649,
0.599658886720169),.UNSPECIFIED.);
#1725=B_SPLINE_CURVE_WITH_KNOTS('',3,(#6057,#6058,#6059,#6060,#6061,#6062,
#6063),.UNSPECIFIED.,.F.,.F.,(4,3,4),(-0.599728495834119,-0.544595739600489,
-0.461358246431166),.UNSPECIFIED.);
#1726=B_SPLINE_CURVE_WITH_KNOTS('',3,(#6067,#6068,#6069,#6070,#6071,#6072,
#6073),.UNSPECIFIED.,.F.,.F.,(4,3,4),(0.461358246431166,0.544595739600489,
0.599728495834119),.UNSPECIFIED.);
#1727=B_SPLINE_CURVE_WITH_KNOTS('',3,(#6084,#6085,#6086,#6087),
 .UNSPECIFIED.,.F.,.F.,(4,4),(-9.85349515213727,-9.02543805380609),
 .UNSPECIFIED.);
#1728=B_SPLINE_CURVE_WITH_KNOTS('',3,(#6090,#6091,#6092,#6093),
 .UNSPECIFIED.,.F.,.F.,(4,4),(9.02543805380609,9.85349515213727),
 .UNSPECIFIED.);
#1729=B_SPLINE_CURVE_WITH_KNOTS('',3,(#6109,#6110,#6111,#6112,#6113,#6114,
#6115),.UNSPECIFIED.,.F.,.F.,(4,3,4),(0.462146313640062,0.560169482795962,
0.604307268707022),.UNSPECIFIED.);
#1730=B_SPLINE_CURVE_WITH_KNOTS('',3,(#6118,#6119,#6120,#6121,#6122,#6123,
#6124),.UNSPECIFIED.,.F.,.F.,(4,3,4),(-0.604307268707022,-0.560169482795962,
-0.462146313640062),.UNSPECIFIED.);
#1731=B_SPLINE_CURVE_WITH_KNOTS('',3,(#6144,#6145,#6146,#6147,#6148,#6149,
#6150),.UNSPECIFIED.,.F.,.F.,(4,3,4),(-0.599658884457192,-0.544523825945827,
-0.461259999626302),.UNSPECIFIED.);
#1732=B_SPLINE_CURVE_WITH_KNOTS('',3,(#6154,#6155,#6156,#6157,#6158,#6159,
#6160),.UNSPECIFIED.,.F.,.F.,(4,3,4),(0.461259999626302,0.544523825945827,
0.599658884457192),.UNSPECIFIED.);
#1733=B_SPLINE_CURVE_WITH_KNOTS('',3,(#6183,#6184,#6185,#6186,#6187,#6188,
#6189),.UNSPECIFIED.,.F.,.F.,(4,3,4),(0.462046680055115,0.560069242550902,
0.604240029969247),.UNSPECIFIED.);
#1734=B_SPLINE_CURVE_WITH_KNOTS('',3,(#6192,#6193,#6194,#6195,#6196,#6197,
#6198),.UNSPECIFIED.,.F.,.F.,(4,3,4),(-0.604240029969247,-0.560069242550902,
-0.462046680055115),.UNSPECIFIED.);
#1735=B_SPLINE_CURVE_WITH_KNOTS('',3,(#6505,#6506,#6507,#6508,#6509,#6510,
#6511),.UNSPECIFIED.,.F.,.F.,(4,3,4),(0.,0.00348008078263527,1.85917529929099),
 .UNSPECIFIED.);
#1736=B_SPLINE_CURVE_WITH_KNOTS('',3,(#6514,#6515,#6516,#6517,#6518,#6519,
#6520),.UNSPECIFIED.,.F.,.F.,(4,3,4),(-8.46368872644857,-6.88402222909082,
-6.88105979918013),.UNSPECIFIED.);
#1737=B_SPLINE_CURVE_WITH_KNOTS('',3,(#6654,#6655,#6656,#6657,#6658,#6659,
#6660,#6661,#6662,#6663),.UNSPECIFIED.,.F.,.F.,(4,3,3,4),(0.,0.166674348057528,
1.62632546024886,2.41824000002171),.UNSPECIFIED.);
#1738=B_SPLINE_CURVE_WITH_KNOTS('',3,(#6666,#6667,#6668,#6669,#6670,#6671,
#6672,#6673,#6674,#6675),.UNSPECIFIED.,.F.,.F.,(4,3,3,4),(-9.18034977655992,
-8.55407530859218,-7.39973077039446,-7.26791870809347),.UNSPECIFIED.);
#1739=B_SPLINE_CURVE_WITH_KNOTS('',3,(#6709,#6710,#6711,#6712,#6713,#6714,
#6715),.UNSPECIFIED.,.F.,.F.,(4,3,4),(-12.0631760474152,-10.8612217789228,
-10.7363840968532),.UNSPECIFIED.);
#1740=B_SPLINE_CURVE_WITH_KNOTS('',3,(#6718,#6719,#6720,#6721,#6722,#6723,
#6724),.UNSPECIFIED.,.F.,.F.,(4,3,4),(4.38586408715641,4.54350022546146,
6.06124251419384),.UNSPECIFIED.);
#1741=B_SPLINE_CURVE_WITH_KNOTS('',3,(#7109,#7110,#7111,#7112,#7113,#7114,
#7115,#7116,#7117,#7118,#7119,#7120),.UNSPECIFIED.,.F.,.F.,(4,2,2,2,2,4),
(-0.000203005365155528,0.,0.0078823980992897,0.0156976661303062,0.0235092621788037,
0.0313189887643263),.UNSPECIFIED.);
#1742=B_SPLINE_CURVE_WITH_KNOTS('',3,(#7193,#7194,#7195,#7196,#7197,#7198,
#7199,#7200,#7201,#7202,#7203,#7204,#7205,#7206,#7207,#7208,#7209,#7210,
#7211,#7212,#7213,#7214,#7215,#7216,#7217,#7218,#7219,#7220,#7221,#7222,
#7223,#7224,#7225,#7226,#7227,#7228,#7229,#7230,#7231,#7232,#7233,#7234,
#7235,#7236,#7237,#7238,#7239,#7240,#7241,#7242,#7243,#7244,#7245,#7246,
#7247,#7248,#7249,#7250,#7251,#7252,#7253,#7254,#7255,#7256,#7257,#7258,
#7259,#7260,#7261,#7262,#7263,#7264,#7265,#7266,#7267,#7268,#7269,#7270,
#7271,#7272,#7273,#7274,#7275,#7276,#7277,#7278,#7279,#7280,#7281,#7282,
#7283,#7284,#7285,#7286,#7287,#7288,#7289,#7290,#7291,#7292,#7293,#7294,
#7295,#7296,#7297,#7298),.UNSPECIFIED.,.F.,.F.,(4,3,3,3,3,3,3,3,3,3,3,3,
3,3,3,3,3,3,3,3,3,3,3,3,3,3,3,3,3,3,3,3,3,3,3,4),(-12.0631760474152,-11.8551916876026,
-11.6458524862022,-11.4379508618825,-11.376355822606,-11.3155286267571,
-11.1714287240622,-11.0274272932783,-10.8833846313261,-10.7395088615751,
-10.6894075243831,-10.5678811347231,-10.3926046087528,-10.2133857257662,
-10.0327816732,-9.85230958376439,-9.82023355642681,-9.68512412086422,-9.55036732072569,
-9.41562047597555,-9.31557153836784,-9.18308015991724,-9.07258592671539,
-8.90325189481812,-8.72948356305739,-8.55415443635794,-8.37902416238511,
-8.32493831007862,-8.15754828924346,-7.99082640531317,-7.94160268470626,
-7.77586779822492,-7.61205708589205,-7.57729076346833,-7.41397329751691,
-7.25535897344572),.UNSPECIFIED.);
#1743=B_SPLINE_CURVE_WITH_KNOTS('',3,(#7302,#7303,#7304,#7305),
 .UNSPECIFIED.,.F.,.F.,(4,4),(-0.460967819162981,-4.46940835733823E-10),
 .UNSPECIFIED.);
#1744=B_SPLINE_CURVE_WITH_KNOTS('',3,(#7309,#7310,#7311,#7312,#7313,#7314,
#7315,#7316,#7317,#7318),.UNSPECIFIED.,.F.,.F.,(4,1,1,1,1,1,1,4),(-10.1056290595288,
-8.66196776531036,-7.21830647109197,-5.77464517687358,-4.33098388265518,
-2.88732258843679,-1.4436612942184,-1.52628341222441E-15),.UNSPECIFIED.);
#1745=B_SPLINE_CURVE_WITH_KNOTS('',3,(#7337,#7338,#7339,#7340,#7341,#7342,
#7343,#7344,#7345,#7346,#7347,#7348),.UNSPECIFIED.,.F.,.F.,(4,2,2,2,2,4),
(-0.000203005365068388,0.,0.00788239809781467,0.0156976661270882,0.0235092621738202,
0.0313189887574524),.UNSPECIFIED.);
#1746=B_SPLINE_CURVE_WITH_KNOTS('',3,(#7386,#7387,#7388,#7389,#7390,#7391,
#7392,#7393,#7394,#7395,#7396,#7397),.UNSPECIFIED.,.F.,.F.,(4,2,2,2,2,4),
(-0.000203005365130371,0.,0.00788239809892525,0.0156976661295126,0.0235092621775701,
0.0313189887626109),.UNSPECIFIED.);
#1747=B_SPLINE_CURVE_WITH_KNOTS('',3,(#7472,#7473,#7474,#7475,#7476,#7477,
#7478,#7479),.UNSPECIFIED.,.F.,.F.,(4,1,1,1,1,4),(7.25475560408805,7.94167281027764,
9.31550722265684,10.689341635036,11.3762588412256,12.0631760474152),
 .UNSPECIFIED.);
#1748=B_SPLINE_CURVE_WITH_KNOTS('',3,(#7481,#7482,#7483,#7484,#7485,#7486,
#7487,#7488,#7489,#7490,#7491,#7492,#7493,#7494,#7495,#7496,#7497,#7498,
#7499,#7500,#7501,#7502,#7503,#7504,#7505,#7506,#7507,#7508,#7509,#7510,
#7511),.UNSPECIFIED.,.F.,.F.,(4,3,3,3,3,3,3,3,3,3,4),(-0.0313766591456204,
-0.0273813607337347,-0.0235669323779982,-0.019562251175981,-0.0157553359410823,
-0.015618026013708,-0.0116144502245639,-0.00794006751292673,-0.00394016030949369,
0.,0.000145885296256996),.UNSPECIFIED.);
#1749=B_SPLINE_CURVE_WITH_KNOTS('',3,(#7538,#7539,#7540,#7541),
 .UNSPECIFIED.,.F.,.F.,(4,4),(0.,0.460967819162981),.UNSPECIFIED.);
#1750=B_SPLINE_CURVE_WITH_KNOTS('',3,(#7598,#7599,#7600,#7601,#7602,#7603,
#7604,#7605,#7606,#7607),.UNSPECIFIED.,.F.,.F.,(4,1,1,1,1,1,1,4),(1.52628341222441E-15,
1.4436612942184,2.88732258843679,4.33098388265518,5.77464517687358,7.21830647109197,
8.66196776531036,10.1056290595288),.UNSPECIFIED.);
#1751=B_SPLINE_CURVE_WITH_KNOTS('',3,(#7641,#7642,#7643,#7644,#7645,#7646,
#7647,#7648,#7649,#7650,#7651,#7652,#7653,#7654,#7655,#7656,#7657,#7658,
#7659,#7660,#7661,#7662,#7663,#7664,#7665),.UNSPECIFIED.,.F.,.F.,(4,3,3,
3,3,3,3,3,4),(0.,0.199052816090477,0.398060050452364,0.597027896326286,
0.79596253391262,0.995010218514457,1.19397423923173,1.39301184156265,1.57079848764584),
 .UNSPECIFIED.);
#1752=B_SPLINE_CURVE_WITH_KNOTS('',3,(#7674,#7675,#7676,#7677,#7678,#7679),
 .UNSPECIFIED.,.F.,.F.,(4,2,4),(0.0443690036899124,0.0702406844174909,0.0706940729655749),
 .UNSPECIFIED.);
#1753=B_SPLINE_CURVE_WITH_KNOTS('',3,(#7684,#7685,#7686,#7687,#7688,#7689,
#7690,#7691,#7692,#7693,#7694,#7695),.UNSPECIFIED.,.F.,.F.,(4,2,2,2,2,4),
(1.57526654373875E-5,0.00129685808886564,0.00287599034927533,0.00551748876315838,
0.0112772050387376,0.0175901268196435),.UNSPECIFIED.);
#1754=B_SPLINE_CURVE_WITH_KNOTS('',3,(#7696,#7697,#7698,#7699,#7700,#7701),
 .UNSPECIFIED.,.F.,.F.,(4,2,4),(0.00190821112759196,0.0215668901932074,
0.0392528610970997),.UNSPECIFIED.);
#1755=B_SPLINE_CURVE_WITH_KNOTS('',3,(#7705,#7706,#7707,#7708,#7709,#7710,
#7711,#7712,#7713,#7714,#7715,#7716,#7717,#7718,#7719,#7720),
 .UNSPECIFIED.,.F.,.F.,(4,2,2,2,2,2,2,4),(-0.0790750657035951,-0.0785047536726008,
-0.0203373859800434,-0.00840778958226248,-0.0041681532416282,-0.00201114838341019,
-0.000455357064732677,-0.000182831230644569),.UNSPECIFIED.);
#1756=B_SPLINE_CURVE_WITH_KNOTS('',3,(#7767,#7768,#7769,#7770,#7771,#7772,
#7773,#7774,#7775,#7776,#7777,#7778,#7779,#7780,#7781,#7782,#7783,#7784,
#7785,#7786,#7787,#7788,#7789,#7790,#7791),.UNSPECIFIED.,.F.,.F.,(4,3,3,
3,3,3,3,3,4),(0.,0.199052541950777,0.398059502245388,0.59702707412067,0.795961437771452,
0.995008848312041,1.19397259509589,1.39300992340922,1.57079632763737),
 .UNSPECIFIED.);
#1757=B_SPLINE_CURVE_WITH_KNOTS('',3,(#7795,#7796,#7797,#7798,#7799,#7800,
#7801,#7802,#7803,#7804,#7805,#7806,#7807,#7808,#7809,#7810),
 .UNSPECIFIED.,.F.,.F.,(4,2,2,2,2,2,2,4),(-0.0752807590586349,-0.0747013796119374,
-0.0467680601001035,-0.0167455792106231,-0.00714906203642854,-0.00350095105461155,
-0.00152498816450735,0.),.UNSPECIFIED.);
#1758=B_SPLINE_CURVE_WITH_KNOTS('',3,(#7816,#7817,#7818,#7819,#7820,#7821,
#7822,#7823,#7824,#7825,#7826,#7827,#7828,#7829),.UNSPECIFIED.,.F.,.F.,
(4,2,2,2,2,2,4),(-0.000810866511531566,0.,0.0923237840625254,0.108471578144832,
0.114562040722897,0.117843072654353,0.120370062397575),.UNSPECIFIED.);
#1759=B_SPLINE_CURVE_WITH_KNOTS('',3,(#7869,#7870,#7871,#7872,#7873,#7874,
#7875,#7876,#7877,#7878,#7879,#7880,#7881,#7882,#7883,#7884,#7885,#7886,
#7887,#7888,#7889,#7890,#7891,#7892,#7893),.UNSPECIFIED.,.F.,.F.,(4,3,3,
3,3,3,3,3,4),(0.,0.199053335261392,0.398061088675311,0.597029453498525,
0.795964609947542,0.995012813706913,1.19397735336351,1.39301547482567,1.57080258461516),
 .UNSPECIFIED.);
#1760=B_SPLINE_CURVE_WITH_KNOTS('',3,(#7914,#7915,#7916,#7917,#7918,#7919,
#7920,#7921),.UNSPECIFIED.,.F.,.F.,(4,2,2,4),(0.0446137199682081,0.0452784872610867,
0.0734941993435827,0.0740230911765644),.UNSPECIFIED.);
#1761=B_SPLINE_CURVE_WITH_KNOTS('',3,(#7926,#7927,#7928,#7929,#7930,#7931,
#7932,#7933,#7934,#7935),.UNSPECIFIED.,.F.,.F.,(4,2,2,2,4),(1.10108465321061E-5,
0.000615512226320575,0.00152925071096238,0.00376382893950738,0.00423093621067234),
 .UNSPECIFIED.);
#1762=B_SPLINE_CURVE_WITH_KNOTS('',3,(#7936,#7937,#7938,#7939,#7940,#7941,
#7942,#7943),.UNSPECIFIED.,.F.,.F.,(4,2,2,4),(0.000358565492388872,0.00349616079561079,
0.0118454644298537,0.0404393129964564),.UNSPECIFIED.);
#1763=B_SPLINE_CURVE_WITH_KNOTS('',3,(#7981,#7982,#7983,#7984,#7985,#7986,
#7987),.UNSPECIFIED.,.F.,.F.,(4,3,4),(0.00412573283294696,0.00724974526637313,
0.00810290284802092),.UNSPECIFIED.);
#1764=B_SPLINE_CURVE_WITH_KNOTS('',3,(#7988,#7989,#7990,#7991,#7992,#7993,
#7994),.UNSPECIFIED.,.F.,.F.,(4,1,1,1,4),(0.16657960062592,0.174629571645666,
0.182744265123197,0.198973652078258,0.22331773251085),.UNSPECIFIED.);
#1765=B_SPLINE_CURVE_WITH_KNOTS('',3,(#7997,#7998,#7999,#8000,#8001,#8002,
#8003,#8004,#8005,#8006,#8007,#8008,#8009),.UNSPECIFIED.,.F.,.F.,(4,3,3,
3,4),(-3.77303494356789E-5,-1.77470343108721E-17,0.00300244491623675,0.00403095508075719,
0.00412573283294696),.UNSPECIFIED.);
#1766=B_SPLINE_CURVE_WITH_KNOTS('',3,(#8030,#8031,#8032,#8033,#8034,#8035,
#8036,#8037),.UNSPECIFIED.,.F.,.F.,(4,2,2,4),(-0.10536931597253,-0.105344723370743,
-0.0958390648282187,-0.058386971908178),.UNSPECIFIED.);
#1767=B_SPLINE_CURVE_WITH_KNOTS('',3,(#8048,#8049,#8050,#8051,#8052,#8053),
 .UNSPECIFIED.,.F.,.F.,(4,2,4),(0.00719051472816475,0.00882063876443306,
0.0113579571059786),.UNSPECIFIED.);
#1768=B_SPLINE_CURVE_WITH_KNOTS('',3,(#8063,#8064,#8065,#8066,#8067,#8068,
#8069,#8070,#8071,#8072,#8073,#8074,#8075,#8076),.UNSPECIFIED.,.F.,.F.,
(4,2,2,2,2,2,4),(0.00568649412239887,0.00569891278508234,0.00579367147705664,
0.00593820674540032,0.00626548062365273,0.00703503354233739,0.007190518903228),
 .UNSPECIFIED.);
#1769=B_SPLINE_CURVE_WITH_KNOTS('',3,(#8162,#8163,#8164,#8165,#8166,#8167,
#8168,#8169,#8170,#8171),.UNSPECIFIED.,.F.,.F.,(4,1,1,1,1,1,1,4),(-3.20429082355725,
-2.7465349916205,-2.28877915968375,-1.831023327747,-1.37326749581025,-0.9155116638735,
-0.45775583193675,-1.45203088686082E-8),.UNSPECIFIED.);
#1770=B_SPLINE_CURVE_WITH_KNOTS('',3,(#8172,#8173,#8174,#8175,#8176,#8177,
#8178,#8179,#8180,#8181),.UNSPECIFIED.,.F.,.F.,(4,1,1,1,1,1,1,4),(0.,0.45775583193675,
0.9155116638735,1.37326749581025,1.831023327747,2.28877915968375,2.7465349916205,
3.20429082355725),.UNSPECIFIED.);
#1771=B_SPLINE_CURVE_WITH_KNOTS('',3,(#8231,#8232,#8233,#8234,#8235,#8236,
#8237,#8238),.UNSPECIFIED.,.F.,.F.,(4,1,1,1,1,4),(-2.54452777716429,-1.81751984083164,
-1.09051190449898,-0.727007936332655,-0.363503968166328,-2.34706896855208E-8),
 .UNSPECIFIED.);
#1772=B_SPLINE_CURVE_WITH_KNOTS('',3,(#8239,#8240,#8241,#8242,#8243,#8244,
#8245,#8246),.UNSPECIFIED.,.F.,.F.,(4,1,1,1,1,4),(0.,0.363503968166328,
0.727007936332655,1.09051190449898,1.81751984083164,2.54452777716429),
 .UNSPECIFIED.);
#1773=B_SPLINE_CURVE_WITH_KNOTS('',3,(#8279,#8280,#8281,#8282,#8283,#8284,
#8285,#8286,#8287,#8288,#8289,#8290,#8291),.UNSPECIFIED.,.F.,.F.,(4,3,3,
3,4),(0.,0.0074625318443304,0.0223875955329912,0.037312659221652,0.0522377229103128),
 .UNSPECIFIED.);
#1774=B_SPLINE_CURVE_WITH_KNOTS('',3,(#8293,#8294,#8295,#8296),
 .UNSPECIFIED.,.F.,.F.,(4,4),(0.02,0.2),.UNSPECIFIED.);
#1775=B_SPLINE_CURVE_WITH_KNOTS('',3,(#8298,#8299,#8300,#8301),
 .UNSPECIFIED.,.F.,.F.,(4,4),(-0.2,-0.02),.UNSPECIFIED.);
#1776=VERTEX_POINT('',#5882);
#1777=VERTEX_POINT('',#5883);
#1778=VERTEX_POINT('',#5891);
#1779=VERTEX_POINT('',#5893);
#1780=VERTEX_POINT('',#5916);
#1781=VERTEX_POINT('',#5924);
#1782=VERTEX_POINT('',#5947);
#1783=VERTEX_POINT('',#5955);
#1784=VERTEX_POINT('',#5968);
#1785=VERTEX_POINT('',#5969);
#1786=VERTEX_POINT('',#5971);
#1787=VERTEX_POINT('',#5973);
#1788=VERTEX_POINT('',#5990);
#1789=VERTEX_POINT('',#5998);
#1790=VERTEX_POINT('',#6008);
#1791=VERTEX_POINT('',#6010);
#1792=VERTEX_POINT('',#6055);
#1793=VERTEX_POINT('',#6056);
#1794=VERTEX_POINT('',#6064);
#1795=VERTEX_POINT('',#6066);
#1796=VERTEX_POINT('',#6083);
#1797=VERTEX_POINT('',#6088);
#1798=VERTEX_POINT('',#6108);
#1799=VERTEX_POINT('',#6116);
#1800=VERTEX_POINT('',#6142);
#1801=VERTEX_POINT('',#6143);
#1802=VERTEX_POINT('',#6151);
#1803=VERTEX_POINT('',#6153);
#1804=VERTEX_POINT('',#6163);
#1805=VERTEX_POINT('',#6165);
#1806=VERTEX_POINT('',#6182);
#1807=VERTEX_POINT('',#6190);
#1808=VERTEX_POINT('',#6218);
#1809=VERTEX_POINT('',#6219);
#1810=VERTEX_POINT('',#6228);
#1811=VERTEX_POINT('',#6230);
#1812=VERTEX_POINT('',#6256);
#1813=VERTEX_POINT('',#6257);
#1814=VERTEX_POINT('',#6266);
#1815=VERTEX_POINT('',#6268);
#1816=VERTEX_POINT('',#6279);
#1817=VERTEX_POINT('',#6281);
#1818=VERTEX_POINT('',#6285);
#1819=VERTEX_POINT('',#6287);
#1820=VERTEX_POINT('',#6291);
#1821=VERTEX_POINT('',#6293);
#1822=VERTEX_POINT('',#6297);
#1823=VERTEX_POINT('',#6299);
#1824=VERTEX_POINT('',#6318);
#1825=VERTEX_POINT('',#6319);
#1826=VERTEX_POINT('',#6328);
#1827=VERTEX_POINT('',#6330);
#1828=VERTEX_POINT('',#6356);
#1829=VERTEX_POINT('',#6357);
#1830=VERTEX_POINT('',#6366);
#1831=VERTEX_POINT('',#6368);
#1832=VERTEX_POINT('',#6379);
#1833=VERTEX_POINT('',#6381);
#1834=VERTEX_POINT('',#6385);
#1835=VERTEX_POINT('',#6387);
#1836=VERTEX_POINT('',#6391);
#1837=VERTEX_POINT('',#6393);
#1838=VERTEX_POINT('',#6397);
#1839=VERTEX_POINT('',#6399);
#1840=VERTEX_POINT('',#6418);
#1841=VERTEX_POINT('',#6419);
#1842=VERTEX_POINT('',#6428);
#1843=VERTEX_POINT('',#6430);
#1844=VERTEX_POINT('',#6456);
#1845=VERTEX_POINT('',#6457);
#1846=VERTEX_POINT('',#6466);
#1847=VERTEX_POINT('',#6468);
#1848=VERTEX_POINT('',#6479);
#1849=VERTEX_POINT('',#6481);
#1850=VERTEX_POINT('',#6504);
#1851=VERTEX_POINT('',#6512);
#1852=VERTEX_POINT('',#6522);
#1853=VERTEX_POINT('',#6524);
#1854=VERTEX_POINT('',#6528);
#1855=VERTEX_POINT('',#6530);
#1856=VERTEX_POINT('',#6549);
#1857=VERTEX_POINT('',#6550);
#1858=VERTEX_POINT('',#6559);
#1859=VERTEX_POINT('',#6561);
#1860=VERTEX_POINT('',#6587);
#1861=VERTEX_POINT('',#6588);
#1862=VERTEX_POINT('',#6597);
#1863=VERTEX_POINT('',#6599);
#1864=VERTEX_POINT('',#6610);
#1865=VERTEX_POINT('',#6612);
#1866=VERTEX_POINT('',#6616);
#1867=VERTEX_POINT('',#6618);
#1868=VERTEX_POINT('',#6653);
#1869=VERTEX_POINT('',#6664);
#1870=VERTEX_POINT('',#6708);
#1871=VERTEX_POINT('',#6716);
#1872=VERTEX_POINT('',#6726);
#1873=VERTEX_POINT('',#6727);
#1874=VERTEX_POINT('',#6732);
#1875=VERTEX_POINT('',#6733);
#1876=VERTEX_POINT('',#6738);
#1877=VERTEX_POINT('',#6739);
#1878=VERTEX_POINT('',#6744);
#1879=VERTEX_POINT('',#6746);
#1880=VERTEX_POINT('',#6750);
#1881=VERTEX_POINT('',#6752);
#1882=VERTEX_POINT('',#6756);
#1883=VERTEX_POINT('',#6758);
#1884=VERTEX_POINT('',#6765);
#1885=VERTEX_POINT('',#6766);
#1886=VERTEX_POINT('',#6771);
#1887=VERTEX_POINT('',#6773);
#1888=VERTEX_POINT('',#6786);
#1889=VERTEX_POINT('',#6788);
#1890=VERTEX_POINT('',#6795);
#1891=VERTEX_POINT('',#6797);
#1892=VERTEX_POINT('',#6804);
#1893=VERTEX_POINT('',#6806);
#1894=VERTEX_POINT('',#6813);
#1895=VERTEX_POINT('',#6815);
#1896=VERTEX_POINT('',#6822);
#1897=VERTEX_POINT('',#6824);
#1898=VERTEX_POINT('',#6829);
#1899=VERTEX_POINT('',#6831);
#1900=VERTEX_POINT('',#6836);
#1901=VERTEX_POINT('',#6838);
#1902=VERTEX_POINT('',#6843);
#1903=VERTEX_POINT('',#6845);
#1904=VERTEX_POINT('',#6850);
#1905=VERTEX_POINT('',#6852);
#1906=VERTEX_POINT('',#6857);
#1907=VERTEX_POINT('',#6859);
#1908=VERTEX_POINT('',#6864);
#1909=VERTEX_POINT('',#6866);
#1910=VERTEX_POINT('',#6871);
#1911=VERTEX_POINT('',#6873);
#1912=VERTEX_POINT('',#6878);
#1913=VERTEX_POINT('',#6880);
#1914=VERTEX_POINT('',#6885);
#1915=VERTEX_POINT('',#6887);
#1916=VERTEX_POINT('',#6892);
#1917=VERTEX_POINT('',#6894);
#1918=VERTEX_POINT('',#6899);
#1919=VERTEX_POINT('',#6901);
#1920=VERTEX_POINT('',#6906);
#1921=VERTEX_POINT('',#6908);
#1922=VERTEX_POINT('',#6913);
#1923=VERTEX_POINT('',#6915);
#1924=VERTEX_POINT('',#6920);
#1925=VERTEX_POINT('',#6922);
#1926=VERTEX_POINT('',#6927);
#1927=VERTEX_POINT('',#6929);
#1928=VERTEX_POINT('',#6934);
#1929=VERTEX_POINT('',#6936);
#1930=VERTEX_POINT('',#6941);
#1931=VERTEX_POINT('',#6943);
#1932=VERTEX_POINT('',#6948);
#1933=VERTEX_POINT('',#6950);
#1934=VERTEX_POINT('',#6955);
#1935=VERTEX_POINT('',#6957);
#1936=VERTEX_POINT('',#6962);
#1937=VERTEX_POINT('',#6964);
#1938=VERTEX_POINT('',#6969);
#1939=VERTEX_POINT('',#6971);
#1940=VERTEX_POINT('',#6976);
#1941=VERTEX_POINT('',#6978);
#1942=VERTEX_POINT('',#6983);
#1943=VERTEX_POINT('',#6985);
#1944=VERTEX_POINT('',#6990);
#1945=VERTEX_POINT('',#6992);
#1946=VERTEX_POINT('',#6997);
#1947=VERTEX_POINT('',#6999);
#1948=VERTEX_POINT('',#7004);
#1949=VERTEX_POINT('',#7006);
#1950=VERTEX_POINT('',#7011);
#1951=VERTEX_POINT('',#7013);
#1952=VERTEX_POINT('',#7018);
#1953=VERTEX_POINT('',#7020);
#1954=VERTEX_POINT('',#7025);
#1955=VERTEX_POINT('',#7027);
#1956=VERTEX_POINT('',#7032);
#1957=VERTEX_POINT('',#7034);
#1958=VERTEX_POINT('',#7039);
#1959=VERTEX_POINT('',#7041);
#1960=VERTEX_POINT('',#7046);
#1961=VERTEX_POINT('',#7048);
#1962=VERTEX_POINT('',#7053);
#1963=VERTEX_POINT('',#7055);
#1964=VERTEX_POINT('',#7060);
#1965=VERTEX_POINT('',#7062);
#1966=VERTEX_POINT('',#7067);
#1967=VERTEX_POINT('',#7069);
#1968=VERTEX_POINT('',#7074);
#1969=VERTEX_POINT('',#7076);
#1970=VERTEX_POINT('',#7081);
#1971=VERTEX_POINT('',#7083);
#1972=VERTEX_POINT('',#7088);
#1973=VERTEX_POINT('',#7090);
#1974=VERTEX_POINT('',#7095);
#1975=VERTEX_POINT('',#7097);
#1976=VERTEX_POINT('',#7102);
#1977=VERTEX_POINT('',#7103);
#1978=VERTEX_POINT('',#7105);
#1979=VERTEX_POINT('',#7107);
#1980=VERTEX_POINT('',#7122);
#1981=VERTEX_POINT('',#7123);
#1982=VERTEX_POINT('',#7128);
#1983=VERTEX_POINT('',#7129);
#1984=VERTEX_POINT('',#7134);
#1985=VERTEX_POINT('',#7135);
#1986=VERTEX_POINT('',#7140);
#1987=VERTEX_POINT('',#7141);
#1988=VERTEX_POINT('',#7149);
#1989=VERTEX_POINT('',#7151);
#1990=VERTEX_POINT('',#7155);
#1991=VERTEX_POINT('',#7159);
#1992=VERTEX_POINT('',#7163);
#1993=VERTEX_POINT('',#7164);
#1994=VERTEX_POINT('',#7166);
#1995=VERTEX_POINT('',#7168);
#1996=VERTEX_POINT('',#7170);
#1997=VERTEX_POINT('',#7172);
#1998=VERTEX_POINT('',#7174);
#1999=VERTEX_POINT('',#7176);
#2000=VERTEX_POINT('',#7179);
#2001=VERTEX_POINT('',#7180);
#2002=VERTEX_POINT('',#7182);
#2003=VERTEX_POINT('',#7184);
#2004=VERTEX_POINT('',#7186);
#2005=VERTEX_POINT('',#7188);
#2006=VERTEX_POINT('',#7191);
#2007=VERTEX_POINT('',#7192);
#2008=VERTEX_POINT('',#7299);
#2009=VERTEX_POINT('',#7301);
#2010=VERTEX_POINT('',#7306);
#2011=VERTEX_POINT('',#7308);
#2012=VERTEX_POINT('',#7320);
#2013=VERTEX_POINT('',#7321);
#2014=VERTEX_POINT('',#7323);
#2015=VERTEX_POINT('',#7325);
#2016=VERTEX_POINT('',#7327);
#2017=VERTEX_POINT('',#7329);
#2018=VERTEX_POINT('',#7333);
#2019=VERTEX_POINT('',#7334);
#2020=VERTEX_POINT('',#7350);
#2021=VERTEX_POINT('',#7354);
#2022=VERTEX_POINT('',#7358);
#2023=VERTEX_POINT('',#7362);
#2024=VERTEX_POINT('',#7368);
#2025=VERTEX_POINT('',#7370);
#2026=VERTEX_POINT('',#7374);
#2027=VERTEX_POINT('',#7378);
#2028=VERTEX_POINT('',#7382);
#2029=VERTEX_POINT('',#7383);
#2030=VERTEX_POINT('',#7399);
#2031=VERTEX_POINT('',#7403);
#2032=VERTEX_POINT('',#7407);
#2033=VERTEX_POINT('',#7411);
#2034=VERTEX_POINT('',#7417);
#2035=VERTEX_POINT('',#7419);
#2036=VERTEX_POINT('',#7423);
#2037=VERTEX_POINT('',#7427);
#2038=VERTEX_POINT('',#7470);
#2039=VERTEX_POINT('',#7471);
#2040=VERTEX_POINT('',#7513);
#2041=VERTEX_POINT('',#7536);
#2042=VERTEX_POINT('',#7543);
#2043=VERTEX_POINT('',#7596);
#2044=VERTEX_POINT('',#7616);
#2045=VERTEX_POINT('',#7618);
#2046=VERTEX_POINT('',#7622);
#2047=VERTEX_POINT('',#7635);
#2048=VERTEX_POINT('',#7639);
#2049=VERTEX_POINT('',#7640);
#2050=VERTEX_POINT('',#7666);
#2051=VERTEX_POINT('',#7668);
#2052=VERTEX_POINT('',#7672);
#2053=VERTEX_POINT('',#7673);
#2054=VERTEX_POINT('',#7681);
#2055=VERTEX_POINT('',#7683);
#2056=VERTEX_POINT('',#7703);
#2057=VERTEX_POINT('',#7704);
#2058=VERTEX_POINT('',#7721);
#2059=VERTEX_POINT('',#7723);
#2060=VERTEX_POINT('',#7730);
#2061=VERTEX_POINT('',#7734);
#2062=VERTEX_POINT('',#7736);
#2063=VERTEX_POINT('',#7740);
#2064=VERTEX_POINT('',#7744);
#2065=VERTEX_POINT('',#7748);
#2066=VERTEX_POINT('',#7752);
#2067=VERTEX_POINT('',#7759);
#2068=VERTEX_POINT('',#7760);
#2069=VERTEX_POINT('',#7765);
#2070=VERTEX_POINT('',#7766);
#2071=VERTEX_POINT('',#7792);
#2072=VERTEX_POINT('',#7794);
#2073=VERTEX_POINT('',#7813);
#2074=VERTEX_POINT('',#7815);
#2075=VERTEX_POINT('',#7832);
#2076=VERTEX_POINT('',#7834);
#2077=VERTEX_POINT('',#7838);
#2078=VERTEX_POINT('',#7839);
#2079=VERTEX_POINT('',#7847);
#2080=VERTEX_POINT('',#7849);
#2081=VERTEX_POINT('',#7853);
#2082=VERTEX_POINT('',#7857);
#2083=VERTEX_POINT('',#7861);
#2084=VERTEX_POINT('',#7863);
#2085=VERTEX_POINT('',#7867);
#2086=VERTEX_POINT('',#7868);
#2087=VERTEX_POINT('',#7894);
#2088=VERTEX_POINT('',#7896);
#2089=VERTEX_POINT('',#7900);
#2090=VERTEX_POINT('',#7901);
#2091=VERTEX_POINT('',#7903);
#2092=VERTEX_POINT('',#7905);
#2093=VERTEX_POINT('',#7912);
#2094=VERTEX_POINT('',#7913);
#2095=VERTEX_POINT('',#7923);
#2096=VERTEX_POINT('',#7925);
#2097=VERTEX_POINT('',#7979);
#2098=VERTEX_POINT('',#7980);
#2099=VERTEX_POINT('',#7995);
#2100=VERTEX_POINT('',#8011);
#2101=VERTEX_POINT('',#8015);
#2102=VERTEX_POINT('',#8017);
#2103=VERTEX_POINT('',#8021);
#2104=VERTEX_POINT('',#8025);
#2105=VERTEX_POINT('',#8029);
#2106=VERTEX_POINT('',#8038);
#2107=VERTEX_POINT('',#8042);
#2108=VERTEX_POINT('',#8044);
#2109=VERTEX_POINT('',#8046);
#2110=VERTEX_POINT('',#8055);
#2111=VERTEX_POINT('',#8062);
#2112=VERTEX_POINT('',#8079);
#2113=VERTEX_POINT('',#8081);
#2114=VERTEX_POINT('',#8087);
#2115=VERTEX_POINT('',#8089);
#2116=VERTEX_POINT('',#8093);
#2117=VERTEX_POINT('',#8094);
#2118=VERTEX_POINT('',#8096);
#2119=VERTEX_POINT('',#8098);
#2120=VERTEX_POINT('',#8102);
#2121=VERTEX_POINT('',#8104);
#2122=VERTEX_POINT('',#8106);
#2123=VERTEX_POINT('',#8159);
#2124=VERTEX_POINT('',#8160);
#2125=VERTEX_POINT('',#8183);
#2126=VERTEX_POINT('',#8184);
#2127=VERTEX_POINT('',#8228);
#2128=VERTEX_POINT('',#8229);
#2129=VERTEX_POINT('',#8277);
#2130=VERTEX_POINT('',#8278);
#2131=VERTEX_POINT('',#8292);
#2132=VERTEX_POINT('',#8305);
#2133=VERTEX_POINT('',#8306);
#2134=VERTEX_POINT('',#8325);
#2135=VERTEX_POINT('',#8329);
#2136=VERTEX_POINT('',#8333);
#2137=VERTEX_POINT('',#8337);
#2138=VERTEX_POINT('',#8341);
#2139=VERTEX_POINT('',#8342);
#2140=VERTEX_POINT('',#8344);
#2141=VERTEX_POINT('',#8346);
#2142=VERTEX_POINT('',#8348);
#2143=VERTEX_POINT('',#8350);
#2144=VERTEX_POINT('',#8352);
#2145=VERTEX_POINT('',#8354);
#2146=VERTEX_POINT('',#8357);
#2147=VERTEX_POINT('',#8359);
#2148=VERTEX_POINT('',#8432);
#2149=VERTEX_POINT('',#8434);
#2150=EDGE_CURVE('',#1776,#1777,#1715,.T.);
#2151=EDGE_CURVE('',#1776,#1778,#1169,.T.);
#2152=EDGE_CURVE('',#1779,#1778,#1716,.T.);
#2153=EDGE_CURVE('',#1777,#1779,#1170,.T.);
#2154=EDGE_CURVE('',#1780,#1776,#1717,.T.);
#2155=EDGE_CURVE('',#1780,#1781,#1171,.T.);
#2156=EDGE_CURVE('',#1778,#1781,#1718,.T.);
#2157=EDGE_CURVE('',#1782,#1780,#1719,.T.);
#2158=EDGE_CURVE('',#1782,#1783,#1172,.T.);
#2159=EDGE_CURVE('',#1781,#1783,#1720,.T.);
#2160=EDGE_CURVE('',#1777,#1782,#239,.T.);
#2161=EDGE_CURVE('',#1783,#1779,#240,.T.);
#2162=EDGE_CURVE('',#1784,#1785,#241,.T.);
#2163=EDGE_CURVE('',#1784,#1786,#1173,.T.);
#2164=EDGE_CURVE('',#1787,#1786,#242,.T.);
#2165=EDGE_CURVE('',#1785,#1787,#1174,.T.);
#2166=EDGE_CURVE('',#1788,#1784,#1721,.T.);
#2167=EDGE_CURVE('',#1788,#1789,#1175,.T.);
#2168=EDGE_CURVE('',#1786,#1789,#1722,.T.);
#2169=EDGE_CURVE('',#1790,#1788,#243,.T.);
#2170=EDGE_CURVE('',#1790,#1791,#1176,.T.);
#2171=EDGE_CURVE('',#1789,#1791,#244,.T.);
#2172=EDGE_CURVE('',#1785,#1790,#1723,.T.);
#2173=EDGE_CURVE('',#1791,#1787,#1724,.T.);
#2174=EDGE_CURVE('',#1792,#1793,#1725,.T.);
#2175=EDGE_CURVE('',#1792,#1794,#1177,.T.);
#2176=EDGE_CURVE('',#1795,#1794,#1726,.T.);
#2177=EDGE_CURVE('',#1793,#1795,#1178,.T.);
#2178=EDGE_CURVE('',#1796,#1792,#1727,.T.);
#2179=EDGE_CURVE('',#1796,#1797,#1179,.T.);
#2180=EDGE_CURVE('',#1794,#1797,#1728,.T.);
#2181=EDGE_CURVE('',#1798,#1796,#1729,.T.);
#2182=EDGE_CURVE('',#1798,#1799,#1180,.T.);
#2183=EDGE_CURVE('',#1797,#1799,#1730,.T.);
#2184=EDGE_CURVE('',#1793,#1798,#245,.T.);
#2185=EDGE_CURVE('',#1799,#1795,#246,.T.);
#2186=EDGE_CURVE('',#1800,#1801,#1731,.T.);
#2187=EDGE_CURVE('',#1800,#1802,#1181,.T.);
#2188=EDGE_CURVE('',#1803,#1802,#1732,.T.);
#2189=EDGE_CURVE('',#1801,#1803,#1182,.T.);
#2190=EDGE_CURVE('',#1804,#1800,#247,.T.);
#2191=EDGE_CURVE('',#1804,#1805,#1183,.T.);
#2192=EDGE_CURVE('',#1802,#1805,#248,.T.);
#2193=EDGE_CURVE('',#1806,#1804,#1733,.T.);
#2194=EDGE_CURVE('',#1806,#1807,#1184,.T.);
#2195=EDGE_CURVE('',#1805,#1807,#1734,.T.);
#2196=EDGE_CURVE('',#1801,#1806,#249,.T.);
#2197=EDGE_CURVE('',#1807,#1803,#250,.T.);
#2198=EDGE_CURVE('',#1808,#1809,#210,.T.);
#2199=EDGE_CURVE('',#1810,#1809,#1185,.T.);
#2200=EDGE_CURVE('',#1811,#1810,#211,.T.);
#2201=EDGE_CURVE('',#1808,#1811,#1186,.T.);
#2202=EDGE_CURVE('',#1812,#1813,#212,.T.);
#2203=EDGE_CURVE('',#1814,#1812,#1187,.T.);
#2204=EDGE_CURVE('',#1815,#1814,#213,.T.);
#2205=EDGE_CURVE('',#1813,#1815,#1188,.T.);
#2206=EDGE_CURVE('',#1816,#1809,#1189,.T.);
#2207=EDGE_CURVE('',#1816,#1817,#1190,.T.);
#2208=EDGE_CURVE('',#1810,#1817,#1191,.T.);
#2209=EDGE_CURVE('',#1818,#1815,#251,.T.);
#2210=EDGE_CURVE('',#1819,#1818,#1192,.T.);
#2211=EDGE_CURVE('',#1813,#1819,#252,.T.);
#2212=EDGE_CURVE('',#1820,#1811,#253,.T.);
#2213=EDGE_CURVE('',#1821,#1820,#1193,.T.);
#2214=EDGE_CURVE('',#1808,#1821,#254,.T.);
#2215=EDGE_CURVE('',#1822,#1812,#255,.T.);
#2216=EDGE_CURVE('',#1822,#1823,#1194,.T.);
#2217=EDGE_CURVE('',#1814,#1823,#256,.T.);
#2218=EDGE_CURVE('',#1824,#1825,#214,.T.);
#2219=EDGE_CURVE('',#1826,#1825,#1195,.T.);
#2220=EDGE_CURVE('',#1827,#1826,#215,.T.);
#2221=EDGE_CURVE('',#1824,#1827,#1196,.T.);
#2222=EDGE_CURVE('',#1828,#1829,#216,.T.);
#2223=EDGE_CURVE('',#1830,#1828,#1197,.T.);
#2224=EDGE_CURVE('',#1831,#1830,#217,.T.);
#2225=EDGE_CURVE('',#1829,#1831,#1198,.T.);
#2226=EDGE_CURVE('',#1832,#1825,#1199,.T.);
#2227=EDGE_CURVE('',#1833,#1832,#1200,.T.);
#2228=EDGE_CURVE('',#1826,#1833,#1201,.T.);
#2229=EDGE_CURVE('',#1834,#1831,#257,.T.);
#2230=EDGE_CURVE('',#1835,#1834,#1202,.T.);
#2231=EDGE_CURVE('',#1829,#1835,#258,.T.);
#2232=EDGE_CURVE('',#1836,#1827,#259,.T.);
#2233=EDGE_CURVE('',#1837,#1836,#1203,.T.);
#2234=EDGE_CURVE('',#1824,#1837,#260,.T.);
#2235=EDGE_CURVE('',#1838,#1828,#261,.T.);
#2236=EDGE_CURVE('',#1838,#1839,#1204,.T.);
#2237=EDGE_CURVE('',#1830,#1839,#262,.T.);
#2238=EDGE_CURVE('',#1840,#1841,#218,.T.);
#2239=EDGE_CURVE('',#1842,#1841,#1205,.T.);
#2240=EDGE_CURVE('',#1843,#1842,#219,.T.);
#2241=EDGE_CURVE('',#1840,#1843,#1206,.T.);
#2242=EDGE_CURVE('',#1844,#1845,#220,.T.);
#2243=EDGE_CURVE('',#1846,#1844,#1207,.T.);
#2244=EDGE_CURVE('',#1847,#1846,#221,.T.);
#2245=EDGE_CURVE('',#1845,#1847,#1208,.T.);
#2246=EDGE_CURVE('',#1848,#1841,#1209,.T.);
#2247=EDGE_CURVE('',#1848,#1849,#1210,.T.);
#2248=EDGE_CURVE('',#1842,#1849,#1211,.T.);
#2249=EDGE_CURVE('',#1850,#1847,#1735,.T.);
#2250=EDGE_CURVE('',#1851,#1850,#1212,.T.);
#2251=EDGE_CURVE('',#1845,#1851,#1736,.T.);
#2252=EDGE_CURVE('',#1852,#1843,#263,.T.);
#2253=EDGE_CURVE('',#1853,#1852,#1213,.T.);
#2254=EDGE_CURVE('',#1840,#1853,#264,.T.);
#2255=EDGE_CURVE('',#1854,#1844,#265,.T.);
#2256=EDGE_CURVE('',#1854,#1855,#1214,.T.);
#2257=EDGE_CURVE('',#1846,#1855,#266,.T.);
#2258=EDGE_CURVE('',#1856,#1857,#222,.T.);
#2259=EDGE_CURVE('',#1858,#1857,#1215,.T.);
#2260=EDGE_CURVE('',#1859,#1858,#223,.T.);
#2261=EDGE_CURVE('',#1856,#1859,#1216,.T.);
#2262=EDGE_CURVE('',#1860,#1861,#224,.T.);
#2263=EDGE_CURVE('',#1862,#1861,#1217,.T.);
#2264=EDGE_CURVE('',#1863,#1862,#225,.T.);
#2265=EDGE_CURVE('',#1860,#1863,#1218,.T.);
#2266=EDGE_CURVE('',#1864,#1857,#1219,.T.);
#2267=EDGE_CURVE('',#1865,#1864,#1220,.T.);
#2268=EDGE_CURVE('',#1858,#1865,#1221,.T.);
#2269=EDGE_CURVE('',#1866,#1863,#267,.T.);
#2270=EDGE_CURVE('',#1867,#1866,#1222,.T.);
#2271=EDGE_CURVE('',#1860,#1867,#268,.T.);
#2272=EDGE_CURVE('',#1868,#1859,#1737,.T.);
#2273=EDGE_CURVE('',#1869,#1868,#1223,.T.);
#2274=EDGE_CURVE('',#1856,#1869,#1738,.T.);
#2275=EDGE_CURVE('',#1870,#1861,#1739,.T.);
#2276=EDGE_CURVE('',#1870,#1871,#1224,.T.);
#2277=EDGE_CURVE('',#1862,#1871,#1740,.T.);
#2278=EDGE_CURVE('',#1872,#1873,#1225,.T.);
#2279=EDGE_CURVE('',#1837,#1873,#1226,.T.);
#2280=EDGE_CURVE('',#1872,#1836,#1227,.T.);
#2281=EDGE_CURVE('',#1874,#1875,#1228,.T.);
#2282=EDGE_CURVE('',#1869,#1875,#1229,.T.);
#2283=EDGE_CURVE('',#1874,#1868,#1230,.T.);
#2284=EDGE_CURVE('',#1876,#1877,#1231,.T.);
#2285=EDGE_CURVE('',#1821,#1877,#1232,.T.);
#2286=EDGE_CURVE('',#1876,#1820,#1233,.T.);
#2287=EDGE_CURVE('',#1878,#1832,#1234,.T.);
#2288=EDGE_CURVE('',#1878,#1879,#1235,.T.);
#2289=EDGE_CURVE('',#1833,#1879,#1236,.T.);
#2290=EDGE_CURVE('',#1880,#1872,#1237,.T.);
#2291=EDGE_CURVE('',#1881,#1880,#1238,.T.);
#2292=EDGE_CURVE('',#1873,#1881,#1239,.T.);
#2293=EDGE_CURVE('',#1882,#1816,#1240,.T.);
#2294=EDGE_CURVE('',#1882,#1883,#1241,.T.);
#2295=EDGE_CURVE('',#1817,#1883,#1242,.T.);
#2296=EDGE_CURVE('',#1879,#1876,#1243,.T.);
#2297=EDGE_CURVE('',#1877,#1878,#1244,.T.);
#2298=EDGE_CURVE('',#1884,#1885,#1245,.T.);
#2299=EDGE_CURVE('',#1853,#1885,#1246,.T.);
#2300=EDGE_CURVE('',#1884,#1852,#1247,.T.);
#2301=EDGE_CURVE('',#1886,#1848,#1248,.T.);
#2302=EDGE_CURVE('',#1886,#1887,#1249,.T.);
#2303=EDGE_CURVE('',#1849,#1887,#1250,.T.);
#2304=EDGE_CURVE('',#1883,#1884,#1251,.T.);
#2305=EDGE_CURVE('',#1885,#1882,#1252,.T.);
#2306=EDGE_CURVE('',#1881,#1864,#1253,.T.);
#2307=EDGE_CURVE('',#1865,#1880,#1254,.T.);
#2308=EDGE_CURVE('',#1887,#1874,#1255,.T.);
#2309=EDGE_CURVE('',#1875,#1886,#1256,.T.);
#2310=EDGE_CURVE('',#1871,#1888,#1257,.T.);
#2311=EDGE_CURVE('',#1889,#1870,#1258,.T.);
#2312=EDGE_CURVE('',#1889,#1888,#1259,.T.);
#2313=EDGE_CURVE('',#1888,#1866,#1260,.T.);
#2314=EDGE_CURVE('',#1867,#1889,#1261,.T.);
#2315=EDGE_CURVE('',#1839,#1890,#1262,.T.);
#2316=EDGE_CURVE('',#1891,#1838,#1263,.T.);
#2317=EDGE_CURVE('',#1891,#1890,#1264,.T.);
#2318=EDGE_CURVE('',#1890,#1834,#1265,.T.);
#2319=EDGE_CURVE('',#1835,#1891,#1266,.T.);
#2320=EDGE_CURVE('',#1823,#1892,#1267,.T.);
#2321=EDGE_CURVE('',#1893,#1822,#1268,.T.);
#2322=EDGE_CURVE('',#1893,#1892,#1269,.T.);
#2323=EDGE_CURVE('',#1892,#1818,#1270,.T.);
#2324=EDGE_CURVE('',#1819,#1893,#1271,.T.);
#2325=EDGE_CURVE('',#1855,#1894,#1272,.T.);
#2326=EDGE_CURVE('',#1895,#1854,#1273,.T.);
#2327=EDGE_CURVE('',#1895,#1894,#1274,.T.);
#2328=EDGE_CURVE('',#1894,#1850,#1275,.T.);
#2329=EDGE_CURVE('',#1851,#1895,#1276,.T.);
#2330=EDGE_CURVE('',#1896,#1896,#269,.T.);
#2331=EDGE_CURVE('',#1896,#1897,#1277,.T.);
#2332=EDGE_CURVE('',#1897,#1897,#270,.T.);
#2333=EDGE_CURVE('',#1898,#1898,#271,.T.);
#2334=EDGE_CURVE('',#1898,#1899,#1278,.T.);
#2335=EDGE_CURVE('',#1899,#1899,#272,.T.);
#2336=EDGE_CURVE('',#1900,#1900,#273,.T.);
#2337=EDGE_CURVE('',#1900,#1901,#1279,.T.);
#2338=EDGE_CURVE('',#1901,#1901,#274,.T.);
#2339=EDGE_CURVE('',#1902,#1902,#275,.T.);
#2340=EDGE_CURVE('',#1902,#1903,#1280,.T.);
#2341=EDGE_CURVE('',#1903,#1903,#276,.T.);
#2342=EDGE_CURVE('',#1904,#1904,#277,.T.);
#2343=EDGE_CURVE('',#1904,#1905,#1281,.T.);
#2344=EDGE_CURVE('',#1905,#1905,#278,.T.);
#2345=EDGE_CURVE('',#1906,#1906,#279,.T.);
#2346=EDGE_CURVE('',#1906,#1907,#1282,.T.);
#2347=EDGE_CURVE('',#1907,#1907,#280,.T.);
#2348=EDGE_CURVE('',#1908,#1908,#281,.T.);
#2349=EDGE_CURVE('',#1908,#1909,#1283,.T.);
#2350=EDGE_CURVE('',#1909,#1909,#282,.T.);
#2351=EDGE_CURVE('',#1910,#1910,#283,.T.);
#2352=EDGE_CURVE('',#1910,#1911,#1284,.T.);
#2353=EDGE_CURVE('',#1911,#1911,#284,.T.);
#2354=EDGE_CURVE('',#1912,#1912,#285,.T.);
#2355=EDGE_CURVE('',#1912,#1913,#1285,.T.);
#2356=EDGE_CURVE('',#1913,#1913,#286,.T.);
#2357=EDGE_CURVE('',#1914,#1914,#287,.T.);
#2358=EDGE_CURVE('',#1914,#1915,#1286,.T.);
#2359=EDGE_CURVE('',#1915,#1915,#288,.T.);
#2360=EDGE_CURVE('',#1916,#1916,#289,.T.);
#2361=EDGE_CURVE('',#1916,#1917,#1287,.T.);
#2362=EDGE_CURVE('',#1917,#1917,#290,.T.);
#2363=EDGE_CURVE('',#1918,#1918,#291,.T.);
#2364=EDGE_CURVE('',#1918,#1919,#1288,.T.);
#2365=EDGE_CURVE('',#1919,#1919,#292,.T.);
#2366=EDGE_CURVE('',#1920,#1920,#293,.T.);
#2367=EDGE_CURVE('',#1920,#1921,#1289,.T.);
#2368=EDGE_CURVE('',#1921,#1921,#294,.T.);
#2369=EDGE_CURVE('',#1922,#1922,#295,.T.);
#2370=EDGE_CURVE('',#1922,#1923,#1290,.T.);
#2371=EDGE_CURVE('',#1923,#1923,#296,.T.);
#2372=EDGE_CURVE('',#1924,#1924,#297,.T.);
#2373=EDGE_CURVE('',#1924,#1925,#1291,.T.);
#2374=EDGE_CURVE('',#1925,#1925,#298,.T.);
#2375=EDGE_CURVE('',#1926,#1926,#299,.T.);
#2376=EDGE_CURVE('',#1926,#1927,#1292,.T.);
#2377=EDGE_CURVE('',#1927,#1927,#300,.T.);
#2378=EDGE_CURVE('',#1928,#1928,#301,.T.);
#2379=EDGE_CURVE('',#1928,#1929,#1293,.T.);
#2380=EDGE_CURVE('',#1929,#1929,#302,.T.);
#2381=EDGE_CURVE('',#1930,#1930,#303,.T.);
#2382=EDGE_CURVE('',#1930,#1931,#1294,.T.);
#2383=EDGE_CURVE('',#1931,#1931,#304,.T.);
#2384=EDGE_CURVE('',#1932,#1932,#305,.T.);
#2385=EDGE_CURVE('',#1932,#1933,#1295,.T.);
#2386=EDGE_CURVE('',#1933,#1933,#306,.T.);
#2387=EDGE_CURVE('',#1934,#1934,#307,.T.);
#2388=EDGE_CURVE('',#1934,#1935,#1296,.T.);
#2389=EDGE_CURVE('',#1935,#1935,#308,.T.);
#2390=EDGE_CURVE('',#1936,#1936,#309,.T.);
#2391=EDGE_CURVE('',#1936,#1937,#1297,.T.);
#2392=EDGE_CURVE('',#1937,#1937,#310,.T.);
#2393=EDGE_CURVE('',#1938,#1938,#311,.T.);
#2394=EDGE_CURVE('',#1938,#1939,#1298,.T.);
#2395=EDGE_CURVE('',#1939,#1939,#312,.T.);
#2396=EDGE_CURVE('',#1940,#1940,#313,.T.);
#2397=EDGE_CURVE('',#1940,#1941,#1299,.T.);
#2398=EDGE_CURVE('',#1941,#1941,#314,.T.);
#2399=EDGE_CURVE('',#1942,#1942,#315,.T.);
#2400=EDGE_CURVE('',#1942,#1943,#1300,.T.);
#2401=EDGE_CURVE('',#1943,#1943,#316,.T.);
#2402=EDGE_CURVE('',#1944,#1944,#317,.T.);
#2403=EDGE_CURVE('',#1944,#1945,#1301,.T.);
#2404=EDGE_CURVE('',#1945,#1945,#318,.T.);
#2405=EDGE_CURVE('',#1946,#1946,#319,.T.);
#2406=EDGE_CURVE('',#1946,#1947,#1302,.T.);
#2407=EDGE_CURVE('',#1947,#1947,#320,.T.);
#2408=EDGE_CURVE('',#1948,#1948,#321,.T.);
#2409=EDGE_CURVE('',#1948,#1949,#1303,.T.);
#2410=EDGE_CURVE('',#1949,#1949,#322,.T.);
#2411=EDGE_CURVE('',#1950,#1950,#323,.T.);
#2412=EDGE_CURVE('',#1950,#1951,#1304,.T.);
#2413=EDGE_CURVE('',#1951,#1951,#324,.T.);
#2414=EDGE_CURVE('',#1952,#1952,#325,.T.);
#2415=EDGE_CURVE('',#1952,#1953,#1305,.T.);
#2416=EDGE_CURVE('',#1953,#1953,#326,.T.);
#2417=EDGE_CURVE('',#1954,#1954,#327,.T.);
#2418=EDGE_CURVE('',#1954,#1955,#1306,.T.);
#2419=EDGE_CURVE('',#1955,#1955,#328,.T.);
#2420=EDGE_CURVE('',#1956,#1956,#329,.T.);
#2421=EDGE_CURVE('',#1956,#1957,#1307,.T.);
#2422=EDGE_CURVE('',#1957,#1957,#330,.T.);
#2423=EDGE_CURVE('',#1958,#1958,#331,.T.);
#2424=EDGE_CURVE('',#1958,#1959,#1308,.T.);
#2425=EDGE_CURVE('',#1959,#1959,#332,.T.);
#2426=EDGE_CURVE('',#1960,#1960,#333,.T.);
#2427=EDGE_CURVE('',#1960,#1961,#1309,.T.);
#2428=EDGE_CURVE('',#1961,#1961,#334,.T.);
#2429=EDGE_CURVE('',#1962,#1962,#335,.T.);
#2430=EDGE_CURVE('',#1962,#1963,#1310,.T.);
#2431=EDGE_CURVE('',#1963,#1963,#336,.T.);
#2432=EDGE_CURVE('',#1964,#1964,#337,.T.);
#2433=EDGE_CURVE('',#1964,#1965,#1311,.T.);
#2434=EDGE_CURVE('',#1965,#1965,#338,.T.);
#2435=EDGE_CURVE('',#1966,#1966,#339,.T.);
#2436=EDGE_CURVE('',#1966,#1967,#1312,.T.);
#2437=EDGE_CURVE('',#1967,#1967,#340,.T.);
#2438=EDGE_CURVE('',#1968,#1968,#341,.T.);
#2439=EDGE_CURVE('',#1968,#1969,#1313,.T.);
#2440=EDGE_CURVE('',#1969,#1969,#342,.T.);
#2441=EDGE_CURVE('',#1970,#1970,#343,.T.);
#2442=EDGE_CURVE('',#1970,#1971,#1314,.T.);
#2443=EDGE_CURVE('',#1971,#1971,#344,.T.);
#2444=EDGE_CURVE('',#1972,#1972,#345,.T.);
#2445=EDGE_CURVE('',#1972,#1973,#1315,.T.);
#2446=EDGE_CURVE('',#1973,#1973,#346,.T.);
#2447=EDGE_CURVE('',#1974,#1974,#347,.T.);
#2448=EDGE_CURVE('',#1974,#1975,#1316,.T.);
#2449=EDGE_CURVE('',#1975,#1975,#348,.T.);
#2450=EDGE_CURVE('',#1976,#1977,#349,.T.);
#2451=EDGE_CURVE('',#1977,#1978,#350,.T.);
#2452=EDGE_CURVE('',#1978,#1979,#351,.T.);
#2453=EDGE_CURVE('',#1979,#1976,#1741,.T.);
#2454=EDGE_CURVE('',#1980,#1981,#352,.T.);
#2455=EDGE_CURVE('',#1981,#1978,#1317,.T.);
#2456=EDGE_CURVE('',#1977,#1980,#1318,.T.);
#2457=EDGE_CURVE('',#1982,#1983,#353,.T.);
#2458=EDGE_CURVE('',#1983,#1981,#354,.T.);
#2459=EDGE_CURVE('',#1980,#1982,#355,.T.);
#2460=EDGE_CURVE('',#1984,#1985,#356,.T.);
#2461=EDGE_CURVE('',#1985,#1983,#1319,.T.);
#2462=EDGE_CURVE('',#1982,#1984,#1320,.T.);
#2463=EDGE_CURVE('',#1986,#1987,#357,.T.);
#2464=EDGE_CURVE('',#1987,#1985,#358,.T.);
#2465=EDGE_CURVE('',#1984,#1986,#359,.T.);
#2466=EDGE_CURVE('',#1979,#1987,#1321,.T.);
#2467=EDGE_CURVE('',#1986,#1976,#1322,.T.);
#2468=EDGE_CURVE('',#1988,#1980,#1323,.T.);
#2469=EDGE_CURVE('',#1988,#1989,#360,.T.);
#2470=EDGE_CURVE('',#1989,#1982,#1324,.T.);
#2471=EDGE_CURVE('',#1990,#1977,#1325,.T.);
#2472=EDGE_CURVE('',#1990,#1988,#1326,.T.);
#2473=EDGE_CURVE('',#1991,#1976,#1327,.T.);
#2474=EDGE_CURVE('',#1991,#1990,#361,.T.);
#2475=EDGE_CURVE('',#1992,#1993,#362,.T.);
#2476=EDGE_CURVE('',#1993,#1994,#1328,.T.);
#2477=EDGE_CURVE('',#1994,#1995,#363,.T.);
#2478=EDGE_CURVE('',#1995,#1996,#1329,.T.);
#2479=EDGE_CURVE('',#1996,#1997,#364,.T.);
#2480=EDGE_CURVE('',#1997,#1998,#1330,.T.);
#2481=EDGE_CURVE('',#1998,#1999,#365,.T.);
#2482=EDGE_CURVE('',#1999,#1992,#1331,.T.);
#2483=EDGE_CURVE('',#2000,#2001,#366,.T.);
#2484=EDGE_CURVE('',#2002,#2000,#1332,.T.);
#2485=EDGE_CURVE('',#2003,#2002,#367,.T.);
#2486=EDGE_CURVE('',#2004,#2003,#1333,.T.);
#2487=EDGE_CURVE('',#2005,#2004,#368,.T.);
#2488=EDGE_CURVE('',#2001,#2005,#1334,.T.);
#2489=EDGE_CURVE('',#2006,#2007,#1742,.T.);
#2490=EDGE_CURVE('',#2008,#2006,#1335,.T.);
#2491=EDGE_CURVE('',#2009,#2008,#1743,.T.);
#2492=EDGE_CURVE('',#2010,#2009,#1336,.T.);
#2493=EDGE_CURVE('',#2011,#2010,#1744,.T.);
#2494=EDGE_CURVE('',#2007,#2011,#1337,.T.);
#2495=EDGE_CURVE('',#2012,#2013,#369,.T.);
#2496=EDGE_CURVE('',#2014,#2012,#1338,.T.);
#2497=EDGE_CURVE('',#2015,#2014,#370,.T.);
#2498=EDGE_CURVE('',#2016,#2015,#1339,.T.);
#2499=EDGE_CURVE('',#2017,#2016,#371,.T.);
#2500=EDGE_CURVE('',#2013,#2017,#1340,.T.);
#2501=EDGE_CURVE('',#2018,#2019,#372,.T.);
#2502=EDGE_CURVE('',#2019,#2012,#373,.T.);
#2503=EDGE_CURVE('',#2013,#2018,#1745,.T.);
#2504=EDGE_CURVE('',#2020,#2014,#374,.T.);
#2505=EDGE_CURVE('',#2019,#2020,#1341,.T.);
#2506=EDGE_CURVE('',#2021,#2015,#375,.T.);
#2507=EDGE_CURVE('',#2020,#2021,#376,.T.);
#2508=EDGE_CURVE('',#2022,#2016,#377,.T.);
#2509=EDGE_CURVE('',#2021,#2022,#1342,.T.);
#2510=EDGE_CURVE('',#2023,#2017,#378,.T.);
#2511=EDGE_CURVE('',#2022,#2023,#379,.T.);
#2512=EDGE_CURVE('',#2023,#2018,#1343,.T.);
#2513=EDGE_CURVE('',#2024,#2020,#1344,.T.);
#2514=EDGE_CURVE('',#2024,#2025,#380,.T.);
#2515=EDGE_CURVE('',#2025,#2021,#1345,.T.);
#2516=EDGE_CURVE('',#2026,#2019,#1346,.T.);
#2517=EDGE_CURVE('',#2026,#2024,#1347,.T.);
#2518=EDGE_CURVE('',#2027,#2018,#1348,.T.);
#2519=EDGE_CURVE('',#2027,#2026,#381,.T.);
#2520=EDGE_CURVE('',#2028,#2029,#382,.T.);
#2521=EDGE_CURVE('',#2029,#2000,#383,.T.);
#2522=EDGE_CURVE('',#2001,#2028,#1746,.T.);
#2523=EDGE_CURVE('',#2030,#2002,#384,.T.);
#2524=EDGE_CURVE('',#2029,#2030,#1349,.T.);
#2525=EDGE_CURVE('',#2031,#2003,#385,.T.);
#2526=EDGE_CURVE('',#2030,#2031,#386,.T.);
#2527=EDGE_CURVE('',#2032,#2004,#387,.T.);
#2528=EDGE_CURVE('',#2031,#2032,#1350,.T.);
#2529=EDGE_CURVE('',#2033,#2005,#388,.T.);
#2530=EDGE_CURVE('',#2032,#2033,#389,.T.);
#2531=EDGE_CURVE('',#2033,#2028,#1351,.T.);
#2532=EDGE_CURVE('',#2030,#2034,#1352,.T.);
#2533=EDGE_CURVE('',#2034,#2035,#390,.T.);
#2534=EDGE_CURVE('',#2035,#2031,#1353,.T.);
#2535=EDGE_CURVE('',#2036,#2029,#1354,.T.);
#2536=EDGE_CURVE('',#2036,#2034,#1355,.T.);
#2537=EDGE_CURVE('',#2037,#2028,#1356,.T.);
#2538=EDGE_CURVE('',#2037,#2036,#391,.T.);
#2539=EDGE_CURVE('',#2038,#2039,#1747,.T.);
#2540=EDGE_CURVE('',#2039,#2006,#392,.T.);
#2541=EDGE_CURVE('',#2038,#2007,#1748,.T.);
#2542=EDGE_CURVE('',#2040,#2008,#393,.T.);
#2543=EDGE_CURVE('',#2039,#2040,#1357,.T.);
#2544=EDGE_CURVE('',#2041,#2009,#394,.T.);
#2545=EDGE_CURVE('',#2040,#2041,#1749,.T.);
#2546=EDGE_CURVE('',#2042,#2010,#395,.T.);
#2547=EDGE_CURVE('',#2041,#2042,#1358,.T.);
#2548=EDGE_CURVE('',#2043,#2011,#396,.T.);
#2549=EDGE_CURVE('',#2042,#2043,#1750,.T.);
#2550=EDGE_CURVE('',#2043,#2038,#1359,.T.);
#2551=EDGE_CURVE('',#2040,#2044,#1360,.T.);
#2552=EDGE_CURVE('',#2044,#2045,#397,.T.);
#2553=EDGE_CURVE('',#2041,#2045,#1361,.T.);
#2554=EDGE_CURVE('',#2039,#2046,#1362,.T.);
#2555=EDGE_CURVE('',#2046,#2044,#1363,.T.);
#2556=EDGE_CURVE('',#2038,#2047,#1364,.T.);
#2557=EDGE_CURVE('',#2047,#2046,#398,.T.);
#2558=EDGE_CURVE('',#2048,#2049,#1751,.T.);
#2559=EDGE_CURVE('',#2049,#2050,#1365,.T.);
#2560=EDGE_CURVE('',#2050,#2051,#399,.T.);
#2561=EDGE_CURVE('',#2051,#2048,#1366,.T.);
#2562=EDGE_CURVE('',#2052,#2053,#1752,.T.);
#2563=EDGE_CURVE('',#2053,#2051,#400,.T.);
#2564=EDGE_CURVE('',#2050,#2054,#401,.T.);
#2565=EDGE_CURVE('',#2054,#2055,#1753,.T.);
#2566=EDGE_CURVE('',#2055,#2052,#1754,.T.);
#2567=EDGE_CURVE('',#2056,#2057,#1755,.T.);
#2568=EDGE_CURVE('',#2057,#2058,#1367,.T.);
#2569=EDGE_CURVE('',#2058,#2059,#402,.T.);
#2570=EDGE_CURVE('',#2059,#2056,#1368,.T.);
#2571=EDGE_CURVE('',#2048,#2059,#403,.T.);
#2572=EDGE_CURVE('',#2058,#2049,#404,.T.);
#2573=EDGE_CURVE('',#2054,#2060,#405,.T.);
#2574=EDGE_CURVE('',#2055,#2060,#406,.T.);
#2575=EDGE_CURVE('',#2061,#2050,#1369,.T.);
#2576=EDGE_CURVE('',#2062,#2061,#407,.T.);
#2577=EDGE_CURVE('',#2054,#2062,#1370,.T.);
#2578=EDGE_CURVE('',#2063,#2049,#1371,.T.);
#2579=EDGE_CURVE('',#2061,#2063,#1372,.T.);
#2580=EDGE_CURVE('',#2064,#2058,#1373,.T.);
#2581=EDGE_CURVE('',#2063,#2064,#408,.T.);
#2582=EDGE_CURVE('',#2065,#2057,#1374,.T.);
#2583=EDGE_CURVE('',#2064,#2065,#1375,.T.);
#2584=EDGE_CURVE('',#2052,#2066,#409,.T.);
#2585=EDGE_CURVE('',#2066,#2057,#410,.T.);
#2586=EDGE_CURVE('',#2056,#2053,#411,.T.);
#2587=EDGE_CURVE('',#2060,#2066,#412,.T.);
#2588=EDGE_CURVE('',#2067,#2068,#413,.T.);
#2589=EDGE_CURVE('',#1989,#2067,#1376,.T.);
#2590=EDGE_CURVE('',#2068,#1991,#1377,.T.);
#2591=EDGE_CURVE('',#2069,#2070,#1756,.T.);
#2592=EDGE_CURVE('',#2069,#2071,#1378,.T.);
#2593=EDGE_CURVE('',#2071,#2072,#1757,.T.);
#2594=EDGE_CURVE('',#2072,#2070,#1379,.T.);
#2595=EDGE_CURVE('',#2071,#2073,#414,.T.);
#2596=EDGE_CURVE('',#2073,#2074,#1758,.T.);
#2597=EDGE_CURVE('',#2074,#2072,#415,.T.);
#2598=EDGE_CURVE('',#2070,#2075,#416,.T.);
#2599=EDGE_CURVE('',#2075,#2076,#417,.T.);
#2600=EDGE_CURVE('',#2076,#2069,#418,.T.);
#2601=EDGE_CURVE('',#2077,#2078,#419,.T.);
#2602=EDGE_CURVE('',#2078,#2076,#1380,.T.);
#2603=EDGE_CURVE('',#2075,#2077,#1381,.T.);
#2604=EDGE_CURVE('',#2073,#2078,#420,.T.);
#2605=EDGE_CURVE('',#2077,#2074,#421,.T.);
#2606=EDGE_CURVE('',#2079,#2075,#1382,.T.);
#2607=EDGE_CURVE('',#2080,#2079,#1383,.T.);
#2608=EDGE_CURVE('',#2080,#2077,#1384,.T.);
#2609=EDGE_CURVE('',#2081,#2070,#1385,.T.);
#2610=EDGE_CURVE('',#2079,#2081,#422,.T.);
#2611=EDGE_CURVE('',#2082,#2072,#1386,.T.);
#2612=EDGE_CURVE('',#2081,#2082,#1387,.T.);
#2613=EDGE_CURVE('',#2083,#2027,#1388,.T.);
#2614=EDGE_CURVE('',#2084,#2083,#423,.T.);
#2615=EDGE_CURVE('',#2025,#2084,#1389,.T.);
#2616=EDGE_CURVE('',#2085,#2086,#1759,.T.);
#2617=EDGE_CURVE('',#2086,#2087,#1390,.T.);
#2618=EDGE_CURVE('',#2087,#2088,#424,.T.);
#2619=EDGE_CURVE('',#2088,#2085,#1391,.T.);
#2620=EDGE_CURVE('',#2089,#2090,#425,.T.);
#2621=EDGE_CURVE('',#2090,#2091,#1392,.T.);
#2622=EDGE_CURVE('',#2091,#2092,#426,.T.);
#2623=EDGE_CURVE('',#2092,#2089,#1393,.T.);
#2624=EDGE_CURVE('',#2085,#2092,#427,.T.);
#2625=EDGE_CURVE('',#2091,#2086,#428,.T.);
#2626=EDGE_CURVE('',#2093,#2094,#1760,.T.);
#2627=EDGE_CURVE('',#2094,#2088,#429,.T.);
#2628=EDGE_CURVE('',#2087,#2095,#430,.T.);
#2629=EDGE_CURVE('',#2095,#2096,#1761,.T.);
#2630=EDGE_CURVE('',#2096,#2093,#1762,.T.);
#2631=EDGE_CURVE('',#2097,#2098,#1763,.T.);
#2632=EDGE_CURVE('',#2098,#2090,#1764,.T.);
#2633=EDGE_CURVE('',#2099,#2089,#431,.T.);
#2634=EDGE_CURVE('',#2099,#2097,#1765,.T.);
#2635=EDGE_CURVE('',#2095,#2100,#432,.T.);
#2636=EDGE_CURVE('',#2096,#2100,#433,.T.);
#2637=EDGE_CURVE('',#2101,#2087,#1394,.T.);
#2638=EDGE_CURVE('',#2102,#2101,#434,.T.);
#2639=EDGE_CURVE('',#2095,#2102,#1395,.T.);
#2640=EDGE_CURVE('',#2103,#2086,#1396,.T.);
#2641=EDGE_CURVE('',#2101,#2103,#1397,.T.);
#2642=EDGE_CURVE('',#2104,#2091,#1398,.T.);
#2643=EDGE_CURVE('',#2103,#2104,#435,.T.);
#2644=EDGE_CURVE('',#2105,#2098,#1766,.T.);
#2645=EDGE_CURVE('',#2106,#2105,#1399,.T.);
#2646=EDGE_CURVE('',#2104,#2106,#1400,.T.);
#2647=EDGE_CURVE('',#2107,#2097,#436,.T.);
#2648=EDGE_CURVE('',#2107,#2108,#437,.T.);
#2649=EDGE_CURVE('',#2108,#2109,#438,.T.);
#2650=EDGE_CURVE('',#2109,#2105,#1767,.T.);
#2651=EDGE_CURVE('',#2093,#2110,#439,.T.);
#2652=EDGE_CURVE('',#2110,#2107,#440,.T.);
#2653=EDGE_CURVE('',#2089,#2094,#441,.T.);
#2654=EDGE_CURVE('',#2100,#2110,#442,.T.);
#2655=EDGE_CURVE('',#2111,#2109,#1768,.T.);
#2656=EDGE_CURVE('',#2108,#2111,#443,.T.);
#2657=EDGE_CURVE('',#2112,#2100,#1401,.T.);
#2658=EDGE_CURVE('',#2113,#2112,#444,.T.);
#2659=EDGE_CURVE('',#2113,#2108,#1402,.T.);
#2660=EDGE_CURVE('',#2112,#2102,#445,.T.);
#2661=EDGE_CURVE('',#2114,#2037,#1403,.T.);
#2662=EDGE_CURVE('',#2115,#2114,#446,.T.);
#2663=EDGE_CURVE('',#2035,#2115,#1404,.T.);
#2664=EDGE_CURVE('',#2116,#2117,#447,.T.);
#2665=EDGE_CURVE('',#2117,#2118,#1405,.T.);
#2666=EDGE_CURVE('',#2118,#2119,#448,.T.);
#2667=EDGE_CURVE('',#2119,#2116,#1406,.T.);
#2668=EDGE_CURVE('',#2120,#2118,#449,.T.);
#2669=EDGE_CURVE('',#2118,#2121,#1407,.T.);
#2670=EDGE_CURVE('',#2121,#2122,#450,.T.);
#2671=EDGE_CURVE('',#2122,#2120,#1408,.T.);
#2672=EDGE_CURVE('',#2123,#2124,#451,.T.);
#2673=EDGE_CURVE('',#2124,#2122,#1769,.T.);
#2674=EDGE_CURVE('',#2121,#2123,#1770,.T.);
#2675=EDGE_CURVE('',#2125,#2126,#452,.T.);
#2676=EDGE_CURVE('',#2126,#2124,#1409,.T.);
#2677=EDGE_CURVE('',#2123,#2125,#1410,.T.);
#2678=EDGE_CURVE('',#2127,#2128,#453,.T.);
#2679=EDGE_CURVE('',#2128,#2126,#1771,.T.);
#2680=EDGE_CURVE('',#2125,#2127,#1772,.T.);
#2681=EDGE_CURVE('',#2120,#2119,#454,.T.);
#2682=EDGE_CURVE('',#2129,#2130,#1773,.T.);
#2683=EDGE_CURVE('',#2130,#2131,#1774,.T.);
#2684=EDGE_CURVE('',#2131,#2127,#455,.T.);
#2685=EDGE_CURVE('',#2127,#2129,#1775,.T.);
#2686=EDGE_CURVE('',#2131,#2128,#456,.T.);
#2687=EDGE_CURVE('',#2132,#2133,#457,.T.);
#2688=EDGE_CURVE('',#2045,#2132,#1411,.T.);
#2689=EDGE_CURVE('',#2133,#2047,#1412,.T.);
#2690=EDGE_CURVE('',#2120,#2128,#458,.T.);
#2691=EDGE_CURVE('',#2131,#2119,#459,.T.);
#2692=EDGE_CURVE('',#2116,#2130,#460,.T.);
#2693=EDGE_CURVE('',#2134,#2125,#1413,.T.);
#2694=EDGE_CURVE('',#2129,#2134,#461,.T.);
#2695=EDGE_CURVE('',#2135,#2080,#462,.T.);
#2696=EDGE_CURVE('',#2074,#2135,#1414,.T.);
#2697=EDGE_CURVE('',#2136,#2111,#1415,.T.);
#2698=EDGE_CURVE('',#2106,#2136,#463,.T.);
#2699=EDGE_CURVE('',#2137,#2062,#464,.T.);
#2700=EDGE_CURVE('',#2137,#2060,#1416,.T.);
#2701=EDGE_CURVE('',#2138,#2139,#465,.T.);
#2702=EDGE_CURVE('',#2139,#2140,#1417,.T.);
#2703=EDGE_CURVE('',#2140,#2141,#466,.T.);
#2704=EDGE_CURVE('',#2141,#2142,#1418,.T.);
#2705=EDGE_CURVE('',#2142,#2143,#467,.T.);
#2706=EDGE_CURVE('',#2143,#2144,#1419,.T.);
#2707=EDGE_CURVE('',#2144,#2145,#468,.T.);
#2708=EDGE_CURVE('',#2145,#2138,#1420,.T.);
#2709=EDGE_CURVE('',#2134,#2146,#1421,.T.);
#2710=EDGE_CURVE('',#2146,#2147,#469,.T.);
#2711=EDGE_CURVE('',#2147,#2117,#1422,.T.);
#2712=EDGE_CURVE('',#2082,#2135,#470,.T.);
#2713=EDGE_CURVE('',#2065,#2137,#471,.T.);
#2714=EDGE_CURVE('',#2136,#2113,#472,.T.);
#2715=EDGE_CURVE('',#2146,#2123,#1423,.T.);
#2716=EDGE_CURVE('',#2147,#2121,#1424,.T.);
#2717=EDGE_CURVE('',#2042,#2132,#1425,.T.);
#2718=EDGE_CURVE('',#2043,#2133,#1426,.T.);
#2719=EDGE_CURVE('',#2067,#1984,#1427,.T.);
#2720=EDGE_CURVE('',#1986,#2068,#1428,.T.);
#2721=EDGE_CURVE('',#2115,#2032,#1429,.T.);
#2722=EDGE_CURVE('',#2114,#2033,#1430,.T.);
#2723=EDGE_CURVE('',#2022,#2084,#1431,.T.);
#2724=EDGE_CURVE('',#2083,#2023,#1432,.T.);
#2725=EDGE_CURVE('',#1992,#2139,#1433,.T.);
#2726=EDGE_CURVE('',#2140,#1999,#1434,.T.);
#2727=EDGE_CURVE('',#2141,#1998,#1435,.T.);
#2728=EDGE_CURVE('',#2142,#1997,#1436,.T.);
#2729=EDGE_CURVE('',#2143,#1996,#1437,.T.);
#2730=EDGE_CURVE('',#2144,#1995,#1438,.T.);
#2731=EDGE_CURVE('',#2145,#1994,#1439,.T.);
#2732=EDGE_CURVE('',#2138,#1993,#1440,.T.);
#2733=EDGE_CURVE('',#2148,#2148,#473,.T.);
#2734=EDGE_CURVE('',#2148,#2149,#1441,.T.);
#2735=EDGE_CURVE('',#2149,#2149,#474,.T.);
#2736=ORIENTED_EDGE('',*,*,#2150,.F.);
#2737=ORIENTED_EDGE('',*,*,#2151,.T.);
#2738=ORIENTED_EDGE('',*,*,#2152,.F.);
#2739=ORIENTED_EDGE('',*,*,#2153,.F.);
#2740=ORIENTED_EDGE('',*,*,#2154,.F.);
#2741=ORIENTED_EDGE('',*,*,#2155,.T.);
#2742=ORIENTED_EDGE('',*,*,#2156,.F.);
#2743=ORIENTED_EDGE('',*,*,#2151,.F.);
#2744=ORIENTED_EDGE('',*,*,#2157,.F.);
#2745=ORIENTED_EDGE('',*,*,#2158,.T.);
#2746=ORIENTED_EDGE('',*,*,#2159,.F.);
#2747=ORIENTED_EDGE('',*,*,#2155,.F.);
#2748=ORIENTED_EDGE('',*,*,#2160,.F.);
#2749=ORIENTED_EDGE('',*,*,#2153,.T.);
#2750=ORIENTED_EDGE('',*,*,#2161,.F.);
#2751=ORIENTED_EDGE('',*,*,#2158,.F.);
#2752=ORIENTED_EDGE('',*,*,#2162,.F.);
#2753=ORIENTED_EDGE('',*,*,#2163,.T.);
#2754=ORIENTED_EDGE('',*,*,#2164,.F.);
#2755=ORIENTED_EDGE('',*,*,#2165,.F.);
#2756=ORIENTED_EDGE('',*,*,#2166,.F.);
#2757=ORIENTED_EDGE('',*,*,#2167,.T.);
#2758=ORIENTED_EDGE('',*,*,#2168,.F.);
#2759=ORIENTED_EDGE('',*,*,#2163,.F.);
#2760=ORIENTED_EDGE('',*,*,#2169,.F.);
#2761=ORIENTED_EDGE('',*,*,#2170,.T.);
#2762=ORIENTED_EDGE('',*,*,#2171,.F.);
#2763=ORIENTED_EDGE('',*,*,#2167,.F.);
#2764=ORIENTED_EDGE('',*,*,#2172,.F.);
#2765=ORIENTED_EDGE('',*,*,#2165,.T.);
#2766=ORIENTED_EDGE('',*,*,#2173,.F.);
#2767=ORIENTED_EDGE('',*,*,#2170,.F.);
#2768=ORIENTED_EDGE('',*,*,#2174,.F.);
#2769=ORIENTED_EDGE('',*,*,#2175,.T.);
#2770=ORIENTED_EDGE('',*,*,#2176,.F.);
#2771=ORIENTED_EDGE('',*,*,#2177,.F.);
#2772=ORIENTED_EDGE('',*,*,#2178,.F.);
#2773=ORIENTED_EDGE('',*,*,#2179,.T.);
#2774=ORIENTED_EDGE('',*,*,#2180,.F.);
#2775=ORIENTED_EDGE('',*,*,#2175,.F.);
#2776=ORIENTED_EDGE('',*,*,#2181,.F.);
#2777=ORIENTED_EDGE('',*,*,#2182,.T.);
#2778=ORIENTED_EDGE('',*,*,#2183,.F.);
#2779=ORIENTED_EDGE('',*,*,#2179,.F.);
#2780=ORIENTED_EDGE('',*,*,#2184,.F.);
#2781=ORIENTED_EDGE('',*,*,#2177,.T.);
#2782=ORIENTED_EDGE('',*,*,#2185,.F.);
#2783=ORIENTED_EDGE('',*,*,#2182,.F.);
#2784=ORIENTED_EDGE('',*,*,#2186,.F.);
#2785=ORIENTED_EDGE('',*,*,#2187,.T.);
#2786=ORIENTED_EDGE('',*,*,#2188,.F.);
#2787=ORIENTED_EDGE('',*,*,#2189,.F.);
#2788=ORIENTED_EDGE('',*,*,#2190,.F.);
#2789=ORIENTED_EDGE('',*,*,#2191,.T.);
#2790=ORIENTED_EDGE('',*,*,#2192,.F.);
#2791=ORIENTED_EDGE('',*,*,#2187,.F.);
#2792=ORIENTED_EDGE('',*,*,#2193,.F.);
#2793=ORIENTED_EDGE('',*,*,#2194,.T.);
#2794=ORIENTED_EDGE('',*,*,#2195,.F.);
#2795=ORIENTED_EDGE('',*,*,#2191,.F.);
#2796=ORIENTED_EDGE('',*,*,#2196,.F.);
#2797=ORIENTED_EDGE('',*,*,#2189,.T.);
#2798=ORIENTED_EDGE('',*,*,#2197,.F.);
#2799=ORIENTED_EDGE('',*,*,#2194,.F.);
#2800=ORIENTED_EDGE('',*,*,#2198,.T.);
#2801=ORIENTED_EDGE('',*,*,#2199,.F.);
#2802=ORIENTED_EDGE('',*,*,#2200,.F.);
#2803=ORIENTED_EDGE('',*,*,#2201,.F.);
#2804=ORIENTED_EDGE('',*,*,#2202,.F.);
#2805=ORIENTED_EDGE('',*,*,#2203,.F.);
#2806=ORIENTED_EDGE('',*,*,#2204,.F.);
#2807=ORIENTED_EDGE('',*,*,#2205,.F.);
#2808=ORIENTED_EDGE('',*,*,#2199,.T.);
#2809=ORIENTED_EDGE('',*,*,#2206,.F.);
#2810=ORIENTED_EDGE('',*,*,#2207,.T.);
#2811=ORIENTED_EDGE('',*,*,#2208,.F.);
#2812=ORIENTED_EDGE('',*,*,#2205,.T.);
#2813=ORIENTED_EDGE('',*,*,#2209,.F.);
#2814=ORIENTED_EDGE('',*,*,#2210,.F.);
#2815=ORIENTED_EDGE('',*,*,#2211,.F.);
#2816=ORIENTED_EDGE('',*,*,#2201,.T.);
#2817=ORIENTED_EDGE('',*,*,#2212,.F.);
#2818=ORIENTED_EDGE('',*,*,#2213,.F.);
#2819=ORIENTED_EDGE('',*,*,#2214,.F.);
#2820=ORIENTED_EDGE('',*,*,#2203,.T.);
#2821=ORIENTED_EDGE('',*,*,#2215,.F.);
#2822=ORIENTED_EDGE('',*,*,#2216,.T.);
#2823=ORIENTED_EDGE('',*,*,#2217,.F.);
#2824=ORIENTED_EDGE('',*,*,#2218,.T.);
#2825=ORIENTED_EDGE('',*,*,#2219,.F.);
#2826=ORIENTED_EDGE('',*,*,#2220,.F.);
#2827=ORIENTED_EDGE('',*,*,#2221,.F.);
#2828=ORIENTED_EDGE('',*,*,#2222,.F.);
#2829=ORIENTED_EDGE('',*,*,#2223,.F.);
#2830=ORIENTED_EDGE('',*,*,#2224,.F.);
#2831=ORIENTED_EDGE('',*,*,#2225,.F.);
#2832=ORIENTED_EDGE('',*,*,#2219,.T.);
#2833=ORIENTED_EDGE('',*,*,#2226,.F.);
#2834=ORIENTED_EDGE('',*,*,#2227,.F.);
#2835=ORIENTED_EDGE('',*,*,#2228,.F.);
#2836=ORIENTED_EDGE('',*,*,#2225,.T.);
#2837=ORIENTED_EDGE('',*,*,#2229,.F.);
#2838=ORIENTED_EDGE('',*,*,#2230,.F.);
#2839=ORIENTED_EDGE('',*,*,#2231,.F.);
#2840=ORIENTED_EDGE('',*,*,#2221,.T.);
#2841=ORIENTED_EDGE('',*,*,#2232,.F.);
#2842=ORIENTED_EDGE('',*,*,#2233,.F.);
#2843=ORIENTED_EDGE('',*,*,#2234,.F.);
#2844=ORIENTED_EDGE('',*,*,#2223,.T.);
#2845=ORIENTED_EDGE('',*,*,#2235,.F.);
#2846=ORIENTED_EDGE('',*,*,#2236,.T.);
#2847=ORIENTED_EDGE('',*,*,#2237,.F.);
#2848=ORIENTED_EDGE('',*,*,#2238,.T.);
#2849=ORIENTED_EDGE('',*,*,#2239,.F.);
#2850=ORIENTED_EDGE('',*,*,#2240,.F.);
#2851=ORIENTED_EDGE('',*,*,#2241,.F.);
#2852=ORIENTED_EDGE('',*,*,#2242,.F.);
#2853=ORIENTED_EDGE('',*,*,#2243,.F.);
#2854=ORIENTED_EDGE('',*,*,#2244,.F.);
#2855=ORIENTED_EDGE('',*,*,#2245,.F.);
#2856=ORIENTED_EDGE('',*,*,#2239,.T.);
#2857=ORIENTED_EDGE('',*,*,#2246,.F.);
#2858=ORIENTED_EDGE('',*,*,#2247,.T.);
#2859=ORIENTED_EDGE('',*,*,#2248,.F.);
#2860=ORIENTED_EDGE('',*,*,#2245,.T.);
#2861=ORIENTED_EDGE('',*,*,#2249,.F.);
#2862=ORIENTED_EDGE('',*,*,#2250,.F.);
#2863=ORIENTED_EDGE('',*,*,#2251,.F.);
#2864=ORIENTED_EDGE('',*,*,#2241,.T.);
#2865=ORIENTED_EDGE('',*,*,#2252,.F.);
#2866=ORIENTED_EDGE('',*,*,#2253,.F.);
#2867=ORIENTED_EDGE('',*,*,#2254,.F.);
#2868=ORIENTED_EDGE('',*,*,#2243,.T.);
#2869=ORIENTED_EDGE('',*,*,#2255,.F.);
#2870=ORIENTED_EDGE('',*,*,#2256,.T.);
#2871=ORIENTED_EDGE('',*,*,#2257,.F.);
#2872=ORIENTED_EDGE('',*,*,#2258,.T.);
#2873=ORIENTED_EDGE('',*,*,#2259,.F.);
#2874=ORIENTED_EDGE('',*,*,#2260,.F.);
#2875=ORIENTED_EDGE('',*,*,#2261,.F.);
#2876=ORIENTED_EDGE('',*,*,#2262,.T.);
#2877=ORIENTED_EDGE('',*,*,#2263,.F.);
#2878=ORIENTED_EDGE('',*,*,#2264,.F.);
#2879=ORIENTED_EDGE('',*,*,#2265,.F.);
#2880=ORIENTED_EDGE('',*,*,#2259,.T.);
#2881=ORIENTED_EDGE('',*,*,#2266,.F.);
#2882=ORIENTED_EDGE('',*,*,#2267,.F.);
#2883=ORIENTED_EDGE('',*,*,#2268,.F.);
#2884=ORIENTED_EDGE('',*,*,#2265,.T.);
#2885=ORIENTED_EDGE('',*,*,#2269,.F.);
#2886=ORIENTED_EDGE('',*,*,#2270,.F.);
#2887=ORIENTED_EDGE('',*,*,#2271,.F.);
#2888=ORIENTED_EDGE('',*,*,#2261,.T.);
#2889=ORIENTED_EDGE('',*,*,#2272,.F.);
#2890=ORIENTED_EDGE('',*,*,#2273,.F.);
#2891=ORIENTED_EDGE('',*,*,#2274,.F.);
#2892=ORIENTED_EDGE('',*,*,#2263,.T.);
#2893=ORIENTED_EDGE('',*,*,#2275,.F.);
#2894=ORIENTED_EDGE('',*,*,#2276,.T.);
#2895=ORIENTED_EDGE('',*,*,#2277,.F.);
#2896=ORIENTED_EDGE('',*,*,#2278,.T.);
#2897=ORIENTED_EDGE('',*,*,#2279,.F.);
#2898=ORIENTED_EDGE('',*,*,#2233,.T.);
#2899=ORIENTED_EDGE('',*,*,#2280,.F.);
#2900=ORIENTED_EDGE('',*,*,#2281,.T.);
#2901=ORIENTED_EDGE('',*,*,#2282,.F.);
#2902=ORIENTED_EDGE('',*,*,#2273,.T.);
#2903=ORIENTED_EDGE('',*,*,#2283,.F.);
#2904=ORIENTED_EDGE('',*,*,#2284,.T.);
#2905=ORIENTED_EDGE('',*,*,#2285,.F.);
#2906=ORIENTED_EDGE('',*,*,#2213,.T.);
#2907=ORIENTED_EDGE('',*,*,#2286,.F.);
#2908=ORIENTED_EDGE('',*,*,#2227,.T.);
#2909=ORIENTED_EDGE('',*,*,#2287,.F.);
#2910=ORIENTED_EDGE('',*,*,#2288,.T.);
#2911=ORIENTED_EDGE('',*,*,#2289,.F.);
#2912=ORIENTED_EDGE('',*,*,#2278,.F.);
#2913=ORIENTED_EDGE('',*,*,#2290,.F.);
#2914=ORIENTED_EDGE('',*,*,#2291,.F.);
#2915=ORIENTED_EDGE('',*,*,#2292,.F.);
#2916=ORIENTED_EDGE('',*,*,#2207,.F.);
#2917=ORIENTED_EDGE('',*,*,#2293,.F.);
#2918=ORIENTED_EDGE('',*,*,#2294,.T.);
#2919=ORIENTED_EDGE('',*,*,#2295,.F.);
#2920=ORIENTED_EDGE('',*,*,#2284,.F.);
#2921=ORIENTED_EDGE('',*,*,#2296,.F.);
#2922=ORIENTED_EDGE('',*,*,#2288,.F.);
#2923=ORIENTED_EDGE('',*,*,#2297,.F.);
#2924=ORIENTED_EDGE('',*,*,#2298,.T.);
#2925=ORIENTED_EDGE('',*,*,#2299,.F.);
#2926=ORIENTED_EDGE('',*,*,#2253,.T.);
#2927=ORIENTED_EDGE('',*,*,#2300,.F.);
#2928=ORIENTED_EDGE('',*,*,#2247,.F.);
#2929=ORIENTED_EDGE('',*,*,#2301,.F.);
#2930=ORIENTED_EDGE('',*,*,#2302,.T.);
#2931=ORIENTED_EDGE('',*,*,#2303,.F.);
#2932=ORIENTED_EDGE('',*,*,#2298,.F.);
#2933=ORIENTED_EDGE('',*,*,#2304,.F.);
#2934=ORIENTED_EDGE('',*,*,#2294,.F.);
#2935=ORIENTED_EDGE('',*,*,#2305,.F.);
#2936=ORIENTED_EDGE('',*,*,#2267,.T.);
#2937=ORIENTED_EDGE('',*,*,#2306,.F.);
#2938=ORIENTED_EDGE('',*,*,#2291,.T.);
#2939=ORIENTED_EDGE('',*,*,#2307,.F.);
#2940=ORIENTED_EDGE('',*,*,#2281,.F.);
#2941=ORIENTED_EDGE('',*,*,#2308,.F.);
#2942=ORIENTED_EDGE('',*,*,#2302,.F.);
#2943=ORIENTED_EDGE('',*,*,#2309,.F.);
#2944=ORIENTED_EDGE('',*,*,#2310,.F.);
#2945=ORIENTED_EDGE('',*,*,#2276,.F.);
#2946=ORIENTED_EDGE('',*,*,#2311,.F.);
#2947=ORIENTED_EDGE('',*,*,#2312,.T.);
#2948=ORIENTED_EDGE('',*,*,#2313,.F.);
#2949=ORIENTED_EDGE('',*,*,#2312,.F.);
#2950=ORIENTED_EDGE('',*,*,#2314,.F.);
#2951=ORIENTED_EDGE('',*,*,#2270,.T.);
#2952=ORIENTED_EDGE('',*,*,#2315,.F.);
#2953=ORIENTED_EDGE('',*,*,#2236,.F.);
#2954=ORIENTED_EDGE('',*,*,#2316,.F.);
#2955=ORIENTED_EDGE('',*,*,#2317,.T.);
#2956=ORIENTED_EDGE('',*,*,#2318,.F.);
#2957=ORIENTED_EDGE('',*,*,#2317,.F.);
#2958=ORIENTED_EDGE('',*,*,#2319,.F.);
#2959=ORIENTED_EDGE('',*,*,#2230,.T.);
#2960=ORIENTED_EDGE('',*,*,#2320,.F.);
#2961=ORIENTED_EDGE('',*,*,#2216,.F.);
#2962=ORIENTED_EDGE('',*,*,#2321,.F.);
#2963=ORIENTED_EDGE('',*,*,#2322,.T.);
#2964=ORIENTED_EDGE('',*,*,#2323,.F.);
#2965=ORIENTED_EDGE('',*,*,#2322,.F.);
#2966=ORIENTED_EDGE('',*,*,#2324,.F.);
#2967=ORIENTED_EDGE('',*,*,#2210,.T.);
#2968=ORIENTED_EDGE('',*,*,#2325,.F.);
#2969=ORIENTED_EDGE('',*,*,#2256,.F.);
#2970=ORIENTED_EDGE('',*,*,#2326,.F.);
#2971=ORIENTED_EDGE('',*,*,#2327,.T.);
#2972=ORIENTED_EDGE('',*,*,#2328,.F.);
#2973=ORIENTED_EDGE('',*,*,#2327,.F.);
#2974=ORIENTED_EDGE('',*,*,#2329,.F.);
#2975=ORIENTED_EDGE('',*,*,#2250,.T.);
#2976=ORIENTED_EDGE('',*,*,#2330,.F.);
#2977=ORIENTED_EDGE('',*,*,#2331,.T.);
#2978=ORIENTED_EDGE('',*,*,#2332,.T.);
#2979=ORIENTED_EDGE('',*,*,#2331,.F.);
#2980=ORIENTED_EDGE('',*,*,#2332,.F.);
#2981=ORIENTED_EDGE('',*,*,#2333,.F.);
#2982=ORIENTED_EDGE('',*,*,#2334,.T.);
#2983=ORIENTED_EDGE('',*,*,#2335,.T.);
#2984=ORIENTED_EDGE('',*,*,#2334,.F.);
#2985=ORIENTED_EDGE('',*,*,#2335,.F.);
#2986=ORIENTED_EDGE('',*,*,#2336,.F.);
#2987=ORIENTED_EDGE('',*,*,#2337,.T.);
#2988=ORIENTED_EDGE('',*,*,#2338,.T.);
#2989=ORIENTED_EDGE('',*,*,#2337,.F.);
#2990=ORIENTED_EDGE('',*,*,#2338,.F.);
#2991=ORIENTED_EDGE('',*,*,#2339,.F.);
#2992=ORIENTED_EDGE('',*,*,#2340,.T.);
#2993=ORIENTED_EDGE('',*,*,#2341,.T.);
#2994=ORIENTED_EDGE('',*,*,#2340,.F.);
#2995=ORIENTED_EDGE('',*,*,#2341,.F.);
#2996=ORIENTED_EDGE('',*,*,#2342,.F.);
#2997=ORIENTED_EDGE('',*,*,#2343,.T.);
#2998=ORIENTED_EDGE('',*,*,#2344,.T.);
#2999=ORIENTED_EDGE('',*,*,#2343,.F.);
#3000=ORIENTED_EDGE('',*,*,#2344,.F.);
#3001=ORIENTED_EDGE('',*,*,#2345,.F.);
#3002=ORIENTED_EDGE('',*,*,#2346,.T.);
#3003=ORIENTED_EDGE('',*,*,#2347,.T.);
#3004=ORIENTED_EDGE('',*,*,#2346,.F.);
#3005=ORIENTED_EDGE('',*,*,#2347,.F.);
#3006=ORIENTED_EDGE('',*,*,#2348,.F.);
#3007=ORIENTED_EDGE('',*,*,#2349,.T.);
#3008=ORIENTED_EDGE('',*,*,#2350,.T.);
#3009=ORIENTED_EDGE('',*,*,#2349,.F.);
#3010=ORIENTED_EDGE('',*,*,#2350,.F.);
#3011=ORIENTED_EDGE('',*,*,#2351,.F.);
#3012=ORIENTED_EDGE('',*,*,#2352,.T.);
#3013=ORIENTED_EDGE('',*,*,#2353,.T.);
#3014=ORIENTED_EDGE('',*,*,#2352,.F.);
#3015=ORIENTED_EDGE('',*,*,#2353,.F.);
#3016=ORIENTED_EDGE('',*,*,#2354,.F.);
#3017=ORIENTED_EDGE('',*,*,#2355,.T.);
#3018=ORIENTED_EDGE('',*,*,#2356,.T.);
#3019=ORIENTED_EDGE('',*,*,#2355,.F.);
#3020=ORIENTED_EDGE('',*,*,#2356,.F.);
#3021=ORIENTED_EDGE('',*,*,#2357,.F.);
#3022=ORIENTED_EDGE('',*,*,#2358,.T.);
#3023=ORIENTED_EDGE('',*,*,#2359,.T.);
#3024=ORIENTED_EDGE('',*,*,#2358,.F.);
#3025=ORIENTED_EDGE('',*,*,#2359,.F.);
#3026=ORIENTED_EDGE('',*,*,#2360,.F.);
#3027=ORIENTED_EDGE('',*,*,#2361,.T.);
#3028=ORIENTED_EDGE('',*,*,#2362,.T.);
#3029=ORIENTED_EDGE('',*,*,#2361,.F.);
#3030=ORIENTED_EDGE('',*,*,#2362,.F.);
#3031=ORIENTED_EDGE('',*,*,#2363,.F.);
#3032=ORIENTED_EDGE('',*,*,#2364,.T.);
#3033=ORIENTED_EDGE('',*,*,#2365,.T.);
#3034=ORIENTED_EDGE('',*,*,#2364,.F.);
#3035=ORIENTED_EDGE('',*,*,#2365,.F.);
#3036=ORIENTED_EDGE('',*,*,#2366,.F.);
#3037=ORIENTED_EDGE('',*,*,#2367,.T.);
#3038=ORIENTED_EDGE('',*,*,#2368,.T.);
#3039=ORIENTED_EDGE('',*,*,#2367,.F.);
#3040=ORIENTED_EDGE('',*,*,#2368,.F.);
#3041=ORIENTED_EDGE('',*,*,#2369,.F.);
#3042=ORIENTED_EDGE('',*,*,#2370,.T.);
#3043=ORIENTED_EDGE('',*,*,#2371,.T.);
#3044=ORIENTED_EDGE('',*,*,#2370,.F.);
#3045=ORIENTED_EDGE('',*,*,#2371,.F.);
#3046=ORIENTED_EDGE('',*,*,#2372,.F.);
#3047=ORIENTED_EDGE('',*,*,#2373,.T.);
#3048=ORIENTED_EDGE('',*,*,#2374,.T.);
#3049=ORIENTED_EDGE('',*,*,#2373,.F.);
#3050=ORIENTED_EDGE('',*,*,#2374,.F.);
#3051=ORIENTED_EDGE('',*,*,#2375,.F.);
#3052=ORIENTED_EDGE('',*,*,#2376,.T.);
#3053=ORIENTED_EDGE('',*,*,#2377,.T.);
#3054=ORIENTED_EDGE('',*,*,#2376,.F.);
#3055=ORIENTED_EDGE('',*,*,#2377,.F.);
#3056=ORIENTED_EDGE('',*,*,#2378,.F.);
#3057=ORIENTED_EDGE('',*,*,#2379,.T.);
#3058=ORIENTED_EDGE('',*,*,#2380,.T.);
#3059=ORIENTED_EDGE('',*,*,#2379,.F.);
#3060=ORIENTED_EDGE('',*,*,#2380,.F.);
#3061=ORIENTED_EDGE('',*,*,#2381,.F.);
#3062=ORIENTED_EDGE('',*,*,#2382,.T.);
#3063=ORIENTED_EDGE('',*,*,#2383,.T.);
#3064=ORIENTED_EDGE('',*,*,#2382,.F.);
#3065=ORIENTED_EDGE('',*,*,#2383,.F.);
#3066=ORIENTED_EDGE('',*,*,#2384,.F.);
#3067=ORIENTED_EDGE('',*,*,#2385,.T.);
#3068=ORIENTED_EDGE('',*,*,#2386,.T.);
#3069=ORIENTED_EDGE('',*,*,#2385,.F.);
#3070=ORIENTED_EDGE('',*,*,#2386,.F.);
#3071=ORIENTED_EDGE('',*,*,#2387,.F.);
#3072=ORIENTED_EDGE('',*,*,#2388,.T.);
#3073=ORIENTED_EDGE('',*,*,#2389,.T.);
#3074=ORIENTED_EDGE('',*,*,#2388,.F.);
#3075=ORIENTED_EDGE('',*,*,#2389,.F.);
#3076=ORIENTED_EDGE('',*,*,#2390,.F.);
#3077=ORIENTED_EDGE('',*,*,#2391,.T.);
#3078=ORIENTED_EDGE('',*,*,#2392,.T.);
#3079=ORIENTED_EDGE('',*,*,#2391,.F.);
#3080=ORIENTED_EDGE('',*,*,#2392,.F.);
#3081=ORIENTED_EDGE('',*,*,#2393,.F.);
#3082=ORIENTED_EDGE('',*,*,#2394,.T.);
#3083=ORIENTED_EDGE('',*,*,#2395,.T.);
#3084=ORIENTED_EDGE('',*,*,#2394,.F.);
#3085=ORIENTED_EDGE('',*,*,#2395,.F.);
#3086=ORIENTED_EDGE('',*,*,#2396,.F.);
#3087=ORIENTED_EDGE('',*,*,#2397,.T.);
#3088=ORIENTED_EDGE('',*,*,#2398,.T.);
#3089=ORIENTED_EDGE('',*,*,#2397,.F.);
#3090=ORIENTED_EDGE('',*,*,#2398,.F.);
#3091=ORIENTED_EDGE('',*,*,#2399,.F.);
#3092=ORIENTED_EDGE('',*,*,#2400,.T.);
#3093=ORIENTED_EDGE('',*,*,#2401,.T.);
#3094=ORIENTED_EDGE('',*,*,#2400,.F.);
#3095=ORIENTED_EDGE('',*,*,#2401,.F.);
#3096=ORIENTED_EDGE('',*,*,#2402,.F.);
#3097=ORIENTED_EDGE('',*,*,#2403,.T.);
#3098=ORIENTED_EDGE('',*,*,#2404,.T.);
#3099=ORIENTED_EDGE('',*,*,#2403,.F.);
#3100=ORIENTED_EDGE('',*,*,#2404,.F.);
#3101=ORIENTED_EDGE('',*,*,#2405,.F.);
#3102=ORIENTED_EDGE('',*,*,#2406,.T.);
#3103=ORIENTED_EDGE('',*,*,#2407,.T.);
#3104=ORIENTED_EDGE('',*,*,#2406,.F.);
#3105=ORIENTED_EDGE('',*,*,#2407,.F.);
#3106=ORIENTED_EDGE('',*,*,#2408,.F.);
#3107=ORIENTED_EDGE('',*,*,#2409,.T.);
#3108=ORIENTED_EDGE('',*,*,#2410,.T.);
#3109=ORIENTED_EDGE('',*,*,#2409,.F.);
#3110=ORIENTED_EDGE('',*,*,#2410,.F.);
#3111=ORIENTED_EDGE('',*,*,#2411,.F.);
#3112=ORIENTED_EDGE('',*,*,#2412,.T.);
#3113=ORIENTED_EDGE('',*,*,#2413,.T.);
#3114=ORIENTED_EDGE('',*,*,#2412,.F.);
#3115=ORIENTED_EDGE('',*,*,#2413,.F.);
#3116=ORIENTED_EDGE('',*,*,#2414,.F.);
#3117=ORIENTED_EDGE('',*,*,#2415,.T.);
#3118=ORIENTED_EDGE('',*,*,#2416,.T.);
#3119=ORIENTED_EDGE('',*,*,#2415,.F.);
#3120=ORIENTED_EDGE('',*,*,#2416,.F.);
#3121=ORIENTED_EDGE('',*,*,#2417,.F.);
#3122=ORIENTED_EDGE('',*,*,#2418,.T.);
#3123=ORIENTED_EDGE('',*,*,#2419,.T.);
#3124=ORIENTED_EDGE('',*,*,#2418,.F.);
#3125=ORIENTED_EDGE('',*,*,#2419,.F.);
#3126=ORIENTED_EDGE('',*,*,#2420,.F.);
#3127=ORIENTED_EDGE('',*,*,#2421,.T.);
#3128=ORIENTED_EDGE('',*,*,#2422,.T.);
#3129=ORIENTED_EDGE('',*,*,#2421,.F.);
#3130=ORIENTED_EDGE('',*,*,#2422,.F.);
#3131=ORIENTED_EDGE('',*,*,#2423,.F.);
#3132=ORIENTED_EDGE('',*,*,#2424,.T.);
#3133=ORIENTED_EDGE('',*,*,#2425,.T.);
#3134=ORIENTED_EDGE('',*,*,#2424,.F.);
#3135=ORIENTED_EDGE('',*,*,#2425,.F.);
#3136=ORIENTED_EDGE('',*,*,#2426,.F.);
#3137=ORIENTED_EDGE('',*,*,#2427,.T.);
#3138=ORIENTED_EDGE('',*,*,#2428,.T.);
#3139=ORIENTED_EDGE('',*,*,#2427,.F.);
#3140=ORIENTED_EDGE('',*,*,#2428,.F.);
#3141=ORIENTED_EDGE('',*,*,#2429,.F.);
#3142=ORIENTED_EDGE('',*,*,#2430,.T.);
#3143=ORIENTED_EDGE('',*,*,#2431,.T.);
#3144=ORIENTED_EDGE('',*,*,#2430,.F.);
#3145=ORIENTED_EDGE('',*,*,#2431,.F.);
#3146=ORIENTED_EDGE('',*,*,#2432,.F.);
#3147=ORIENTED_EDGE('',*,*,#2433,.T.);
#3148=ORIENTED_EDGE('',*,*,#2434,.T.);
#3149=ORIENTED_EDGE('',*,*,#2433,.F.);
#3150=ORIENTED_EDGE('',*,*,#2434,.F.);
#3151=ORIENTED_EDGE('',*,*,#2435,.F.);
#3152=ORIENTED_EDGE('',*,*,#2436,.T.);
#3153=ORIENTED_EDGE('',*,*,#2437,.T.);
#3154=ORIENTED_EDGE('',*,*,#2436,.F.);
#3155=ORIENTED_EDGE('',*,*,#2437,.F.);
#3156=ORIENTED_EDGE('',*,*,#2438,.F.);
#3157=ORIENTED_EDGE('',*,*,#2439,.T.);
#3158=ORIENTED_EDGE('',*,*,#2440,.T.);
#3159=ORIENTED_EDGE('',*,*,#2439,.F.);
#3160=ORIENTED_EDGE('',*,*,#2440,.F.);
#3161=ORIENTED_EDGE('',*,*,#2441,.F.);
#3162=ORIENTED_EDGE('',*,*,#2442,.T.);
#3163=ORIENTED_EDGE('',*,*,#2443,.T.);
#3164=ORIENTED_EDGE('',*,*,#2442,.F.);
#3165=ORIENTED_EDGE('',*,*,#2443,.F.);
#3166=ORIENTED_EDGE('',*,*,#2444,.F.);
#3167=ORIENTED_EDGE('',*,*,#2445,.T.);
#3168=ORIENTED_EDGE('',*,*,#2446,.T.);
#3169=ORIENTED_EDGE('',*,*,#2445,.F.);
#3170=ORIENTED_EDGE('',*,*,#2446,.F.);
#3171=ORIENTED_EDGE('',*,*,#2447,.F.);
#3172=ORIENTED_EDGE('',*,*,#2448,.T.);
#3173=ORIENTED_EDGE('',*,*,#2449,.T.);
#3174=ORIENTED_EDGE('',*,*,#2448,.F.);
#3175=ORIENTED_EDGE('',*,*,#2449,.F.);
#3176=ORIENTED_EDGE('',*,*,#2450,.T.);
#3177=ORIENTED_EDGE('',*,*,#2451,.T.);
#3178=ORIENTED_EDGE('',*,*,#2452,.T.);
#3179=ORIENTED_EDGE('',*,*,#2453,.T.);
#3180=ORIENTED_EDGE('',*,*,#2454,.T.);
#3181=ORIENTED_EDGE('',*,*,#2455,.T.);
#3182=ORIENTED_EDGE('',*,*,#2451,.F.);
#3183=ORIENTED_EDGE('',*,*,#2456,.T.);
#3184=ORIENTED_EDGE('',*,*,#2457,.T.);
#3185=ORIENTED_EDGE('',*,*,#2458,.T.);
#3186=ORIENTED_EDGE('',*,*,#2454,.F.);
#3187=ORIENTED_EDGE('',*,*,#2459,.T.);
#3188=ORIENTED_EDGE('',*,*,#2460,.T.);
#3189=ORIENTED_EDGE('',*,*,#2461,.T.);
#3190=ORIENTED_EDGE('',*,*,#2457,.F.);
#3191=ORIENTED_EDGE('',*,*,#2462,.T.);
#3192=ORIENTED_EDGE('',*,*,#2463,.T.);
#3193=ORIENTED_EDGE('',*,*,#2464,.T.);
#3194=ORIENTED_EDGE('',*,*,#2460,.F.);
#3195=ORIENTED_EDGE('',*,*,#2465,.T.);
#3196=ORIENTED_EDGE('',*,*,#2466,.T.);
#3197=ORIENTED_EDGE('',*,*,#2463,.F.);
#3198=ORIENTED_EDGE('',*,*,#2467,.T.);
#3199=ORIENTED_EDGE('',*,*,#2453,.F.);
#3200=ORIENTED_EDGE('',*,*,#2459,.F.);
#3201=ORIENTED_EDGE('',*,*,#2468,.F.);
#3202=ORIENTED_EDGE('',*,*,#2469,.T.);
#3203=ORIENTED_EDGE('',*,*,#2470,.T.);
#3204=ORIENTED_EDGE('',*,*,#2456,.F.);
#3205=ORIENTED_EDGE('',*,*,#2471,.F.);
#3206=ORIENTED_EDGE('',*,*,#2472,.T.);
#3207=ORIENTED_EDGE('',*,*,#2468,.T.);
#3208=ORIENTED_EDGE('',*,*,#2450,.F.);
#3209=ORIENTED_EDGE('',*,*,#2473,.F.);
#3210=ORIENTED_EDGE('',*,*,#2474,.T.);
#3211=ORIENTED_EDGE('',*,*,#2471,.T.);
#3212=ORIENTED_EDGE('',*,*,#2475,.T.);
#3213=ORIENTED_EDGE('',*,*,#2476,.T.);
#3214=ORIENTED_EDGE('',*,*,#2477,.T.);
#3215=ORIENTED_EDGE('',*,*,#2478,.T.);
#3216=ORIENTED_EDGE('',*,*,#2479,.T.);
#3217=ORIENTED_EDGE('',*,*,#2480,.T.);
#3218=ORIENTED_EDGE('',*,*,#2481,.T.);
#3219=ORIENTED_EDGE('',*,*,#2482,.T.);
#3220=ORIENTED_EDGE('',*,*,#2198,.F.);
#3221=ORIENTED_EDGE('',*,*,#2214,.T.);
#3222=ORIENTED_EDGE('',*,*,#2285,.T.);
#3223=ORIENTED_EDGE('',*,*,#2297,.T.);
#3224=ORIENTED_EDGE('',*,*,#2287,.T.);
#3225=ORIENTED_EDGE('',*,*,#2226,.T.);
#3226=ORIENTED_EDGE('',*,*,#2218,.F.);
#3227=ORIENTED_EDGE('',*,*,#2234,.T.);
#3228=ORIENTED_EDGE('',*,*,#2279,.T.);
#3229=ORIENTED_EDGE('',*,*,#2292,.T.);
#3230=ORIENTED_EDGE('',*,*,#2306,.T.);
#3231=ORIENTED_EDGE('',*,*,#2266,.T.);
#3232=ORIENTED_EDGE('',*,*,#2258,.F.);
#3233=ORIENTED_EDGE('',*,*,#2274,.T.);
#3234=ORIENTED_EDGE('',*,*,#2282,.T.);
#3235=ORIENTED_EDGE('',*,*,#2309,.T.);
#3236=ORIENTED_EDGE('',*,*,#2301,.T.);
#3237=ORIENTED_EDGE('',*,*,#2246,.T.);
#3238=ORIENTED_EDGE('',*,*,#2238,.F.);
#3239=ORIENTED_EDGE('',*,*,#2254,.T.);
#3240=ORIENTED_EDGE('',*,*,#2299,.T.);
#3241=ORIENTED_EDGE('',*,*,#2305,.T.);
#3242=ORIENTED_EDGE('',*,*,#2293,.T.);
#3243=ORIENTED_EDGE('',*,*,#2206,.T.);
#3244=ORIENTED_EDGE('',*,*,#2330,.T.);
#3245=ORIENTED_EDGE('',*,*,#2333,.T.);
#3246=ORIENTED_EDGE('',*,*,#2336,.T.);
#3247=ORIENTED_EDGE('',*,*,#2339,.T.);
#3248=ORIENTED_EDGE('',*,*,#2342,.T.);
#3249=ORIENTED_EDGE('',*,*,#2345,.T.);
#3250=ORIENTED_EDGE('',*,*,#2348,.T.);
#3251=ORIENTED_EDGE('',*,*,#2351,.T.);
#3252=ORIENTED_EDGE('',*,*,#2354,.T.);
#3253=ORIENTED_EDGE('',*,*,#2357,.T.);
#3254=ORIENTED_EDGE('',*,*,#2390,.T.);
#3255=ORIENTED_EDGE('',*,*,#2393,.T.);
#3256=ORIENTED_EDGE('',*,*,#2396,.T.);
#3257=ORIENTED_EDGE('',*,*,#2399,.T.);
#3258=ORIENTED_EDGE('',*,*,#2402,.T.);
#3259=ORIENTED_EDGE('',*,*,#2405,.T.);
#3260=ORIENTED_EDGE('',*,*,#2408,.T.);
#3261=ORIENTED_EDGE('',*,*,#2411,.T.);
#3262=ORIENTED_EDGE('',*,*,#2414,.T.);
#3263=ORIENTED_EDGE('',*,*,#2417,.T.);
#3264=ORIENTED_EDGE('',*,*,#2452,.F.);
#3265=ORIENTED_EDGE('',*,*,#2455,.F.);
#3266=ORIENTED_EDGE('',*,*,#2458,.F.);
#3267=ORIENTED_EDGE('',*,*,#2461,.F.);
#3268=ORIENTED_EDGE('',*,*,#2464,.F.);
#3269=ORIENTED_EDGE('',*,*,#2466,.F.);
#3270=ORIENTED_EDGE('',*,*,#2483,.F.);
#3271=ORIENTED_EDGE('',*,*,#2484,.F.);
#3272=ORIENTED_EDGE('',*,*,#2485,.F.);
#3273=ORIENTED_EDGE('',*,*,#2486,.F.);
#3274=ORIENTED_EDGE('',*,*,#2487,.F.);
#3275=ORIENTED_EDGE('',*,*,#2488,.F.);
#3276=ORIENTED_EDGE('',*,*,#2489,.F.);
#3277=ORIENTED_EDGE('',*,*,#2490,.F.);
#3278=ORIENTED_EDGE('',*,*,#2491,.F.);
#3279=ORIENTED_EDGE('',*,*,#2492,.F.);
#3280=ORIENTED_EDGE('',*,*,#2493,.F.);
#3281=ORIENTED_EDGE('',*,*,#2494,.F.);
#3282=ORIENTED_EDGE('',*,*,#2495,.F.);
#3283=ORIENTED_EDGE('',*,*,#2496,.F.);
#3284=ORIENTED_EDGE('',*,*,#2497,.F.);
#3285=ORIENTED_EDGE('',*,*,#2498,.F.);
#3286=ORIENTED_EDGE('',*,*,#2499,.F.);
#3287=ORIENTED_EDGE('',*,*,#2500,.F.);
#3288=ORIENTED_EDGE('',*,*,#2447,.T.);
#3289=ORIENTED_EDGE('',*,*,#2444,.T.);
#3290=ORIENTED_EDGE('',*,*,#2441,.T.);
#3291=ORIENTED_EDGE('',*,*,#2438,.T.);
#3292=ORIENTED_EDGE('',*,*,#2435,.T.);
#3293=ORIENTED_EDGE('',*,*,#2432,.T.);
#3294=ORIENTED_EDGE('',*,*,#2429,.T.);
#3295=ORIENTED_EDGE('',*,*,#2426,.T.);
#3296=ORIENTED_EDGE('',*,*,#2423,.T.);
#3297=ORIENTED_EDGE('',*,*,#2420,.T.);
#3298=ORIENTED_EDGE('',*,*,#2387,.T.);
#3299=ORIENTED_EDGE('',*,*,#2384,.T.);
#3300=ORIENTED_EDGE('',*,*,#2381,.T.);
#3301=ORIENTED_EDGE('',*,*,#2378,.T.);
#3302=ORIENTED_EDGE('',*,*,#2375,.T.);
#3303=ORIENTED_EDGE('',*,*,#2372,.T.);
#3304=ORIENTED_EDGE('',*,*,#2369,.T.);
#3305=ORIENTED_EDGE('',*,*,#2366,.T.);
#3306=ORIENTED_EDGE('',*,*,#2363,.T.);
#3307=ORIENTED_EDGE('',*,*,#2360,.T.);
#3308=ORIENTED_EDGE('',*,*,#2271,.T.);
#3309=ORIENTED_EDGE('',*,*,#2314,.T.);
#3310=ORIENTED_EDGE('',*,*,#2311,.T.);
#3311=ORIENTED_EDGE('',*,*,#2275,.T.);
#3312=ORIENTED_EDGE('',*,*,#2262,.F.);
#3313=ORIENTED_EDGE('',*,*,#2251,.T.);
#3314=ORIENTED_EDGE('',*,*,#2329,.T.);
#3315=ORIENTED_EDGE('',*,*,#2326,.T.);
#3316=ORIENTED_EDGE('',*,*,#2255,.T.);
#3317=ORIENTED_EDGE('',*,*,#2242,.T.);
#3318=ORIENTED_EDGE('',*,*,#2231,.T.);
#3319=ORIENTED_EDGE('',*,*,#2319,.T.);
#3320=ORIENTED_EDGE('',*,*,#2316,.T.);
#3321=ORIENTED_EDGE('',*,*,#2235,.T.);
#3322=ORIENTED_EDGE('',*,*,#2222,.T.);
#3323=ORIENTED_EDGE('',*,*,#2211,.T.);
#3324=ORIENTED_EDGE('',*,*,#2324,.T.);
#3325=ORIENTED_EDGE('',*,*,#2321,.T.);
#3326=ORIENTED_EDGE('',*,*,#2215,.T.);
#3327=ORIENTED_EDGE('',*,*,#2202,.T.);
#3328=ORIENTED_EDGE('',*,*,#2186,.T.);
#3329=ORIENTED_EDGE('',*,*,#2196,.T.);
#3330=ORIENTED_EDGE('',*,*,#2193,.T.);
#3331=ORIENTED_EDGE('',*,*,#2190,.T.);
#3332=ORIENTED_EDGE('',*,*,#2174,.T.);
#3333=ORIENTED_EDGE('',*,*,#2184,.T.);
#3334=ORIENTED_EDGE('',*,*,#2181,.T.);
#3335=ORIENTED_EDGE('',*,*,#2178,.T.);
#3336=ORIENTED_EDGE('',*,*,#2162,.T.);
#3337=ORIENTED_EDGE('',*,*,#2172,.T.);
#3338=ORIENTED_EDGE('',*,*,#2169,.T.);
#3339=ORIENTED_EDGE('',*,*,#2166,.T.);
#3340=ORIENTED_EDGE('',*,*,#2150,.T.);
#3341=ORIENTED_EDGE('',*,*,#2160,.T.);
#3342=ORIENTED_EDGE('',*,*,#2157,.T.);
#3343=ORIENTED_EDGE('',*,*,#2154,.T.);
#3344=ORIENTED_EDGE('',*,*,#2501,.T.);
#3345=ORIENTED_EDGE('',*,*,#2502,.T.);
#3346=ORIENTED_EDGE('',*,*,#2495,.T.);
#3347=ORIENTED_EDGE('',*,*,#2503,.T.);
#3348=ORIENTED_EDGE('',*,*,#2504,.T.);
#3349=ORIENTED_EDGE('',*,*,#2496,.T.);
#3350=ORIENTED_EDGE('',*,*,#2502,.F.);
#3351=ORIENTED_EDGE('',*,*,#2505,.T.);
#3352=ORIENTED_EDGE('',*,*,#2506,.T.);
#3353=ORIENTED_EDGE('',*,*,#2497,.T.);
#3354=ORIENTED_EDGE('',*,*,#2504,.F.);
#3355=ORIENTED_EDGE('',*,*,#2507,.T.);
#3356=ORIENTED_EDGE('',*,*,#2508,.T.);
#3357=ORIENTED_EDGE('',*,*,#2498,.T.);
#3358=ORIENTED_EDGE('',*,*,#2506,.F.);
#3359=ORIENTED_EDGE('',*,*,#2509,.T.);
#3360=ORIENTED_EDGE('',*,*,#2510,.T.);
#3361=ORIENTED_EDGE('',*,*,#2499,.T.);
#3362=ORIENTED_EDGE('',*,*,#2508,.F.);
#3363=ORIENTED_EDGE('',*,*,#2511,.T.);
#3364=ORIENTED_EDGE('',*,*,#2500,.T.);
#3365=ORIENTED_EDGE('',*,*,#2510,.F.);
#3366=ORIENTED_EDGE('',*,*,#2512,.T.);
#3367=ORIENTED_EDGE('',*,*,#2503,.F.);
#3368=ORIENTED_EDGE('',*,*,#2507,.F.);
#3369=ORIENTED_EDGE('',*,*,#2513,.F.);
#3370=ORIENTED_EDGE('',*,*,#2514,.T.);
#3371=ORIENTED_EDGE('',*,*,#2515,.T.);
#3372=ORIENTED_EDGE('',*,*,#2505,.F.);
#3373=ORIENTED_EDGE('',*,*,#2516,.F.);
#3374=ORIENTED_EDGE('',*,*,#2517,.T.);
#3375=ORIENTED_EDGE('',*,*,#2513,.T.);
#3376=ORIENTED_EDGE('',*,*,#2501,.F.);
#3377=ORIENTED_EDGE('',*,*,#2518,.F.);
#3378=ORIENTED_EDGE('',*,*,#2519,.T.);
#3379=ORIENTED_EDGE('',*,*,#2516,.T.);
#3380=ORIENTED_EDGE('',*,*,#2520,.T.);
#3381=ORIENTED_EDGE('',*,*,#2521,.T.);
#3382=ORIENTED_EDGE('',*,*,#2483,.T.);
#3383=ORIENTED_EDGE('',*,*,#2522,.T.);
#3384=ORIENTED_EDGE('',*,*,#2523,.T.);
#3385=ORIENTED_EDGE('',*,*,#2484,.T.);
#3386=ORIENTED_EDGE('',*,*,#2521,.F.);
#3387=ORIENTED_EDGE('',*,*,#2524,.T.);
#3388=ORIENTED_EDGE('',*,*,#2525,.T.);
#3389=ORIENTED_EDGE('',*,*,#2485,.T.);
#3390=ORIENTED_EDGE('',*,*,#2523,.F.);
#3391=ORIENTED_EDGE('',*,*,#2526,.T.);
#3392=ORIENTED_EDGE('',*,*,#2527,.T.);
#3393=ORIENTED_EDGE('',*,*,#2486,.T.);
#3394=ORIENTED_EDGE('',*,*,#2525,.F.);
#3395=ORIENTED_EDGE('',*,*,#2528,.T.);
#3396=ORIENTED_EDGE('',*,*,#2529,.T.);
#3397=ORIENTED_EDGE('',*,*,#2487,.T.);
#3398=ORIENTED_EDGE('',*,*,#2527,.F.);
#3399=ORIENTED_EDGE('',*,*,#2530,.T.);
#3400=ORIENTED_EDGE('',*,*,#2488,.T.);
#3401=ORIENTED_EDGE('',*,*,#2529,.F.);
#3402=ORIENTED_EDGE('',*,*,#2531,.T.);
#3403=ORIENTED_EDGE('',*,*,#2522,.F.);
#3404=ORIENTED_EDGE('',*,*,#2526,.F.);
#3405=ORIENTED_EDGE('',*,*,#2532,.T.);
#3406=ORIENTED_EDGE('',*,*,#2533,.T.);
#3407=ORIENTED_EDGE('',*,*,#2534,.T.);
#3408=ORIENTED_EDGE('',*,*,#2524,.F.);
#3409=ORIENTED_EDGE('',*,*,#2535,.F.);
#3410=ORIENTED_EDGE('',*,*,#2536,.T.);
#3411=ORIENTED_EDGE('',*,*,#2532,.F.);
#3412=ORIENTED_EDGE('',*,*,#2520,.F.);
#3413=ORIENTED_EDGE('',*,*,#2537,.F.);
#3414=ORIENTED_EDGE('',*,*,#2538,.T.);
#3415=ORIENTED_EDGE('',*,*,#2535,.T.);
#3416=ORIENTED_EDGE('',*,*,#2539,.T.);
#3417=ORIENTED_EDGE('',*,*,#2540,.T.);
#3418=ORIENTED_EDGE('',*,*,#2489,.T.);
#3419=ORIENTED_EDGE('',*,*,#2541,.F.);
#3420=ORIENTED_EDGE('',*,*,#2542,.T.);
#3421=ORIENTED_EDGE('',*,*,#2490,.T.);
#3422=ORIENTED_EDGE('',*,*,#2540,.F.);
#3423=ORIENTED_EDGE('',*,*,#2543,.T.);
#3424=ORIENTED_EDGE('',*,*,#2544,.T.);
#3425=ORIENTED_EDGE('',*,*,#2491,.T.);
#3426=ORIENTED_EDGE('',*,*,#2542,.F.);
#3427=ORIENTED_EDGE('',*,*,#2545,.T.);
#3428=ORIENTED_EDGE('',*,*,#2546,.T.);
#3429=ORIENTED_EDGE('',*,*,#2492,.T.);
#3430=ORIENTED_EDGE('',*,*,#2544,.F.);
#3431=ORIENTED_EDGE('',*,*,#2547,.T.);
#3432=ORIENTED_EDGE('',*,*,#2548,.T.);
#3433=ORIENTED_EDGE('',*,*,#2493,.T.);
#3434=ORIENTED_EDGE('',*,*,#2546,.F.);
#3435=ORIENTED_EDGE('',*,*,#2549,.T.);
#3436=ORIENTED_EDGE('',*,*,#2494,.T.);
#3437=ORIENTED_EDGE('',*,*,#2548,.F.);
#3438=ORIENTED_EDGE('',*,*,#2550,.T.);
#3439=ORIENTED_EDGE('',*,*,#2541,.T.);
#3440=ORIENTED_EDGE('',*,*,#2545,.F.);
#3441=ORIENTED_EDGE('',*,*,#2551,.T.);
#3442=ORIENTED_EDGE('',*,*,#2552,.T.);
#3443=ORIENTED_EDGE('',*,*,#2553,.F.);
#3444=ORIENTED_EDGE('',*,*,#2543,.F.);
#3445=ORIENTED_EDGE('',*,*,#2554,.T.);
#3446=ORIENTED_EDGE('',*,*,#2555,.T.);
#3447=ORIENTED_EDGE('',*,*,#2551,.F.);
#3448=ORIENTED_EDGE('',*,*,#2539,.F.);
#3449=ORIENTED_EDGE('',*,*,#2556,.T.);
#3450=ORIENTED_EDGE('',*,*,#2557,.T.);
#3451=ORIENTED_EDGE('',*,*,#2554,.F.);
#3452=ORIENTED_EDGE('',*,*,#2558,.T.);
#3453=ORIENTED_EDGE('',*,*,#2559,.T.);
#3454=ORIENTED_EDGE('',*,*,#2560,.T.);
#3455=ORIENTED_EDGE('',*,*,#2561,.T.);
#3456=ORIENTED_EDGE('',*,*,#2562,.T.);
#3457=ORIENTED_EDGE('',*,*,#2563,.T.);
#3458=ORIENTED_EDGE('',*,*,#2560,.F.);
#3459=ORIENTED_EDGE('',*,*,#2564,.T.);
#3460=ORIENTED_EDGE('',*,*,#2565,.T.);
#3461=ORIENTED_EDGE('',*,*,#2566,.T.);
#3462=ORIENTED_EDGE('',*,*,#2567,.T.);
#3463=ORIENTED_EDGE('',*,*,#2568,.T.);
#3464=ORIENTED_EDGE('',*,*,#2569,.T.);
#3465=ORIENTED_EDGE('',*,*,#2570,.T.);
#3466=ORIENTED_EDGE('',*,*,#2558,.F.);
#3467=ORIENTED_EDGE('',*,*,#2571,.T.);
#3468=ORIENTED_EDGE('',*,*,#2569,.F.);
#3469=ORIENTED_EDGE('',*,*,#2572,.T.);
#3470=ORIENTED_EDGE('',*,*,#2565,.F.);
#3471=ORIENTED_EDGE('',*,*,#2573,.T.);
#3472=ORIENTED_EDGE('',*,*,#2574,.F.);
#3473=ORIENTED_EDGE('',*,*,#2564,.F.);
#3474=ORIENTED_EDGE('',*,*,#2575,.F.);
#3475=ORIENTED_EDGE('',*,*,#2576,.F.);
#3476=ORIENTED_EDGE('',*,*,#2577,.F.);
#3477=ORIENTED_EDGE('',*,*,#2559,.F.);
#3478=ORIENTED_EDGE('',*,*,#2578,.F.);
#3479=ORIENTED_EDGE('',*,*,#2579,.F.);
#3480=ORIENTED_EDGE('',*,*,#2575,.T.);
#3481=ORIENTED_EDGE('',*,*,#2572,.F.);
#3482=ORIENTED_EDGE('',*,*,#2580,.F.);
#3483=ORIENTED_EDGE('',*,*,#2581,.F.);
#3484=ORIENTED_EDGE('',*,*,#2578,.T.);
#3485=ORIENTED_EDGE('',*,*,#2568,.F.);
#3486=ORIENTED_EDGE('',*,*,#2582,.F.);
#3487=ORIENTED_EDGE('',*,*,#2583,.F.);
#3488=ORIENTED_EDGE('',*,*,#2580,.T.);
#3489=ORIENTED_EDGE('',*,*,#2562,.F.);
#3490=ORIENTED_EDGE('',*,*,#2584,.T.);
#3491=ORIENTED_EDGE('',*,*,#2585,.T.);
#3492=ORIENTED_EDGE('',*,*,#2567,.F.);
#3493=ORIENTED_EDGE('',*,*,#2586,.T.);
#3494=ORIENTED_EDGE('',*,*,#2566,.F.);
#3495=ORIENTED_EDGE('',*,*,#2574,.T.);
#3496=ORIENTED_EDGE('',*,*,#2587,.T.);
#3497=ORIENTED_EDGE('',*,*,#2584,.F.);
#3498=ORIENTED_EDGE('',*,*,#2588,.F.);
#3499=ORIENTED_EDGE('',*,*,#2589,.F.);
#3500=ORIENTED_EDGE('',*,*,#2469,.F.);
#3501=ORIENTED_EDGE('',*,*,#2472,.F.);
#3502=ORIENTED_EDGE('',*,*,#2474,.F.);
#3503=ORIENTED_EDGE('',*,*,#2590,.F.);
#3504=ORIENTED_EDGE('',*,*,#2563,.F.);
#3505=ORIENTED_EDGE('',*,*,#2586,.F.);
#3506=ORIENTED_EDGE('',*,*,#2570,.F.);
#3507=ORIENTED_EDGE('',*,*,#2571,.F.);
#3508=ORIENTED_EDGE('',*,*,#2561,.F.);
#3509=ORIENTED_EDGE('',*,*,#2591,.F.);
#3510=ORIENTED_EDGE('',*,*,#2592,.T.);
#3511=ORIENTED_EDGE('',*,*,#2593,.T.);
#3512=ORIENTED_EDGE('',*,*,#2594,.T.);
#3513=ORIENTED_EDGE('',*,*,#2595,.T.);
#3514=ORIENTED_EDGE('',*,*,#2596,.T.);
#3515=ORIENTED_EDGE('',*,*,#2597,.T.);
#3516=ORIENTED_EDGE('',*,*,#2593,.F.);
#3517=ORIENTED_EDGE('',*,*,#2591,.T.);
#3518=ORIENTED_EDGE('',*,*,#2598,.T.);
#3519=ORIENTED_EDGE('',*,*,#2599,.T.);
#3520=ORIENTED_EDGE('',*,*,#2600,.T.);
#3521=ORIENTED_EDGE('',*,*,#2601,.T.);
#3522=ORIENTED_EDGE('',*,*,#2602,.T.);
#3523=ORIENTED_EDGE('',*,*,#2599,.F.);
#3524=ORIENTED_EDGE('',*,*,#2603,.T.);
#3525=ORIENTED_EDGE('',*,*,#2604,.T.);
#3526=ORIENTED_EDGE('',*,*,#2601,.F.);
#3527=ORIENTED_EDGE('',*,*,#2605,.T.);
#3528=ORIENTED_EDGE('',*,*,#2596,.F.);
#3529=ORIENTED_EDGE('',*,*,#2603,.F.);
#3530=ORIENTED_EDGE('',*,*,#2606,.F.);
#3531=ORIENTED_EDGE('',*,*,#2607,.F.);
#3532=ORIENTED_EDGE('',*,*,#2608,.T.);
#3533=ORIENTED_EDGE('',*,*,#2598,.F.);
#3534=ORIENTED_EDGE('',*,*,#2609,.F.);
#3535=ORIENTED_EDGE('',*,*,#2610,.F.);
#3536=ORIENTED_EDGE('',*,*,#2606,.T.);
#3537=ORIENTED_EDGE('',*,*,#2594,.F.);
#3538=ORIENTED_EDGE('',*,*,#2611,.F.);
#3539=ORIENTED_EDGE('',*,*,#2612,.F.);
#3540=ORIENTED_EDGE('',*,*,#2609,.T.);
#3541=ORIENTED_EDGE('',*,*,#2514,.F.);
#3542=ORIENTED_EDGE('',*,*,#2517,.F.);
#3543=ORIENTED_EDGE('',*,*,#2519,.F.);
#3544=ORIENTED_EDGE('',*,*,#2613,.F.);
#3545=ORIENTED_EDGE('',*,*,#2614,.F.);
#3546=ORIENTED_EDGE('',*,*,#2615,.F.);
#3547=ORIENTED_EDGE('',*,*,#2592,.F.);
#3548=ORIENTED_EDGE('',*,*,#2600,.F.);
#3549=ORIENTED_EDGE('',*,*,#2602,.F.);
#3550=ORIENTED_EDGE('',*,*,#2604,.F.);
#3551=ORIENTED_EDGE('',*,*,#2595,.F.);
#3552=ORIENTED_EDGE('',*,*,#2616,.T.);
#3553=ORIENTED_EDGE('',*,*,#2617,.T.);
#3554=ORIENTED_EDGE('',*,*,#2618,.T.);
#3555=ORIENTED_EDGE('',*,*,#2619,.T.);
#3556=ORIENTED_EDGE('',*,*,#2620,.T.);
#3557=ORIENTED_EDGE('',*,*,#2621,.T.);
#3558=ORIENTED_EDGE('',*,*,#2622,.T.);
#3559=ORIENTED_EDGE('',*,*,#2623,.T.);
#3560=ORIENTED_EDGE('',*,*,#2616,.F.);
#3561=ORIENTED_EDGE('',*,*,#2624,.T.);
#3562=ORIENTED_EDGE('',*,*,#2622,.F.);
#3563=ORIENTED_EDGE('',*,*,#2625,.T.);
#3564=ORIENTED_EDGE('',*,*,#2626,.T.);
#3565=ORIENTED_EDGE('',*,*,#2627,.T.);
#3566=ORIENTED_EDGE('',*,*,#2618,.F.);
#3567=ORIENTED_EDGE('',*,*,#2628,.T.);
#3568=ORIENTED_EDGE('',*,*,#2629,.T.);
#3569=ORIENTED_EDGE('',*,*,#2630,.T.);
#3570=ORIENTED_EDGE('',*,*,#2631,.T.);
#3571=ORIENTED_EDGE('',*,*,#2632,.T.);
#3572=ORIENTED_EDGE('',*,*,#2620,.F.);
#3573=ORIENTED_EDGE('',*,*,#2633,.F.);
#3574=ORIENTED_EDGE('',*,*,#2634,.T.);
#3575=ORIENTED_EDGE('',*,*,#2629,.F.);
#3576=ORIENTED_EDGE('',*,*,#2635,.T.);
#3577=ORIENTED_EDGE('',*,*,#2636,.F.);
#3578=ORIENTED_EDGE('',*,*,#2628,.F.);
#3579=ORIENTED_EDGE('',*,*,#2637,.F.);
#3580=ORIENTED_EDGE('',*,*,#2638,.F.);
#3581=ORIENTED_EDGE('',*,*,#2639,.F.);
#3582=ORIENTED_EDGE('',*,*,#2617,.F.);
#3583=ORIENTED_EDGE('',*,*,#2640,.F.);
#3584=ORIENTED_EDGE('',*,*,#2641,.F.);
#3585=ORIENTED_EDGE('',*,*,#2637,.T.);
#3586=ORIENTED_EDGE('',*,*,#2625,.F.);
#3587=ORIENTED_EDGE('',*,*,#2642,.F.);
#3588=ORIENTED_EDGE('',*,*,#2643,.F.);
#3589=ORIENTED_EDGE('',*,*,#2640,.T.);
#3590=ORIENTED_EDGE('',*,*,#2621,.F.);
#3591=ORIENTED_EDGE('',*,*,#2632,.F.);
#3592=ORIENTED_EDGE('',*,*,#2644,.F.);
#3593=ORIENTED_EDGE('',*,*,#2645,.F.);
#3594=ORIENTED_EDGE('',*,*,#2646,.F.);
#3595=ORIENTED_EDGE('',*,*,#2642,.T.);
#3596=ORIENTED_EDGE('',*,*,#2631,.F.);
#3597=ORIENTED_EDGE('',*,*,#2647,.F.);
#3598=ORIENTED_EDGE('',*,*,#2648,.T.);
#3599=ORIENTED_EDGE('',*,*,#2649,.T.);
#3600=ORIENTED_EDGE('',*,*,#2650,.T.);
#3601=ORIENTED_EDGE('',*,*,#2644,.T.);
#3602=ORIENTED_EDGE('',*,*,#2626,.F.);
#3603=ORIENTED_EDGE('',*,*,#2651,.T.);
#3604=ORIENTED_EDGE('',*,*,#2652,.T.);
#3605=ORIENTED_EDGE('',*,*,#2647,.T.);
#3606=ORIENTED_EDGE('',*,*,#2634,.F.);
#3607=ORIENTED_EDGE('',*,*,#2633,.T.);
#3608=ORIENTED_EDGE('',*,*,#2653,.T.);
#3609=ORIENTED_EDGE('',*,*,#2630,.F.);
#3610=ORIENTED_EDGE('',*,*,#2636,.T.);
#3611=ORIENTED_EDGE('',*,*,#2654,.T.);
#3612=ORIENTED_EDGE('',*,*,#2651,.F.);
#3613=ORIENTED_EDGE('',*,*,#2655,.T.);
#3614=ORIENTED_EDGE('',*,*,#2649,.F.);
#3615=ORIENTED_EDGE('',*,*,#2656,.T.);
#3616=ORIENTED_EDGE('',*,*,#2648,.F.);
#3617=ORIENTED_EDGE('',*,*,#2652,.F.);
#3618=ORIENTED_EDGE('',*,*,#2654,.F.);
#3619=ORIENTED_EDGE('',*,*,#2657,.F.);
#3620=ORIENTED_EDGE('',*,*,#2658,.F.);
#3621=ORIENTED_EDGE('',*,*,#2659,.T.);
#3622=ORIENTED_EDGE('',*,*,#2635,.F.);
#3623=ORIENTED_EDGE('',*,*,#2639,.T.);
#3624=ORIENTED_EDGE('',*,*,#2660,.F.);
#3625=ORIENTED_EDGE('',*,*,#2657,.T.);
#3626=ORIENTED_EDGE('',*,*,#2538,.F.);
#3627=ORIENTED_EDGE('',*,*,#2661,.F.);
#3628=ORIENTED_EDGE('',*,*,#2662,.F.);
#3629=ORIENTED_EDGE('',*,*,#2663,.F.);
#3630=ORIENTED_EDGE('',*,*,#2533,.F.);
#3631=ORIENTED_EDGE('',*,*,#2536,.F.);
#3632=ORIENTED_EDGE('',*,*,#2627,.F.);
#3633=ORIENTED_EDGE('',*,*,#2653,.F.);
#3634=ORIENTED_EDGE('',*,*,#2623,.F.);
#3635=ORIENTED_EDGE('',*,*,#2624,.F.);
#3636=ORIENTED_EDGE('',*,*,#2619,.F.);
#3637=ORIENTED_EDGE('',*,*,#2664,.T.);
#3638=ORIENTED_EDGE('',*,*,#2665,.T.);
#3639=ORIENTED_EDGE('',*,*,#2666,.T.);
#3640=ORIENTED_EDGE('',*,*,#2667,.T.);
#3641=ORIENTED_EDGE('',*,*,#2668,.T.);
#3642=ORIENTED_EDGE('',*,*,#2669,.T.);
#3643=ORIENTED_EDGE('',*,*,#2670,.T.);
#3644=ORIENTED_EDGE('',*,*,#2671,.T.);
#3645=ORIENTED_EDGE('',*,*,#2672,.T.);
#3646=ORIENTED_EDGE('',*,*,#2673,.T.);
#3647=ORIENTED_EDGE('',*,*,#2670,.F.);
#3648=ORIENTED_EDGE('',*,*,#2674,.T.);
#3649=ORIENTED_EDGE('',*,*,#2675,.T.);
#3650=ORIENTED_EDGE('',*,*,#2676,.T.);
#3651=ORIENTED_EDGE('',*,*,#2672,.F.);
#3652=ORIENTED_EDGE('',*,*,#2677,.T.);
#3653=ORIENTED_EDGE('',*,*,#2678,.T.);
#3654=ORIENTED_EDGE('',*,*,#2679,.T.);
#3655=ORIENTED_EDGE('',*,*,#2675,.F.);
#3656=ORIENTED_EDGE('',*,*,#2680,.T.);
#3657=ORIENTED_EDGE('',*,*,#2668,.F.);
#3658=ORIENTED_EDGE('',*,*,#2681,.T.);
#3659=ORIENTED_EDGE('',*,*,#2666,.F.);
#3660=ORIENTED_EDGE('',*,*,#2682,.T.);
#3661=ORIENTED_EDGE('',*,*,#2683,.T.);
#3662=ORIENTED_EDGE('',*,*,#2684,.T.);
#3663=ORIENTED_EDGE('',*,*,#2685,.T.);
#3664=ORIENTED_EDGE('',*,*,#2684,.F.);
#3665=ORIENTED_EDGE('',*,*,#2686,.T.);
#3666=ORIENTED_EDGE('',*,*,#2678,.F.);
#3667=ORIENTED_EDGE('',*,*,#2687,.F.);
#3668=ORIENTED_EDGE('',*,*,#2688,.F.);
#3669=ORIENTED_EDGE('',*,*,#2552,.F.);
#3670=ORIENTED_EDGE('',*,*,#2555,.F.);
#3671=ORIENTED_EDGE('',*,*,#2557,.F.);
#3672=ORIENTED_EDGE('',*,*,#2689,.F.);
#3673=ORIENTED_EDGE('',*,*,#2671,.F.);
#3674=ORIENTED_EDGE('',*,*,#2673,.F.);
#3675=ORIENTED_EDGE('',*,*,#2676,.F.);
#3676=ORIENTED_EDGE('',*,*,#2679,.F.);
#3677=ORIENTED_EDGE('',*,*,#2690,.F.);
#3678=ORIENTED_EDGE('',*,*,#2681,.F.);
#3679=ORIENTED_EDGE('',*,*,#2690,.T.);
#3680=ORIENTED_EDGE('',*,*,#2686,.F.);
#3681=ORIENTED_EDGE('',*,*,#2691,.T.);
#3682=ORIENTED_EDGE('',*,*,#2667,.F.);
#3683=ORIENTED_EDGE('',*,*,#2691,.F.);
#3684=ORIENTED_EDGE('',*,*,#2683,.F.);
#3685=ORIENTED_EDGE('',*,*,#2692,.F.);
#3686=ORIENTED_EDGE('',*,*,#2680,.F.);
#3687=ORIENTED_EDGE('',*,*,#2693,.F.);
#3688=ORIENTED_EDGE('',*,*,#2694,.F.);
#3689=ORIENTED_EDGE('',*,*,#2685,.F.);
#3690=ORIENTED_EDGE('',*,*,#2605,.F.);
#3691=ORIENTED_EDGE('',*,*,#2608,.F.);
#3692=ORIENTED_EDGE('',*,*,#2695,.F.);
#3693=ORIENTED_EDGE('',*,*,#2696,.F.);
#3694=ORIENTED_EDGE('',*,*,#2655,.F.);
#3695=ORIENTED_EDGE('',*,*,#2697,.F.);
#3696=ORIENTED_EDGE('',*,*,#2698,.F.);
#3697=ORIENTED_EDGE('',*,*,#2645,.T.);
#3698=ORIENTED_EDGE('',*,*,#2650,.F.);
#3699=ORIENTED_EDGE('',*,*,#2573,.F.);
#3700=ORIENTED_EDGE('',*,*,#2577,.T.);
#3701=ORIENTED_EDGE('',*,*,#2699,.F.);
#3702=ORIENTED_EDGE('',*,*,#2700,.T.);
#3703=ORIENTED_EDGE('',*,*,#2701,.T.);
#3704=ORIENTED_EDGE('',*,*,#2702,.T.);
#3705=ORIENTED_EDGE('',*,*,#2703,.T.);
#3706=ORIENTED_EDGE('',*,*,#2704,.T.);
#3707=ORIENTED_EDGE('',*,*,#2705,.T.);
#3708=ORIENTED_EDGE('',*,*,#2706,.T.);
#3709=ORIENTED_EDGE('',*,*,#2707,.T.);
#3710=ORIENTED_EDGE('',*,*,#2708,.T.);
#3711=ORIENTED_EDGE('',*,*,#2264,.T.);
#3712=ORIENTED_EDGE('',*,*,#2277,.T.);
#3713=ORIENTED_EDGE('',*,*,#2310,.T.);
#3714=ORIENTED_EDGE('',*,*,#2313,.T.);
#3715=ORIENTED_EDGE('',*,*,#2269,.T.);
#3716=ORIENTED_EDGE('',*,*,#2664,.F.);
#3717=ORIENTED_EDGE('',*,*,#2692,.T.);
#3718=ORIENTED_EDGE('',*,*,#2682,.F.);
#3719=ORIENTED_EDGE('',*,*,#2694,.T.);
#3720=ORIENTED_EDGE('',*,*,#2709,.T.);
#3721=ORIENTED_EDGE('',*,*,#2710,.T.);
#3722=ORIENTED_EDGE('',*,*,#2711,.T.);
#3723=ORIENTED_EDGE('',*,*,#2612,.T.);
#3724=ORIENTED_EDGE('',*,*,#2712,.T.);
#3725=ORIENTED_EDGE('',*,*,#2695,.T.);
#3726=ORIENTED_EDGE('',*,*,#2607,.T.);
#3727=ORIENTED_EDGE('',*,*,#2610,.T.);
#3728=ORIENTED_EDGE('',*,*,#2576,.T.);
#3729=ORIENTED_EDGE('',*,*,#2579,.T.);
#3730=ORIENTED_EDGE('',*,*,#2581,.T.);
#3731=ORIENTED_EDGE('',*,*,#2583,.T.);
#3732=ORIENTED_EDGE('',*,*,#2713,.T.);
#3733=ORIENTED_EDGE('',*,*,#2699,.T.);
#3734=ORIENTED_EDGE('',*,*,#2638,.T.);
#3735=ORIENTED_EDGE('',*,*,#2641,.T.);
#3736=ORIENTED_EDGE('',*,*,#2643,.T.);
#3737=ORIENTED_EDGE('',*,*,#2646,.T.);
#3738=ORIENTED_EDGE('',*,*,#2698,.T.);
#3739=ORIENTED_EDGE('',*,*,#2714,.T.);
#3740=ORIENTED_EDGE('',*,*,#2658,.T.);
#3741=ORIENTED_EDGE('',*,*,#2660,.T.);
#3742=ORIENTED_EDGE('',*,*,#2244,.T.);
#3743=ORIENTED_EDGE('',*,*,#2257,.T.);
#3744=ORIENTED_EDGE('',*,*,#2325,.T.);
#3745=ORIENTED_EDGE('',*,*,#2328,.T.);
#3746=ORIENTED_EDGE('',*,*,#2249,.T.);
#3747=ORIENTED_EDGE('',*,*,#2224,.T.);
#3748=ORIENTED_EDGE('',*,*,#2237,.T.);
#3749=ORIENTED_EDGE('',*,*,#2315,.T.);
#3750=ORIENTED_EDGE('',*,*,#2318,.T.);
#3751=ORIENTED_EDGE('',*,*,#2229,.T.);
#3752=ORIENTED_EDGE('',*,*,#2204,.T.);
#3753=ORIENTED_EDGE('',*,*,#2217,.T.);
#3754=ORIENTED_EDGE('',*,*,#2320,.T.);
#3755=ORIENTED_EDGE('',*,*,#2323,.T.);
#3756=ORIENTED_EDGE('',*,*,#2209,.T.);
#3757=ORIENTED_EDGE('',*,*,#2208,.T.);
#3758=ORIENTED_EDGE('',*,*,#2295,.T.);
#3759=ORIENTED_EDGE('',*,*,#2304,.T.);
#3760=ORIENTED_EDGE('',*,*,#2300,.T.);
#3761=ORIENTED_EDGE('',*,*,#2252,.T.);
#3762=ORIENTED_EDGE('',*,*,#2240,.T.);
#3763=ORIENTED_EDGE('',*,*,#2248,.T.);
#3764=ORIENTED_EDGE('',*,*,#2303,.T.);
#3765=ORIENTED_EDGE('',*,*,#2308,.T.);
#3766=ORIENTED_EDGE('',*,*,#2283,.T.);
#3767=ORIENTED_EDGE('',*,*,#2272,.T.);
#3768=ORIENTED_EDGE('',*,*,#2260,.T.);
#3769=ORIENTED_EDGE('',*,*,#2268,.T.);
#3770=ORIENTED_EDGE('',*,*,#2307,.T.);
#3771=ORIENTED_EDGE('',*,*,#2290,.T.);
#3772=ORIENTED_EDGE('',*,*,#2280,.T.);
#3773=ORIENTED_EDGE('',*,*,#2232,.T.);
#3774=ORIENTED_EDGE('',*,*,#2220,.T.);
#3775=ORIENTED_EDGE('',*,*,#2228,.T.);
#3776=ORIENTED_EDGE('',*,*,#2289,.T.);
#3777=ORIENTED_EDGE('',*,*,#2296,.T.);
#3778=ORIENTED_EDGE('',*,*,#2286,.T.);
#3779=ORIENTED_EDGE('',*,*,#2212,.T.);
#3780=ORIENTED_EDGE('',*,*,#2200,.T.);
#3781=ORIENTED_EDGE('',*,*,#2188,.T.);
#3782=ORIENTED_EDGE('',*,*,#2192,.T.);
#3783=ORIENTED_EDGE('',*,*,#2195,.T.);
#3784=ORIENTED_EDGE('',*,*,#2197,.T.);
#3785=ORIENTED_EDGE('',*,*,#2176,.T.);
#3786=ORIENTED_EDGE('',*,*,#2180,.T.);
#3787=ORIENTED_EDGE('',*,*,#2183,.T.);
#3788=ORIENTED_EDGE('',*,*,#2185,.T.);
#3789=ORIENTED_EDGE('',*,*,#2164,.T.);
#3790=ORIENTED_EDGE('',*,*,#2168,.T.);
#3791=ORIENTED_EDGE('',*,*,#2171,.T.);
#3792=ORIENTED_EDGE('',*,*,#2173,.T.);
#3793=ORIENTED_EDGE('',*,*,#2152,.T.);
#3794=ORIENTED_EDGE('',*,*,#2156,.T.);
#3795=ORIENTED_EDGE('',*,*,#2159,.T.);
#3796=ORIENTED_EDGE('',*,*,#2161,.T.);
#3797=ORIENTED_EDGE('',*,*,#2677,.F.);
#3798=ORIENTED_EDGE('',*,*,#2715,.F.);
#3799=ORIENTED_EDGE('',*,*,#2709,.F.);
#3800=ORIENTED_EDGE('',*,*,#2693,.T.);
#3801=ORIENTED_EDGE('',*,*,#2665,.F.);
#3802=ORIENTED_EDGE('',*,*,#2711,.F.);
#3803=ORIENTED_EDGE('',*,*,#2716,.T.);
#3804=ORIENTED_EDGE('',*,*,#2669,.F.);
#3805=ORIENTED_EDGE('',*,*,#2674,.F.);
#3806=ORIENTED_EDGE('',*,*,#2716,.F.);
#3807=ORIENTED_EDGE('',*,*,#2710,.F.);
#3808=ORIENTED_EDGE('',*,*,#2715,.T.);
#3809=ORIENTED_EDGE('',*,*,#2547,.F.);
#3810=ORIENTED_EDGE('',*,*,#2553,.T.);
#3811=ORIENTED_EDGE('',*,*,#2688,.T.);
#3812=ORIENTED_EDGE('',*,*,#2717,.F.);
#3813=ORIENTED_EDGE('',*,*,#2549,.F.);
#3814=ORIENTED_EDGE('',*,*,#2717,.T.);
#3815=ORIENTED_EDGE('',*,*,#2687,.T.);
#3816=ORIENTED_EDGE('',*,*,#2718,.F.);
#3817=ORIENTED_EDGE('',*,*,#2550,.F.);
#3818=ORIENTED_EDGE('',*,*,#2718,.T.);
#3819=ORIENTED_EDGE('',*,*,#2689,.T.);
#3820=ORIENTED_EDGE('',*,*,#2556,.F.);
#3821=ORIENTED_EDGE('',*,*,#2587,.F.);
#3822=ORIENTED_EDGE('',*,*,#2700,.F.);
#3823=ORIENTED_EDGE('',*,*,#2713,.F.);
#3824=ORIENTED_EDGE('',*,*,#2582,.T.);
#3825=ORIENTED_EDGE('',*,*,#2585,.F.);
#3826=ORIENTED_EDGE('',*,*,#2462,.F.);
#3827=ORIENTED_EDGE('',*,*,#2470,.F.);
#3828=ORIENTED_EDGE('',*,*,#2589,.T.);
#3829=ORIENTED_EDGE('',*,*,#2719,.T.);
#3830=ORIENTED_EDGE('',*,*,#2465,.F.);
#3831=ORIENTED_EDGE('',*,*,#2719,.F.);
#3832=ORIENTED_EDGE('',*,*,#2588,.T.);
#3833=ORIENTED_EDGE('',*,*,#2720,.F.);
#3834=ORIENTED_EDGE('',*,*,#2597,.F.);
#3835=ORIENTED_EDGE('',*,*,#2696,.T.);
#3836=ORIENTED_EDGE('',*,*,#2712,.F.);
#3837=ORIENTED_EDGE('',*,*,#2611,.T.);
#3838=ORIENTED_EDGE('',*,*,#2656,.F.);
#3839=ORIENTED_EDGE('',*,*,#2659,.F.);
#3840=ORIENTED_EDGE('',*,*,#2714,.F.);
#3841=ORIENTED_EDGE('',*,*,#2697,.T.);
#3842=ORIENTED_EDGE('',*,*,#2530,.F.);
#3843=ORIENTED_EDGE('',*,*,#2721,.F.);
#3844=ORIENTED_EDGE('',*,*,#2662,.T.);
#3845=ORIENTED_EDGE('',*,*,#2722,.T.);
#3846=ORIENTED_EDGE('',*,*,#2531,.F.);
#3847=ORIENTED_EDGE('',*,*,#2722,.F.);
#3848=ORIENTED_EDGE('',*,*,#2661,.T.);
#3849=ORIENTED_EDGE('',*,*,#2537,.T.);
#3850=ORIENTED_EDGE('',*,*,#2467,.F.);
#3851=ORIENTED_EDGE('',*,*,#2720,.T.);
#3852=ORIENTED_EDGE('',*,*,#2590,.T.);
#3853=ORIENTED_EDGE('',*,*,#2473,.T.);
#3854=ORIENTED_EDGE('',*,*,#2509,.F.);
#3855=ORIENTED_EDGE('',*,*,#2515,.F.);
#3856=ORIENTED_EDGE('',*,*,#2615,.T.);
#3857=ORIENTED_EDGE('',*,*,#2723,.F.);
#3858=ORIENTED_EDGE('',*,*,#2512,.F.);
#3859=ORIENTED_EDGE('',*,*,#2724,.F.);
#3860=ORIENTED_EDGE('',*,*,#2613,.T.);
#3861=ORIENTED_EDGE('',*,*,#2518,.T.);
#3862=ORIENTED_EDGE('',*,*,#2511,.F.);
#3863=ORIENTED_EDGE('',*,*,#2723,.T.);
#3864=ORIENTED_EDGE('',*,*,#2614,.T.);
#3865=ORIENTED_EDGE('',*,*,#2724,.T.);
#3866=ORIENTED_EDGE('',*,*,#2528,.F.);
#3867=ORIENTED_EDGE('',*,*,#2534,.F.);
#3868=ORIENTED_EDGE('',*,*,#2663,.T.);
#3869=ORIENTED_EDGE('',*,*,#2721,.T.);
#3870=ORIENTED_EDGE('',*,*,#2725,.F.);
#3871=ORIENTED_EDGE('',*,*,#2482,.F.);
#3872=ORIENTED_EDGE('',*,*,#2726,.F.);
#3873=ORIENTED_EDGE('',*,*,#2702,.F.);
#3874=ORIENTED_EDGE('',*,*,#2726,.T.);
#3875=ORIENTED_EDGE('',*,*,#2481,.F.);
#3876=ORIENTED_EDGE('',*,*,#2727,.F.);
#3877=ORIENTED_EDGE('',*,*,#2703,.F.);
#3878=ORIENTED_EDGE('',*,*,#2727,.T.);
#3879=ORIENTED_EDGE('',*,*,#2480,.F.);
#3880=ORIENTED_EDGE('',*,*,#2728,.F.);
#3881=ORIENTED_EDGE('',*,*,#2704,.F.);
#3882=ORIENTED_EDGE('',*,*,#2728,.T.);
#3883=ORIENTED_EDGE('',*,*,#2479,.F.);
#3884=ORIENTED_EDGE('',*,*,#2729,.F.);
#3885=ORIENTED_EDGE('',*,*,#2705,.F.);
#3886=ORIENTED_EDGE('',*,*,#2729,.T.);
#3887=ORIENTED_EDGE('',*,*,#2478,.F.);
#3888=ORIENTED_EDGE('',*,*,#2730,.F.);
#3889=ORIENTED_EDGE('',*,*,#2706,.F.);
#3890=ORIENTED_EDGE('',*,*,#2730,.T.);
#3891=ORIENTED_EDGE('',*,*,#2477,.F.);
#3892=ORIENTED_EDGE('',*,*,#2731,.F.);
#3893=ORIENTED_EDGE('',*,*,#2707,.F.);
#3894=ORIENTED_EDGE('',*,*,#2731,.T.);
#3895=ORIENTED_EDGE('',*,*,#2476,.F.);
#3896=ORIENTED_EDGE('',*,*,#2732,.F.);
#3897=ORIENTED_EDGE('',*,*,#2708,.F.);
#3898=ORIENTED_EDGE('',*,*,#2732,.T.);
#3899=ORIENTED_EDGE('',*,*,#2475,.F.);
#3900=ORIENTED_EDGE('',*,*,#2725,.T.);
#3901=ORIENTED_EDGE('',*,*,#2701,.F.);
#3902=ORIENTED_EDGE('',*,*,#2733,.F.);
#3903=ORIENTED_EDGE('',*,*,#2734,.T.);
#3904=ORIENTED_EDGE('',*,*,#2735,.T.);
#3905=ORIENTED_EDGE('',*,*,#2734,.F.);
#3906=ORIENTED_EDGE('',*,*,#2733,.T.);
#3907=ORIENTED_EDGE('',*,*,#2735,.F.);
#3908=B_SPLINE_SURFACE_WITH_KNOTS('',3,1,((#5868,#5869),(#5870,#5871),(#5872,
#5873),(#5874,#5875),(#5876,#5877),(#5878,#5879),(#5880,#5881)),
 .UNSPECIFIED.,.F.,.F.,.F.,(4,3,4),(2,2),(0.464163311161374,0.563772859094326,
0.605085824906761),(0.,1.05),.UNSPECIFIED.);
#3909=B_SPLINE_SURFACE_WITH_KNOTS('',3,1,((#5902,#5903),(#5904,#5905),(#5906,
#5907),(#5908,#5909),(#5910,#5911),(#5912,#5913),(#5914,#5915)),
 .UNSPECIFIED.,.F.,.F.,.F.,(4,3,4),(2,2),(-10.276379446199,-9.70468801812684,
-9.62785111240702),(0.,1.05),.UNSPECIFIED.);
#3910=B_SPLINE_SURFACE_WITH_KNOTS('',3,1,((#5933,#5934),(#5935,#5936),(#5937,
#5938),(#5939,#5940),(#5941,#5942),(#5943,#5944),(#5945,#5946)),
 .UNSPECIFIED.,.F.,.F.,.F.,(4,3,4),(2,2),(0.400299402653255,0.454168112164009,
0.538630844783383),(0.,1.05),.UNSPECIFIED.);
#3911=B_SPLINE_SURFACE_WITH_KNOTS('',3,1,((#5976,#5977),(#5978,#5979),(#5980,
#5981),(#5982,#5983),(#5984,#5985),(#5986,#5987),(#5988,#5989)),
 .UNSPECIFIED.,.F.,.F.,.F.,(4,3,4),(2,2),(0.462046685214205,0.560069253528718,
0.604240027287827),(0.,1.05),.UNSPECIFIED.);
#3912=B_SPLINE_SURFACE_WITH_KNOTS('',3,1,((#6013,#6014),(#6015,#6016),(#6017,
#6018),(#6019,#6020),(#6021,#6022),(#6023,#6024),(#6025,#6026)),
 .UNSPECIFIED.,.F.,.F.,.F.,(4,3,4),(2,2),(-0.599658886720169,-0.544523842964901,
-0.461260006989732),(0.,1.05),.UNSPECIFIED.);
#3913=B_SPLINE_SURFACE_WITH_KNOTS('',3,1,((#6041,#6042),(#6043,#6044),(#6045,
#6046),(#6047,#6048),(#6049,#6050),(#6051,#6052),(#6053,#6054)),
 .UNSPECIFIED.,.F.,.F.,.F.,(4,3,4),(2,2),(-0.599728495834119,-0.544595739600489,
-0.461358246431166),(0.,1.05),.UNSPECIFIED.);
#3914=B_SPLINE_SURFACE_WITH_KNOTS('',3,1,((#6075,#6076),(#6077,#6078),(#6079,
#6080),(#6081,#6082)),.UNSPECIFIED.,.F.,.F.,.F.,(4,4),(2,2),(-9.85349515213727,
-9.02543805380609),(0.,1.05),.UNSPECIFIED.);
#3915=B_SPLINE_SURFACE_WITH_KNOTS('',3,1,((#6094,#6095),(#6096,#6097),(#6098,
#6099),(#6100,#6101),(#6102,#6103),(#6104,#6105),(#6106,#6107)),
 .UNSPECIFIED.,.F.,.F.,.F.,(4,3,4),(2,2),(0.462146313640062,0.560169482795962,
0.604307268707022),(0.,1.05),.UNSPECIFIED.);
#3916=B_SPLINE_SURFACE_WITH_KNOTS('',3,1,((#6128,#6129),(#6130,#6131),(#6132,
#6133),(#6134,#6135),(#6136,#6137),(#6138,#6139),(#6140,#6141)),
 .UNSPECIFIED.,.F.,.F.,.F.,(4,3,4),(2,2),(-0.599658884457192,-0.544523825945828,
-0.461259999626302),(0.,1.05),.UNSPECIFIED.);
#3917=B_SPLINE_SURFACE_WITH_KNOTS('',3,1,((#6168,#6169),(#6170,#6171),(#6172,
#6173),(#6174,#6175),(#6176,#6177),(#6178,#6179),(#6180,#6181)),
 .UNSPECIFIED.,.F.,.F.,.F.,(4,3,4),(2,2),(0.462046680055115,0.560069242550902,
0.604240029969247),(0.,1.05),.UNSPECIFIED.);
#3918=B_SPLINE_SURFACE_WITH_KNOTS('',3,1,((#6484,#6485),(#6486,#6487),(#6488,
#6489),(#6490,#6491),(#6492,#6493),(#6494,#6495),(#6496,#6497),(#6498,#6499),
(#6500,#6501),(#6502,#6503)),.UNSPECIFIED.,.F.,.F.,.F.,(4,3,3,4),(2,2),
(-10.1056290595288,-8.49391570476483,-6.88402222909082,-6.88105979918013),
(-0.101656333324343,3.40331266664869),.UNSPECIFIED.);
#3919=B_SPLINE_SURFACE_WITH_KNOTS('',3,1,((#6621,#6622),(#6623,#6624),(#6625,
#6626),(#6627,#6628),(#6629,#6630),(#6631,#6632),(#6633,#6634),(#6635,#6636),
(#6637,#6638),(#6639,#6640),(#6641,#6642),(#6643,#6644),(#6645,#6646),(#6647,
#6648),(#6649,#6650),(#6651,#6652)),.UNSPECIFIED.,.F.,.F.,.F.,(4,3,3,3,
3,4),(2,2),(-12.0631760474152,-10.8612217789228,-9.70468156210692,-8.55407530859218,
-7.39973077039446,-7.26791870809347),(-0.101936233976048,3.4038724679521),
 .UNSPECIFIED.);
#3920=B_SPLINE_SURFACE_WITH_KNOTS('',3,1,((#6676,#6677),(#6678,#6679),(#6680,
#6681),(#6682,#6683),(#6684,#6685),(#6686,#6687),(#6688,#6689),(#6690,#6691),
(#6692,#6693),(#6694,#6695),(#6696,#6697),(#6698,#6699),(#6700,#6701),(#6702,
#6703),(#6704,#6705),(#6706,#6707)),.UNSPECIFIED.,.F.,.F.,.F.,(4,3,3,3,
3,4),(2,2),(-12.0631760474152,-10.8612217789228,-9.70468156210692,-8.55407530859218,
-7.39973077039446,-7.26791870809347),(-0.101936233976048,3.4038724679521),
 .UNSPECIFIED.);
#3921=B_SPLINE_SURFACE_WITH_KNOTS('',3,3,((#7430,#7431,#7432,#7433,#7434,
#7435,#7436,#7437),(#7438,#7439,#7440,#7441,#7442,#7443,#7444,#7445),(#7446,
#7447,#7448,#7449,#7450,#7451,#7452,#7453),(#7454,#7455,#7456,#7457,#7458,
#7459,#7460,#7461),(#7462,#7463,#7464,#7465,#7466,#7467,#7468,#7469)),
 .UNSPECIFIED.,.F.,.F.,.F.,(4,1,4),(4,1,1,1,1,4),(0.,0.5,1.),(7.25475560408805,
7.94167281027764,9.31550722265684,10.689341635036,11.3762588412256,12.0631760474152),
 .UNSPECIFIED.);
#3922=B_SPLINE_SURFACE_WITH_KNOTS('',3,3,((#7516,#7517,#7518,#7519),(#7520,
#7521,#7522,#7523),(#7524,#7525,#7526,#7527),(#7528,#7529,#7530,#7531),
(#7532,#7533,#7534,#7535)),.UNSPECIFIED.,.F.,.F.,.F.,(4,1,4),(4,4),(0.,
0.5,1.),(0.,0.460967819162981),.UNSPECIFIED.);
#3923=B_SPLINE_SURFACE_WITH_KNOTS('',3,3,((#7546,#7547,#7548,#7549,#7550,
#7551,#7552,#7553,#7554,#7555),(#7556,#7557,#7558,#7559,#7560,#7561,#7562,
#7563,#7564,#7565),(#7566,#7567,#7568,#7569,#7570,#7571,#7572,#7573,#7574,
#7575),(#7576,#7577,#7578,#7579,#7580,#7581,#7582,#7583,#7584,#7585),(#7586,
#7587,#7588,#7589,#7590,#7591,#7592,#7593,#7594,#7595)),.UNSPECIFIED.,.F.,
 .F.,.F.,(4,1,4),(4,1,1,1,1,1,1,4),(0.,0.5,1.),(1.52628341222441E-15,1.4436612942184,
2.88732258843679,4.33098388265518,5.77464517687358,7.21830647109197,8.66196776531036,
10.1056290595288),.UNSPECIFIED.);
#3924=B_SPLINE_SURFACE_WITH_KNOTS('',3,3,((#7944,#7945,#7946,#7947,#7948,
#7949,#7950),(#7951,#7952,#7953,#7954,#7955,#7956,#7957),(#7958,#7959,#7960,
#7961,#7962,#7963,#7964),(#7965,#7966,#7967,#7968,#7969,#7970,#7971),(#7972,
#7973,#7974,#7975,#7976,#7977,#7978)),.UNSPECIFIED.,.F.,.F.,.F.,(4,1,4),
(4,1,1,1,4),(0.,0.5,1.),(-0.22331773251085,-0.198973652078258,-0.182744265123197,
-0.174629571645666,-0.166514878168135),.UNSPECIFIED.);
#3925=B_SPLINE_SURFACE_WITH_KNOTS('',3,3,((#8109,#8110,#8111,#8112,#8113,
#8114,#8115,#8116,#8117,#8118),(#8119,#8120,#8121,#8122,#8123,#8124,#8125,
#8126,#8127,#8128),(#8129,#8130,#8131,#8132,#8133,#8134,#8135,#8136,#8137,
#8138),(#8139,#8140,#8141,#8142,#8143,#8144,#8145,#8146,#8147,#8148),(#8149,
#8150,#8151,#8152,#8153,#8154,#8155,#8156,#8157,#8158)),.UNSPECIFIED.,.F.,
 .F.,.F.,(4,1,4),(4,1,1,1,1,1,1,4),(0.,0.5,1.),(0.,0.45775583193675,0.9155116638735,
1.37326749581025,1.831023327747,2.28877915968375,2.7465349916205,3.20429082355725),
 .UNSPECIFIED.);
#3926=B_SPLINE_SURFACE_WITH_KNOTS('',3,3,((#8188,#8189,#8190,#8191,#8192,
#8193,#8194,#8195),(#8196,#8197,#8198,#8199,#8200,#8201,#8202,#8203),(#8204,
#8205,#8206,#8207,#8208,#8209,#8210,#8211),(#8212,#8213,#8214,#8215,#8216,
#8217,#8218,#8219),(#8220,#8221,#8222,#8223,#8224,#8225,#8226,#8227)),
 .UNSPECIFIED.,.F.,.F.,.F.,(4,1,4),(4,1,1,1,1,4),(0.,0.5,1.),(0.,0.363503968166328,
0.727007936332655,1.09051190449898,1.81751984083164,2.54452777716429),
 .UNSPECIFIED.);
#3927=B_SPLINE_SURFACE_WITH_KNOTS('',3,3,((#8249,#8250,#8251,#8252),(#8253,
#8254,#8255,#8256),(#8257,#8258,#8259,#8260),(#8261,#8262,#8263,#8264),
(#8265,#8266,#8267,#8268),(#8269,#8270,#8271,#8272),(#8273,#8274,#8275,
#8276)),.UNSPECIFIED.,.F.,.F.,.F.,(4,1,1,1,4),(4,4),(0.,0.285714285714286,
0.571428571428571,0.857142857142857,1.),(0.02,0.2),.UNSPECIFIED.);
#3928=ADVANCED_FACE('',(#579),#3908,.F.);
#3929=ADVANCED_FACE('',(#580),#3909,.F.);
#3930=ADVANCED_FACE('',(#581),#3910,.F.);
#3931=ADVANCED_FACE('',(#582),#475,.T.);
#3932=ADVANCED_FACE('',(#583),#476,.T.);
#3933=ADVANCED_FACE('',(#584),#3911,.F.);
#3934=ADVANCED_FACE('',(#585),#477,.T.);
#3935=ADVANCED_FACE('',(#586),#3912,.F.);
#3936=ADVANCED_FACE('',(#587),#3913,.F.);
#3937=ADVANCED_FACE('',(#588),#3914,.F.);
#3938=ADVANCED_FACE('',(#589),#3915,.F.);
#3939=ADVANCED_FACE('',(#590),#478,.T.);
#3940=ADVANCED_FACE('',(#591),#3916,.F.);
#3941=ADVANCED_FACE('',(#592),#479,.T.);
#3942=ADVANCED_FACE('',(#593),#3917,.F.);
#3943=ADVANCED_FACE('',(#594),#480,.T.);
#3944=ADVANCED_FACE('',(#595),#226,.T.);
#3945=ADVANCED_FACE('',(#596),#227,.T.);
#3946=ADVANCED_FACE('',(#597),#114,.F.);
#3947=ADVANCED_FACE('',(#598),#481,.T.);
#3948=ADVANCED_FACE('',(#599),#482,.T.);
#3949=ADVANCED_FACE('',(#600),#483,.T.);
#3950=ADVANCED_FACE('',(#601),#228,.T.);
#3951=ADVANCED_FACE('',(#602),#229,.T.);
#3952=ADVANCED_FACE('',(#603),#115,.F.);
#3953=ADVANCED_FACE('',(#604),#484,.T.);
#3954=ADVANCED_FACE('',(#605),#485,.T.);
#3955=ADVANCED_FACE('',(#606),#486,.T.);
#3956=ADVANCED_FACE('',(#607),#230,.T.);
#3957=ADVANCED_FACE('',(#608),#231,.T.);
#3958=ADVANCED_FACE('',(#609),#116,.F.);
#3959=ADVANCED_FACE('',(#610),#3918,.F.);
#3960=ADVANCED_FACE('',(#611),#487,.T.);
#3961=ADVANCED_FACE('',(#612),#488,.T.);
#3962=ADVANCED_FACE('',(#613),#232,.T.);
#3963=ADVANCED_FACE('',(#614),#233,.T.);
#3964=ADVANCED_FACE('',(#615),#117,.F.);
#3965=ADVANCED_FACE('',(#616),#489,.T.);
#3966=ADVANCED_FACE('',(#617),#3919,.F.);
#3967=ADVANCED_FACE('',(#618),#3920,.F.);
#3968=ADVANCED_FACE('',(#619),#118,.F.);
#3969=ADVANCED_FACE('',(#620),#119,.F.);
#3970=ADVANCED_FACE('',(#621),#120,.F.);
#3971=ADVANCED_FACE('',(#622),#121,.F.);
#3972=ADVANCED_FACE('',(#623),#122,.F.);
#3973=ADVANCED_FACE('',(#624),#123,.F.);
#3974=ADVANCED_FACE('',(#625),#124,.F.);
#3975=ADVANCED_FACE('',(#626),#125,.F.);
#3976=ADVANCED_FACE('',(#627),#126,.F.);
#3977=ADVANCED_FACE('',(#628),#127,.F.);
#3978=ADVANCED_FACE('',(#629),#128,.F.);
#3979=ADVANCED_FACE('',(#630),#129,.F.);
#3980=ADVANCED_FACE('',(#631),#130,.F.);
#3981=ADVANCED_FACE('',(#632),#131,.F.);
#3982=ADVANCED_FACE('',(#633),#132,.F.);
#3983=ADVANCED_FACE('',(#634),#133,.F.);
#3984=ADVANCED_FACE('',(#635),#134,.F.);
#3985=ADVANCED_FACE('',(#636),#135,.F.);
#3986=ADVANCED_FACE('',(#637),#136,.F.);
#3987=ADVANCED_FACE('',(#638),#137,.F.);
#3988=ADVANCED_FACE('',(#639),#490,.F.);
#3989=ADVANCED_FACE('',(#640),#138,.T.);
#3990=ADVANCED_FACE('',(#641),#491,.F.);
#3991=ADVANCED_FACE('',(#642),#139,.T.);
#3992=ADVANCED_FACE('',(#643),#492,.F.);
#3993=ADVANCED_FACE('',(#644),#140,.T.);
#3994=ADVANCED_FACE('',(#645),#493,.F.);
#3995=ADVANCED_FACE('',(#646),#141,.T.);
#3996=ADVANCED_FACE('',(#647),#494,.F.);
#3997=ADVANCED_FACE('',(#648),#142,.T.);
#3998=ADVANCED_FACE('',(#649),#495,.F.);
#3999=ADVANCED_FACE('',(#650),#143,.T.);
#4000=ADVANCED_FACE('',(#651),#496,.F.);
#4001=ADVANCED_FACE('',(#652),#144,.T.);
#4002=ADVANCED_FACE('',(#653),#497,.F.);
#4003=ADVANCED_FACE('',(#654),#145,.T.);
#4004=ADVANCED_FACE('',(#655),#498,.F.);
#4005=ADVANCED_FACE('',(#656),#146,.T.);
#4006=ADVANCED_FACE('',(#657),#499,.F.);
#4007=ADVANCED_FACE('',(#658),#147,.T.);
#4008=ADVANCED_FACE('',(#659),#500,.F.);
#4009=ADVANCED_FACE('',(#660),#148,.T.);
#4010=ADVANCED_FACE('',(#661),#501,.F.);
#4011=ADVANCED_FACE('',(#662),#149,.T.);
#4012=ADVANCED_FACE('',(#663),#502,.F.);
#4013=ADVANCED_FACE('',(#664),#150,.T.);
#4014=ADVANCED_FACE('',(#665),#503,.F.);
#4015=ADVANCED_FACE('',(#666),#151,.T.);
#4016=ADVANCED_FACE('',(#667),#504,.F.);
#4017=ADVANCED_FACE('',(#668),#152,.T.);
#4018=ADVANCED_FACE('',(#669),#505,.F.);
#4019=ADVANCED_FACE('',(#670),#153,.T.);
#4020=ADVANCED_FACE('',(#671),#506,.F.);
#4021=ADVANCED_FACE('',(#672),#154,.T.);
#4022=ADVANCED_FACE('',(#673),#507,.F.);
#4023=ADVANCED_FACE('',(#674),#155,.T.);
#4024=ADVANCED_FACE('',(#675),#508,.F.);
#4025=ADVANCED_FACE('',(#676),#156,.T.);
#4026=ADVANCED_FACE('',(#677),#509,.F.);
#4027=ADVANCED_FACE('',(#678),#157,.T.);
#4028=ADVANCED_FACE('',(#679),#510,.F.);
#4029=ADVANCED_FACE('',(#680),#158,.T.);
#4030=ADVANCED_FACE('',(#681),#511,.F.);
#4031=ADVANCED_FACE('',(#682),#159,.T.);
#4032=ADVANCED_FACE('',(#683),#512,.F.);
#4033=ADVANCED_FACE('',(#684),#160,.T.);
#4034=ADVANCED_FACE('',(#685),#513,.F.);
#4035=ADVANCED_FACE('',(#686),#161,.T.);
#4036=ADVANCED_FACE('',(#687),#514,.F.);
#4037=ADVANCED_FACE('',(#688),#162,.T.);
#4038=ADVANCED_FACE('',(#689),#515,.F.);
#4039=ADVANCED_FACE('',(#690),#163,.T.);
#4040=ADVANCED_FACE('',(#691),#516,.F.);
#4041=ADVANCED_FACE('',(#692),#164,.T.);
#4042=ADVANCED_FACE('',(#693),#517,.F.);
#4043=ADVANCED_FACE('',(#694),#165,.T.);
#4044=ADVANCED_FACE('',(#695),#518,.F.);
#4045=ADVANCED_FACE('',(#696),#166,.T.);
#4046=ADVANCED_FACE('',(#697),#519,.F.);
#4047=ADVANCED_FACE('',(#698),#167,.T.);
#4048=ADVANCED_FACE('',(#699),#520,.F.);
#4049=ADVANCED_FACE('',(#700),#168,.T.);
#4050=ADVANCED_FACE('',(#701),#521,.F.);
#4051=ADVANCED_FACE('',(#702),#169,.T.);
#4052=ADVANCED_FACE('',(#703),#522,.F.);
#4053=ADVANCED_FACE('',(#704),#170,.T.);
#4054=ADVANCED_FACE('',(#705),#523,.F.);
#4055=ADVANCED_FACE('',(#706),#171,.T.);
#4056=ADVANCED_FACE('',(#707),#524,.F.);
#4057=ADVANCED_FACE('',(#708),#172,.T.);
#4058=ADVANCED_FACE('',(#709),#525,.F.);
#4059=ADVANCED_FACE('',(#710),#173,.T.);
#4060=ADVANCED_FACE('',(#711),#526,.F.);
#4061=ADVANCED_FACE('',(#712),#174,.T.);
#4062=ADVANCED_FACE('',(#713),#527,.F.);
#4063=ADVANCED_FACE('',(#714),#175,.T.);
#4064=ADVANCED_FACE('',(#715),#528,.F.);
#4065=ADVANCED_FACE('',(#716),#176,.T.);
#4066=ADVANCED_FACE('',(#717),#529,.F.);
#4067=ADVANCED_FACE('',(#718),#177,.T.);
#4068=ADVANCED_FACE('',(#719),#89,.T.);
#4069=ADVANCED_FACE('',(#720),#530,.T.);
#4070=ADVANCED_FACE('',(#721),#90,.T.);
#4071=ADVANCED_FACE('',(#722),#531,.T.);
#4072=ADVANCED_FACE('',(#723),#91,.T.);
#4073=ADVANCED_FACE('',(#724),#532,.T.);
#4074=ADVANCED_FACE('',(#725),#533,.F.);
#4075=ADVANCED_FACE('',(#726),#178,.T.);
#4076=ADVANCED_FACE('',(#727),#534,.F.);
#4077=ADVANCED_FACE('',(#728,#19,#20,#21,#22,#23,#24,#25,#26,#27,#28,#29,
#30,#31,#32,#33,#34,#35,#36,#37,#38,#39,#40,#41,#42,#43,#44,#45,#46,#47,
#48,#49,#50,#51,#52,#53,#54,#55,#56,#57,#58,#59,#60,#61,#62,#63,#64,#65,
#66,#67,#68,#69,#70,#71),#179,.T.);
#4078=ADVANCED_FACE('',(#729),#92,.T.);
#4079=ADVANCED_FACE('',(#730),#535,.T.);
#4080=ADVANCED_FACE('',(#731),#93,.T.);
#4081=ADVANCED_FACE('',(#732),#536,.T.);
#4082=ADVANCED_FACE('',(#733),#94,.T.);
#4083=ADVANCED_FACE('',(#734),#537,.T.);
#4084=ADVANCED_FACE('',(#735),#538,.F.);
#4085=ADVANCED_FACE('',(#736),#180,.T.);
#4086=ADVANCED_FACE('',(#737),#539,.F.);
#4087=ADVANCED_FACE('',(#738),#95,.T.);
#4088=ADVANCED_FACE('',(#739),#540,.T.);
#4089=ADVANCED_FACE('',(#740),#96,.T.);
#4090=ADVANCED_FACE('',(#741),#541,.T.);
#4091=ADVANCED_FACE('',(#742),#97,.T.);
#4092=ADVANCED_FACE('',(#743),#542,.T.);
#4093=ADVANCED_FACE('',(#744),#543,.F.);
#4094=ADVANCED_FACE('',(#745),#181,.T.);
#4095=ADVANCED_FACE('',(#746),#544,.F.);
#4096=ADVANCED_FACE('',(#747),#3921,.F.);
#4097=ADVANCED_FACE('',(#748),#545,.T.);
#4098=ADVANCED_FACE('',(#749),#3922,.F.);
#4099=ADVANCED_FACE('',(#750),#546,.T.);
#4100=ADVANCED_FACE('',(#751),#3923,.F.);
#4101=ADVANCED_FACE('',(#752),#547,.T.);
#4102=ADVANCED_FACE('',(#753),#234,.T.);
#4103=ADVANCED_FACE('',(#754),#182,.F.);
#4104=ADVANCED_FACE('',(#755),#235,.T.);
#4105=ADVANCED_FACE('',(#756),#548,.T.);
#4106=ADVANCED_FACE('',(#757),#98,.T.);
#4107=ADVANCED_FACE('',(#758),#549,.T.);
#4108=ADVANCED_FACE('',(#759),#99,.T.);
#4109=ADVANCED_FACE('',(#760),#100,.T.);
#4110=ADVANCED_FACE('',(#761),#550,.F.);
#4111=ADVANCED_FACE('',(#762),#183,.F.);
#4112=ADVANCED_FACE('',(#763),#551,.F.);
#4113=ADVANCED_FACE('',(#764),#184,.F.);
#4114=ADVANCED_FACE('',(#765),#101,.T.);
#4115=ADVANCED_FACE('',(#766),#102,.T.);
#4116=ADVANCED_FACE('',(#767,#72),#185,.F.);
#4117=ADVANCED_FACE('',(#768),#552,.T.);
#4118=ADVANCED_FACE('',(#769),#103,.T.);
#4119=ADVANCED_FACE('',(#770),#104,.T.);
#4120=ADVANCED_FACE('',(#771),#553,.T.);
#4121=ADVANCED_FACE('',(#772),#105,.T.);
#4122=ADVANCED_FACE('',(#773),#186,.F.);
#4123=ADVANCED_FACE('',(#774),#554,.F.);
#4124=ADVANCED_FACE('',(#775),#187,.F.);
#4125=ADVANCED_FACE('',(#776,#73),#188,.F.);
#4126=ADVANCED_FACE('',(#777),#555,.T.);
#4127=ADVANCED_FACE('',(#778),#556,.T.);
#4128=ADVANCED_FACE('',(#779),#106,.T.);
#4129=ADVANCED_FACE('',(#780),#107,.T.);
#4130=ADVANCED_FACE('',(#781),#3924,.F.);
#4131=ADVANCED_FACE('',(#782),#108,.T.);
#4132=ADVANCED_FACE('',(#783),#557,.F.);
#4133=ADVANCED_FACE('',(#784),#189,.F.);
#4134=ADVANCED_FACE('',(#785),#558,.F.);
#4135=ADVANCED_FACE('',(#786),#190,.F.);
#4136=ADVANCED_FACE('',(#787),#109,.T.);
#4137=ADVANCED_FACE('',(#788),#110,.T.);
#4138=ADVANCED_FACE('',(#789),#111,.T.);
#4139=ADVANCED_FACE('',(#790),#112,.T.);
#4140=ADVANCED_FACE('',(#791),#559,.F.);
#4141=ADVANCED_FACE('',(#792),#560,.F.);
#4142=ADVANCED_FACE('',(#793,#74),#191,.F.);
#4143=ADVANCED_FACE('',(#794),#561,.T.);
#4144=ADVANCED_FACE('',(#795),#562,.T.);
#4145=ADVANCED_FACE('',(#796),#3925,.F.);
#4146=ADVANCED_FACE('',(#797),#563,.T.);
#4147=ADVANCED_FACE('',(#798),#3926,.F.);
#4148=ADVANCED_FACE('',(#799),#17,.T.);
#4149=ADVANCED_FACE('',(#800),#3927,.F.);
#4150=ADVANCED_FACE('',(#801),#18,.T.);
#4151=ADVANCED_FACE('',(#802,#75),#192,.T.);
#4152=ADVANCED_FACE('',(#803),#113,.T.);
#4153=ADVANCED_FACE('',(#804),#564,.F.);
#4154=ADVANCED_FACE('',(#805),#236,.T.);
#4155=ADVANCED_FACE('',(#806),#565,.F.);
#4156=ADVANCED_FACE('',(#807),#566,.F.);
#4157=ADVANCED_FACE('',(#808),#567,.F.);
#4158=ADVANCED_FACE('',(#809,#76,#77,#78,#79,#80,#81,#82,#83,#84,#85,#86,
#87,#88),#193,.F.);
#4159=ADVANCED_FACE('',(#810),#194,.F.);
#4160=ADVANCED_FACE('',(#811),#195,.F.);
#4161=ADVANCED_FACE('',(#812),#237,.T.);
#4162=ADVANCED_FACE('',(#813),#196,.F.);
#4163=ADVANCED_FACE('',(#814),#238,.T.);
#4164=ADVANCED_FACE('',(#815),#197,.F.);
#4165=ADVANCED_FACE('',(#816),#568,.F.);
#4166=ADVANCED_FACE('',(#817),#198,.T.);
#4167=ADVANCED_FACE('',(#818),#569,.F.);
#4168=ADVANCED_FACE('',(#819),#570,.F.);
#4169=ADVANCED_FACE('',(#820),#571,.F.);
#4170=ADVANCED_FACE('',(#821),#572,.F.);
#4171=ADVANCED_FACE('',(#822),#199,.T.);
#4172=ADVANCED_FACE('',(#823),#200,.T.);
#4173=ADVANCED_FACE('',(#824),#201,.T.);
#4174=ADVANCED_FACE('',(#825),#202,.T.);
#4175=ADVANCED_FACE('',(#826),#573,.F.);
#4176=ADVANCED_FACE('',(#827),#203,.T.);
#4177=ADVANCED_FACE('',(#828),#204,.T.);
#4178=ADVANCED_FACE('',(#829),#574,.T.);
#4179=ADVANCED_FACE('',(#830),#205,.T.);
#4180=ADVANCED_FACE('',(#831),#575,.T.);
#4181=ADVANCED_FACE('',(#832),#206,.T.);
#4182=ADVANCED_FACE('',(#833),#576,.T.);
#4183=ADVANCED_FACE('',(#834),#207,.T.);
#4184=ADVANCED_FACE('',(#835),#577,.T.);
#4185=ADVANCED_FACE('',(#836),#578,.T.);
#4186=ADVANCED_FACE('',(#837),#208,.T.);
#4187=ADVANCED_FACE('',(#838),#209,.F.);
#4188=CLOSED_SHELL('',(#3928,#3929,#3930,#3931,#3932,#3933,#3934,#3935,
#3936,#3937,#3938,#3939,#3940,#3941,#3942,#3943,#3944,#3945,#3946,#3947,
#3948,#3949,#3950,#3951,#3952,#3953,#3954,#3955,#3956,#3957,#3958,#3959,
#3960,#3961,#3962,#3963,#3964,#3965,#3966,#3967,#3968,#3969,#3970,#3971,
#3972,#3973,#3974,#3975,#3976,#3977,#3978,#3979,#3980,#3981,#3982,#3983,
#3984,#3985,#3986,#3987,#3988,#3989,#3990,#3991,#3992,#3993,#3994,#3995,
#3996,#3997,#3998,#3999,#4000,#4001,#4002,#4003,#4004,#4005,#4006,#4007,
#4008,#4009,#4010,#4011,#4012,#4013,#4014,#4015,#4016,#4017,#4018,#4019,
#4020,#4021,#4022,#4023,#4024,#4025,#4026,#4027,#4028,#4029,#4030,#4031,
#4032,#4033,#4034,#4035,#4036,#4037,#4038,#4039,#4040,#4041,#4042,#4043,
#4044,#4045,#4046,#4047,#4048,#4049,#4050,#4051,#4052,#4053,#4054,#4055,
#4056,#4057,#4058,#4059,#4060,#4061,#4062,#4063,#4064,#4065,#4066,#4067,
#4068,#4069,#4070,#4071,#4072,#4073,#4074,#4075,#4076,#4077,#4078,#4079,
#4080,#4081,#4082,#4083,#4084,#4085,#4086,#4087,#4088,#4089,#4090,#4091,
#4092,#4093,#4094,#4095,#4096,#4097,#4098,#4099,#4100,#4101,#4102,#4103,
#4104,#4105,#4106,#4107,#4108,#4109,#4110,#4111,#4112,#4113,#4114,#4115,
#4116,#4117,#4118,#4119,#4120,#4121,#4122,#4123,#4124,#4125,#4126,#4127,
#4128,#4129,#4130,#4131,#4132,#4133,#4134,#4135,#4136,#4137,#4138,#4139,
#4140,#4141,#4142,#4143,#4144,#4145,#4146,#4147,#4148,#4149,#4150,#4151,
#4152,#4153,#4154,#4155,#4156,#4157,#4158,#4159,#4160,#4161,#4162,#4163,
#4164,#4165,#4166,#4167,#4168,#4169,#4170,#4171,#4172,#4173,#4174,#4175,
#4176,#4177,#4178,#4179,#4180,#4181,#4182,#4183,#4184));
#4189=CLOSED_SHELL('',(#4185,#4186,#4187));
#4190=DERIVED_UNIT_ELEMENT(#4192,1.);
#4191=DERIVED_UNIT_ELEMENT(#8444,-3.);
#4192=(
MASS_UNIT()
NAMED_UNIT(*)
SI_UNIT(.KILO.,.GRAM.)
);
#4193=DERIVED_UNIT((#4190,#4191));
#4194=MEASURE_REPRESENTATION_ITEM('density measure',
POSITIVE_RATIO_MEASURE(7850.),#4193);
#4195=PROPERTY_DEFINITION_REPRESENTATION(#4200,#4197);
#4196=PROPERTY_DEFINITION_REPRESENTATION(#4201,#4198);
#4197=REPRESENTATION('material name',(#4199),#8441);
#4198=REPRESENTATION('density',(#4194),#8441);
#4199=DESCRIPTIVE_REPRESENTATION_ITEM('Steel','Steel');
#4200=PROPERTY_DEFINITION('material property','material name',#8451);
#4201=PROPERTY_DEFINITION('material property','density of part',#8451);
#4202=AXIS2_PLACEMENT_3D('',#5867,#4666,#4667);
#4203=AXIS2_PLACEMENT_3D('',#5964,#4672,#4673);
#4204=AXIS2_PLACEMENT_3D('',#5965,#4674,#4675);
#4205=AXIS2_PLACEMENT_3D('',#5966,#4676,#4677);
#4206=AXIS2_PLACEMENT_3D('',#5967,#4678,#4679);
#4207=AXIS2_PLACEMENT_3D('',#5970,#4680,#4681);
#4208=AXIS2_PLACEMENT_3D('',#5974,#4683,#4684);
#4209=AXIS2_PLACEMENT_3D('',#6007,#4687,#4688);
#4210=AXIS2_PLACEMENT_3D('',#6009,#4689,#4690);
#4211=AXIS2_PLACEMENT_3D('',#6012,#4692,#4693);
#4212=AXIS2_PLACEMENT_3D('',#6125,#4698,#4699);
#4213=AXIS2_PLACEMENT_3D('',#6126,#4700,#4701);
#4214=AXIS2_PLACEMENT_3D('',#6127,#4702,#4703);
#4215=AXIS2_PLACEMENT_3D('',#6162,#4706,#4707);
#4216=AXIS2_PLACEMENT_3D('',#6164,#4708,#4709);
#4217=AXIS2_PLACEMENT_3D('',#6167,#4711,#4712);
#4218=AXIS2_PLACEMENT_3D('',#6199,#4714,#4715);
#4219=AXIS2_PLACEMENT_3D('',#6200,#4716,#4717);
#4220=AXIS2_PLACEMENT_3D('',#6201,#4718,#4719);
#4221=AXIS2_PLACEMENT_3D('',#6278,#4724,#4725);
#4222=AXIS2_PLACEMENT_3D('',#6284,#4729,#4730);
#4223=AXIS2_PLACEMENT_3D('',#6286,#4731,#4732);
#4224=AXIS2_PLACEMENT_3D('',#6289,#4734,#4735);
#4225=AXIS2_PLACEMENT_3D('',#6290,#4736,#4737);
#4226=AXIS2_PLACEMENT_3D('',#6292,#4738,#4739);
#4227=AXIS2_PLACEMENT_3D('',#6295,#4741,#4742);
#4228=AXIS2_PLACEMENT_3D('',#6296,#4743,#4744);
#4229=AXIS2_PLACEMENT_3D('',#6298,#4745,#4746);
#4230=AXIS2_PLACEMENT_3D('',#6301,#4748,#4749);
#4231=AXIS2_PLACEMENT_3D('',#6378,#4754,#4755);
#4232=AXIS2_PLACEMENT_3D('',#6384,#4759,#4760);
#4233=AXIS2_PLACEMENT_3D('',#6386,#4761,#4762);
#4234=AXIS2_PLACEMENT_3D('',#6389,#4764,#4765);
#4235=AXIS2_PLACEMENT_3D('',#6390,#4766,#4767);
#4236=AXIS2_PLACEMENT_3D('',#6392,#4768,#4769);
#4237=AXIS2_PLACEMENT_3D('',#6395,#4771,#4772);
#4238=AXIS2_PLACEMENT_3D('',#6396,#4773,#4774);
#4239=AXIS2_PLACEMENT_3D('',#6398,#4775,#4776);
#4240=AXIS2_PLACEMENT_3D('',#6401,#4778,#4779);
#4241=AXIS2_PLACEMENT_3D('',#6478,#4784,#4785);
#4242=AXIS2_PLACEMENT_3D('',#6521,#4790,#4791);
#4243=AXIS2_PLACEMENT_3D('',#6523,#4792,#4793);
#4244=AXIS2_PLACEMENT_3D('',#6526,#4795,#4796);
#4245=AXIS2_PLACEMENT_3D('',#6527,#4797,#4798);
#4246=AXIS2_PLACEMENT_3D('',#6529,#4799,#4800);
#4247=AXIS2_PLACEMENT_3D('',#6532,#4802,#4803);
#4248=AXIS2_PLACEMENT_3D('',#6609,#4808,#4809);
#4249=AXIS2_PLACEMENT_3D('',#6615,#4813,#4814);
#4250=AXIS2_PLACEMENT_3D('',#6617,#4815,#4816);
#4251=AXIS2_PLACEMENT_3D('',#6620,#4818,#4819);
#4252=AXIS2_PLACEMENT_3D('',#6725,#4822,#4823);
#4253=AXIS2_PLACEMENT_3D('',#6731,#4827,#4828);
#4254=AXIS2_PLACEMENT_3D('',#6737,#4832,#4833);
#4255=AXIS2_PLACEMENT_3D('',#6743,#4837,#4838);
#4256=AXIS2_PLACEMENT_3D('',#6749,#4842,#4843);
#4257=AXIS2_PLACEMENT_3D('',#6755,#4847,#4848);
#4258=AXIS2_PLACEMENT_3D('',#6761,#4852,#4853);
#4259=AXIS2_PLACEMENT_3D('',#6764,#4856,#4857);
#4260=AXIS2_PLACEMENT_3D('',#6770,#4861,#4862);
#4261=AXIS2_PLACEMENT_3D('',#6776,#4866,#4867);
#4262=AXIS2_PLACEMENT_3D('',#6779,#4870,#4871);
#4263=AXIS2_PLACEMENT_3D('',#6782,#4874,#4875);
#4264=AXIS2_PLACEMENT_3D('',#6785,#4878,#4879);
#4265=AXIS2_PLACEMENT_3D('',#6791,#4883,#4884);
#4266=AXIS2_PLACEMENT_3D('',#6794,#4887,#4888);
#4267=AXIS2_PLACEMENT_3D('',#6800,#4892,#4893);
#4268=AXIS2_PLACEMENT_3D('',#6803,#4896,#4897);
#4269=AXIS2_PLACEMENT_3D('',#6809,#4901,#4902);
#4270=AXIS2_PLACEMENT_3D('',#6812,#4905,#4906);
#4271=AXIS2_PLACEMENT_3D('',#6818,#4910,#4911);
#4272=AXIS2_PLACEMENT_3D('',#6821,#4914,#4915);
#4273=AXIS2_PLACEMENT_3D('',#6823,#4916,#4917);
#4274=AXIS2_PLACEMENT_3D('',#6826,#4919,#4920);
#4275=AXIS2_PLACEMENT_3D('',#6827,#4921,#4922);
#4276=AXIS2_PLACEMENT_3D('',#6828,#4923,#4924);
#4277=AXIS2_PLACEMENT_3D('',#6830,#4925,#4926);
#4278=AXIS2_PLACEMENT_3D('',#6833,#4928,#4929);
#4279=AXIS2_PLACEMENT_3D('',#6834,#4930,#4931);
#4280=AXIS2_PLACEMENT_3D('',#6835,#4932,#4933);
#4281=AXIS2_PLACEMENT_3D('',#6837,#4934,#4935);
#4282=AXIS2_PLACEMENT_3D('',#6840,#4937,#4938);
#4283=AXIS2_PLACEMENT_3D('',#6841,#4939,#4940);
#4284=AXIS2_PLACEMENT_3D('',#6842,#4941,#4942);
#4285=AXIS2_PLACEMENT_3D('',#6844,#4943,#4944);
#4286=AXIS2_PLACEMENT_3D('',#6847,#4946,#4947);
#4287=AXIS2_PLACEMENT_3D('',#6848,#4948,#4949);
#4288=AXIS2_PLACEMENT_3D('',#6849,#4950,#4951);
#4289=AXIS2_PLACEMENT_3D('',#6851,#4952,#4953);
#4290=AXIS2_PLACEMENT_3D('',#6854,#4955,#4956);
#4291=AXIS2_PLACEMENT_3D('',#6855,#4957,#4958);
#4292=AXIS2_PLACEMENT_3D('',#6856,#4959,#4960);
#4293=AXIS2_PLACEMENT_3D('',#6858,#4961,#4962);
#4294=AXIS2_PLACEMENT_3D('',#6861,#4964,#4965);
#4295=AXIS2_PLACEMENT_3D('',#6862,#4966,#4967);
#4296=AXIS2_PLACEMENT_3D('',#6863,#4968,#4969);
#4297=AXIS2_PLACEMENT_3D('',#6865,#4970,#4971);
#4298=AXIS2_PLACEMENT_3D('',#6868,#4973,#4974);
#4299=AXIS2_PLACEMENT_3D('',#6869,#4975,#4976);
#4300=AXIS2_PLACEMENT_3D('',#6870,#4977,#4978);
#4301=AXIS2_PLACEMENT_3D('',#6872,#4979,#4980);
#4302=AXIS2_PLACEMENT_3D('',#6875,#4982,#4983);
#4303=AXIS2_PLACEMENT_3D('',#6876,#4984,#4985);
#4304=AXIS2_PLACEMENT_3D('',#6877,#4986,#4987);
#4305=AXIS2_PLACEMENT_3D('',#6879,#4988,#4989);
#4306=AXIS2_PLACEMENT_3D('',#6882,#4991,#4992);
#4307=AXIS2_PLACEMENT_3D('',#6883,#4993,#4994);
#4308=AXIS2_PLACEMENT_3D('',#6884,#4995,#4996);
#4309=AXIS2_PLACEMENT_3D('',#6886,#4997,#4998);
#4310=AXIS2_PLACEMENT_3D('',#6889,#5000,#5001);
#4311=AXIS2_PLACEMENT_3D('',#6890,#5002,#5003);
#4312=AXIS2_PLACEMENT_3D('',#6891,#5004,#5005);
#4313=AXIS2_PLACEMENT_3D('',#6893,#5006,#5007);
#4314=AXIS2_PLACEMENT_3D('',#6896,#5009,#5010);
#4315=AXIS2_PLACEMENT_3D('',#6897,#5011,#5012);
#4316=AXIS2_PLACEMENT_3D('',#6898,#5013,#5014);
#4317=AXIS2_PLACEMENT_3D('',#6900,#5015,#5016);
#4318=AXIS2_PLACEMENT_3D('',#6903,#5018,#5019);
#4319=AXIS2_PLACEMENT_3D('',#6904,#5020,#5021);
#4320=AXIS2_PLACEMENT_3D('',#6905,#5022,#5023);
#4321=AXIS2_PLACEMENT_3D('',#6907,#5024,#5025);
#4322=AXIS2_PLACEMENT_3D('',#6910,#5027,#5028);
#4323=AXIS2_PLACEMENT_3D('',#6911,#5029,#5030);
#4324=AXIS2_PLACEMENT_3D('',#6912,#5031,#5032);
#4325=AXIS2_PLACEMENT_3D('',#6914,#5033,#5034);
#4326=AXIS2_PLACEMENT_3D('',#6917,#5036,#5037);
#4327=AXIS2_PLACEMENT_3D('',#6918,#5038,#5039);
#4328=AXIS2_PLACEMENT_3D('',#6919,#5040,#5041);
#4329=AXIS2_PLACEMENT_3D('',#6921,#5042,#5043);
#4330=AXIS2_PLACEMENT_3D('',#6924,#5045,#5046);
#4331=AXIS2_PLACEMENT_3D('',#6925,#5047,#5048);
#4332=AXIS2_PLACEMENT_3D('',#6926,#5049,#5050);
#4333=AXIS2_PLACEMENT_3D('',#6928,#5051,#5052);
#4334=AXIS2_PLACEMENT_3D('',#6931,#5054,#5055);
#4335=AXIS2_PLACEMENT_3D('',#6932,#5056,#5057);
#4336=AXIS2_PLACEMENT_3D('',#6933,#5058,#5059);
#4337=AXIS2_PLACEMENT_3D('',#6935,#5060,#5061);
#4338=AXIS2_PLACEMENT_3D('',#6938,#5063,#5064);
#4339=AXIS2_PLACEMENT_3D('',#6939,#5065,#5066);
#4340=AXIS2_PLACEMENT_3D('',#6940,#5067,#5068);
#4341=AXIS2_PLACEMENT_3D('',#6942,#5069,#5070);
#4342=AXIS2_PLACEMENT_3D('',#6945,#5072,#5073);
#4343=AXIS2_PLACEMENT_3D('',#6946,#5074,#5075);
#4344=AXIS2_PLACEMENT_3D('',#6947,#5076,#5077);
#4345=AXIS2_PLACEMENT_3D('',#6949,#5078,#5079);
#4346=AXIS2_PLACEMENT_3D('',#6952,#5081,#5082);
#4347=AXIS2_PLACEMENT_3D('',#6953,#5083,#5084);
#4348=AXIS2_PLACEMENT_3D('',#6954,#5085,#5086);
#4349=AXIS2_PLACEMENT_3D('',#6956,#5087,#5088);
#4350=AXIS2_PLACEMENT_3D('',#6959,#5090,#5091);
#4351=AXIS2_PLACEMENT_3D('',#6960,#5092,#5093);
#4352=AXIS2_PLACEMENT_3D('',#6961,#5094,#5095);
#4353=AXIS2_PLACEMENT_3D('',#6963,#5096,#5097);
#4354=AXIS2_PLACEMENT_3D('',#6966,#5099,#5100);
#4355=AXIS2_PLACEMENT_3D('',#6967,#5101,#5102);
#4356=AXIS2_PLACEMENT_3D('',#6968,#5103,#5104);
#4357=AXIS2_PLACEMENT_3D('',#6970,#5105,#5106);
#4358=AXIS2_PLACEMENT_3D('',#6973,#5108,#5109);
#4359=AXIS2_PLACEMENT_3D('',#6974,#5110,#5111);
#4360=AXIS2_PLACEMENT_3D('',#6975,#5112,#5113);
#4361=AXIS2_PLACEMENT_3D('',#6977,#5114,#5115);
#4362=AXIS2_PLACEMENT_3D('',#6980,#5117,#5118);
#4363=AXIS2_PLACEMENT_3D('',#6981,#5119,#5120);
#4364=AXIS2_PLACEMENT_3D('',#6982,#5121,#5122);
#4365=AXIS2_PLACEMENT_3D('',#6984,#5123,#5124);
#4366=AXIS2_PLACEMENT_3D('',#6987,#5126,#5127);
#4367=AXIS2_PLACEMENT_3D('',#6988,#5128,#5129);
#4368=AXIS2_PLACEMENT_3D('',#6989,#5130,#5131);
#4369=AXIS2_PLACEMENT_3D('',#6991,#5132,#5133);
#4370=AXIS2_PLACEMENT_3D('',#6994,#5135,#5136);
#4371=AXIS2_PLACEMENT_3D('',#6995,#5137,#5138);
#4372=AXIS2_PLACEMENT_3D('',#6996,#5139,#5140);
#4373=AXIS2_PLACEMENT_3D('',#6998,#5141,#5142);
#4374=AXIS2_PLACEMENT_3D('',#7001,#5144,#5145);
#4375=AXIS2_PLACEMENT_3D('',#7002,#5146,#5147);
#4376=AXIS2_PLACEMENT_3D('',#7003,#5148,#5149);
#4377=AXIS2_PLACEMENT_3D('',#7005,#5150,#5151);
#4378=AXIS2_PLACEMENT_3D('',#7008,#5153,#5154);
#4379=AXIS2_PLACEMENT_3D('',#7009,#5155,#5156);
#4380=AXIS2_PLACEMENT_3D('',#7010,#5157,#5158);
#4381=AXIS2_PLACEMENT_3D('',#7012,#5159,#5160);
#4382=AXIS2_PLACEMENT_3D('',#7015,#5162,#5163);
#4383=AXIS2_PLACEMENT_3D('',#7016,#5164,#5165);
#4384=AXIS2_PLACEMENT_3D('',#7017,#5166,#5167);
#4385=AXIS2_PLACEMENT_3D('',#7019,#5168,#5169);
#4386=AXIS2_PLACEMENT_3D('',#7022,#5171,#5172);
#4387=AXIS2_PLACEMENT_3D('',#7023,#5173,#5174);
#4388=AXIS2_PLACEMENT_3D('',#7024,#5175,#5176);
#4389=AXIS2_PLACEMENT_3D('',#7026,#5177,#5178);
#4390=AXIS2_PLACEMENT_3D('',#7029,#5180,#5181);
#4391=AXIS2_PLACEMENT_3D('',#7030,#5182,#5183);
#4392=AXIS2_PLACEMENT_3D('',#7031,#5184,#5185);
#4393=AXIS2_PLACEMENT_3D('',#7033,#5186,#5187);
#4394=AXIS2_PLACEMENT_3D('',#7036,#5189,#5190);
#4395=AXIS2_PLACEMENT_3D('',#7037,#5191,#5192);
#4396=AXIS2_PLACEMENT_3D('',#7038,#5193,#5194);
#4397=AXIS2_PLACEMENT_3D('',#7040,#5195,#5196);
#4398=AXIS2_PLACEMENT_3D('',#7043,#5198,#5199);
#4399=AXIS2_PLACEMENT_3D('',#7044,#5200,#5201);
#4400=AXIS2_PLACEMENT_3D('',#7045,#5202,#5203);
#4401=AXIS2_PLACEMENT_3D('',#7047,#5204,#5205);
#4402=AXIS2_PLACEMENT_3D('',#7050,#5207,#5208);
#4403=AXIS2_PLACEMENT_3D('',#7051,#5209,#5210);
#4404=AXIS2_PLACEMENT_3D('',#7052,#5211,#5212);
#4405=AXIS2_PLACEMENT_3D('',#7054,#5213,#5214);
#4406=AXIS2_PLACEMENT_3D('',#7057,#5216,#5217);
#4407=AXIS2_PLACEMENT_3D('',#7058,#5218,#5219);
#4408=AXIS2_PLACEMENT_3D('',#7059,#5220,#5221);
#4409=AXIS2_PLACEMENT_3D('',#7061,#5222,#5223);
#4410=AXIS2_PLACEMENT_3D('',#7064,#5225,#5226);
#4411=AXIS2_PLACEMENT_3D('',#7065,#5227,#5228);
#4412=AXIS2_PLACEMENT_3D('',#7066,#5229,#5230);
#4413=AXIS2_PLACEMENT_3D('',#7068,#5231,#5232);
#4414=AXIS2_PLACEMENT_3D('',#7071,#5234,#5235);
#4415=AXIS2_PLACEMENT_3D('',#7072,#5236,#5237);
#4416=AXIS2_PLACEMENT_3D('',#7073,#5238,#5239);
#4417=AXIS2_PLACEMENT_3D('',#7075,#5240,#5241);
#4418=AXIS2_PLACEMENT_3D('',#7078,#5243,#5244);
#4419=AXIS2_PLACEMENT_3D('',#7079,#5245,#5246);
#4420=AXIS2_PLACEMENT_3D('',#7080,#5247,#5248);
#4421=AXIS2_PLACEMENT_3D('',#7082,#5249,#5250);
#4422=AXIS2_PLACEMENT_3D('',#7085,#5252,#5253);
#4423=AXIS2_PLACEMENT_3D('',#7086,#5254,#5255);
#4424=AXIS2_PLACEMENT_3D('',#7087,#5256,#5257);
#4425=AXIS2_PLACEMENT_3D('',#7089,#5258,#5259);
#4426=AXIS2_PLACEMENT_3D('',#7092,#5261,#5262);
#4427=AXIS2_PLACEMENT_3D('',#7093,#5263,#5264);
#4428=AXIS2_PLACEMENT_3D('',#7094,#5265,#5266);
#4429=AXIS2_PLACEMENT_3D('',#7096,#5267,#5268);
#4430=AXIS2_PLACEMENT_3D('',#7099,#5270,#5271);
#4431=AXIS2_PLACEMENT_3D('',#7100,#5272,#5273);
#4432=AXIS2_PLACEMENT_3D('',#7101,#5274,#5275);
#4433=AXIS2_PLACEMENT_3D('',#7104,#5276,#5277);
#4434=AXIS2_PLACEMENT_3D('',#7106,#5278,#5279);
#4435=AXIS2_PLACEMENT_3D('',#7108,#5280,#5281);
#4436=AXIS2_PLACEMENT_3D('',#7121,#5282,#5283);
#4437=AXIS2_PLACEMENT_3D('',#7124,#5284,#5285);
#4438=AXIS2_PLACEMENT_3D('',#7127,#5288,#5289);
#4439=AXIS2_PLACEMENT_3D('',#7130,#5290,#5291);
#4440=AXIS2_PLACEMENT_3D('',#7131,#5292,#5293);
#4441=AXIS2_PLACEMENT_3D('',#7132,#5294,#5295);
#4442=AXIS2_PLACEMENT_3D('',#7133,#5296,#5297);
#4443=AXIS2_PLACEMENT_3D('',#7136,#5298,#5299);
#4444=AXIS2_PLACEMENT_3D('',#7139,#5302,#5303);
#4445=AXIS2_PLACEMENT_3D('',#7142,#5304,#5305);
#4446=AXIS2_PLACEMENT_3D('',#7143,#5306,#5307);
#4447=AXIS2_PLACEMENT_3D('',#7144,#5308,#5309);
#4448=AXIS2_PLACEMENT_3D('',#7145,#5310,#5311);
#4449=AXIS2_PLACEMENT_3D('',#7148,#5314,#5315);
#4450=AXIS2_PLACEMENT_3D('',#7152,#5317,#5318);
#4451=AXIS2_PLACEMENT_3D('',#7154,#5320,#5321);
#4452=AXIS2_PLACEMENT_3D('',#7158,#5324,#5325);
#4453=AXIS2_PLACEMENT_3D('',#7161,#5327,#5328);
#4454=AXIS2_PLACEMENT_3D('',#7162,#5329,#5330);
#4455=AXIS2_PLACEMENT_3D('',#7165,#5331,#5332);
#4456=AXIS2_PLACEMENT_3D('',#7169,#5334,#5335);
#4457=AXIS2_PLACEMENT_3D('',#7173,#5337,#5338);
#4458=AXIS2_PLACEMENT_3D('',#7177,#5340,#5341);
#4459=AXIS2_PLACEMENT_3D('',#7181,#5343,#5344);
#4460=AXIS2_PLACEMENT_3D('',#7185,#5346,#5347);
#4461=AXIS2_PLACEMENT_3D('',#7189,#5349,#5350);
#4462=AXIS2_PLACEMENT_3D('',#7322,#5355,#5356);
#4463=AXIS2_PLACEMENT_3D('',#7326,#5358,#5359);
#4464=AXIS2_PLACEMENT_3D('',#7330,#5361,#5362);
#4465=AXIS2_PLACEMENT_3D('',#7332,#5364,#5365);
#4466=AXIS2_PLACEMENT_3D('',#7335,#5366,#5367);
#4467=AXIS2_PLACEMENT_3D('',#7336,#5368,#5369);
#4468=AXIS2_PLACEMENT_3D('',#7349,#5370,#5371);
#4469=AXIS2_PLACEMENT_3D('',#7351,#5372,#5373);
#4470=AXIS2_PLACEMENT_3D('',#7353,#5375,#5376);
#4471=AXIS2_PLACEMENT_3D('',#7355,#5377,#5378);
#4472=AXIS2_PLACEMENT_3D('',#7356,#5379,#5380);
#4473=AXIS2_PLACEMENT_3D('',#7357,#5381,#5382);
#4474=AXIS2_PLACEMENT_3D('',#7359,#5383,#5384);
#4475=AXIS2_PLACEMENT_3D('',#7361,#5386,#5387);
#4476=AXIS2_PLACEMENT_3D('',#7363,#5388,#5389);
#4477=AXIS2_PLACEMENT_3D('',#7364,#5390,#5391);
#4478=AXIS2_PLACEMENT_3D('',#7365,#5392,#5393);
#4479=AXIS2_PLACEMENT_3D('',#7367,#5395,#5396);
#4480=AXIS2_PLACEMENT_3D('',#7371,#5398,#5399);
#4481=AXIS2_PLACEMENT_3D('',#7373,#5401,#5402);
#4482=AXIS2_PLACEMENT_3D('',#7377,#5405,#5406);
#4483=AXIS2_PLACEMENT_3D('',#7380,#5408,#5409);
#4484=AXIS2_PLACEMENT_3D('',#7381,#5410,#5411);
#4485=AXIS2_PLACEMENT_3D('',#7384,#5412,#5413);
#4486=AXIS2_PLACEMENT_3D('',#7385,#5414,#5415);
#4487=AXIS2_PLACEMENT_3D('',#7398,#5416,#5417);
#4488=AXIS2_PLACEMENT_3D('',#7400,#5418,#5419);
#4489=AXIS2_PLACEMENT_3D('',#7402,#5421,#5422);
#4490=AXIS2_PLACEMENT_3D('',#7404,#5423,#5424);
#4491=AXIS2_PLACEMENT_3D('',#7405,#5425,#5426);
#4492=AXIS2_PLACEMENT_3D('',#7406,#5427,#5428);
#4493=AXIS2_PLACEMENT_3D('',#7408,#5429,#5430);
#4494=AXIS2_PLACEMENT_3D('',#7410,#5432,#5433);
#4495=AXIS2_PLACEMENT_3D('',#7412,#5434,#5435);
#4496=AXIS2_PLACEMENT_3D('',#7413,#5436,#5437);
#4497=AXIS2_PLACEMENT_3D('',#7414,#5438,#5439);
#4498=AXIS2_PLACEMENT_3D('',#7416,#5441,#5442);
#4499=AXIS2_PLACEMENT_3D('',#7420,#5444,#5445);
#4500=AXIS2_PLACEMENT_3D('',#7422,#5447,#5448);
#4501=AXIS2_PLACEMENT_3D('',#7426,#5451,#5452);
#4502=AXIS2_PLACEMENT_3D('',#7429,#5454,#5455);
#4503=AXIS2_PLACEMENT_3D('',#7480,#5456,#5457);
#4504=AXIS2_PLACEMENT_3D('',#7512,#5458,#5459);
#4505=AXIS2_PLACEMENT_3D('',#7514,#5460,#5461);
#4506=AXIS2_PLACEMENT_3D('',#7537,#5463,#5464);
#4507=AXIS2_PLACEMENT_3D('',#7542,#5465,#5466);
#4508=AXIS2_PLACEMENT_3D('',#7544,#5467,#5468);
#4509=AXIS2_PLACEMENT_3D('',#7597,#5470,#5471);
#4510=AXIS2_PLACEMENT_3D('',#7608,#5472,#5473);
#4511=AXIS2_PLACEMENT_3D('',#7619,#5476,#5477);
#4512=AXIS2_PLACEMENT_3D('',#7621,#5479,#5480);
#4513=AXIS2_PLACEMENT_3D('',#7637,#5484,#5485);
#4514=AXIS2_PLACEMENT_3D('',#7638,#5486,#5487);
#4515=AXIS2_PLACEMENT_3D('',#7669,#5489,#5490);
#4516=AXIS2_PLACEMENT_3D('',#7671,#5492,#5493);
#4517=AXIS2_PLACEMENT_3D('',#7680,#5494,#5495);
#4518=AXIS2_PLACEMENT_3D('',#7682,#5496,#5497);
#4519=AXIS2_PLACEMENT_3D('',#7702,#5498,#5499);
#4520=AXIS2_PLACEMENT_3D('',#7724,#5501,#5502);
#4521=AXIS2_PLACEMENT_3D('',#7726,#5504,#5505);
#4522=AXIS2_PLACEMENT_3D('',#7727,#5506,#5507);
#4523=AXIS2_PLACEMENT_3D('',#7728,#5508,#5509);
#4524=AXIS2_PLACEMENT_3D('',#7729,#5510,#5511);
#4525=AXIS2_PLACEMENT_3D('',#7731,#5512,#5513);
#4526=AXIS2_PLACEMENT_3D('',#7732,#5514,#5515);
#4527=AXIS2_PLACEMENT_3D('',#7733,#5516,#5517);
#4528=AXIS2_PLACEMENT_3D('',#7737,#5519,#5520);
#4529=AXIS2_PLACEMENT_3D('',#7739,#5522,#5523);
#4530=AXIS2_PLACEMENT_3D('',#7743,#5526,#5527);
#4531=AXIS2_PLACEMENT_3D('',#7746,#5529,#5530);
#4532=AXIS2_PLACEMENT_3D('',#7747,#5531,#5532);
#4533=AXIS2_PLACEMENT_3D('',#7751,#5535,#5536);
#4534=AXIS2_PLACEMENT_3D('',#7753,#5537,#5538);
#4535=AXIS2_PLACEMENT_3D('',#7754,#5539,#5540);
#4536=AXIS2_PLACEMENT_3D('',#7755,#5541,#5542);
#4537=AXIS2_PLACEMENT_3D('',#7756,#5543,#5544);
#4538=AXIS2_PLACEMENT_3D('',#7757,#5545,#5546);
#4539=AXIS2_PLACEMENT_3D('',#7758,#5547,#5548);
#4540=AXIS2_PLACEMENT_3D('',#7761,#5549,#5550);
#4541=AXIS2_PLACEMENT_3D('',#7764,#5553,#5554);
#4542=AXIS2_PLACEMENT_3D('',#7812,#5557,#5558);
#4543=AXIS2_PLACEMENT_3D('',#7814,#5559,#5560);
#4544=AXIS2_PLACEMENT_3D('',#7830,#5561,#5562);
#4545=AXIS2_PLACEMENT_3D('',#7831,#5563,#5564);
#4546=AXIS2_PLACEMENT_3D('',#7833,#5565,#5566);
#4547=AXIS2_PLACEMENT_3D('',#7835,#5567,#5568);
#4548=AXIS2_PLACEMENT_3D('',#7836,#5569,#5570);
#4549=AXIS2_PLACEMENT_3D('',#7837,#5571,#5572);
#4550=AXIS2_PLACEMENT_3D('',#7840,#5573,#5574);
#4551=AXIS2_PLACEMENT_3D('',#7843,#5577,#5578);
#4552=AXIS2_PLACEMENT_3D('',#7844,#5579,#5580);
#4553=AXIS2_PLACEMENT_3D('',#7845,#5581,#5582);
#4554=AXIS2_PLACEMENT_3D('',#7846,#5583,#5584);
#4555=AXIS2_PLACEMENT_3D('',#7852,#5588,#5589);
#4556=AXIS2_PLACEMENT_3D('',#7855,#5591,#5592);
#4557=AXIS2_PLACEMENT_3D('',#7856,#5593,#5594);
#4558=AXIS2_PLACEMENT_3D('',#7860,#5597,#5598);
#4559=AXIS2_PLACEMENT_3D('',#7864,#5600,#5601);
#4560=AXIS2_PLACEMENT_3D('',#7866,#5603,#5604);
#4561=AXIS2_PLACEMENT_3D('',#7897,#5606,#5607);
#4562=AXIS2_PLACEMENT_3D('',#7899,#5609,#5610);
#4563=AXIS2_PLACEMENT_3D('',#7902,#5611,#5612);
#4564=AXIS2_PLACEMENT_3D('',#7906,#5614,#5615);
#4565=AXIS2_PLACEMENT_3D('',#7908,#5617,#5618);
#4566=AXIS2_PLACEMENT_3D('',#7909,#5619,#5620);
#4567=AXIS2_PLACEMENT_3D('',#7910,#5621,#5622);
#4568=AXIS2_PLACEMENT_3D('',#7911,#5623,#5624);
#4569=AXIS2_PLACEMENT_3D('',#7922,#5625,#5626);
#4570=AXIS2_PLACEMENT_3D('',#7924,#5627,#5628);
#4571=AXIS2_PLACEMENT_3D('',#7996,#5629,#5630);
#4572=AXIS2_PLACEMENT_3D('',#8010,#5631,#5632);
#4573=AXIS2_PLACEMENT_3D('',#8012,#5633,#5634);
#4574=AXIS2_PLACEMENT_3D('',#8013,#5635,#5636);
#4575=AXIS2_PLACEMENT_3D('',#8014,#5637,#5638);
#4576=AXIS2_PLACEMENT_3D('',#8018,#5640,#5641);
#4577=AXIS2_PLACEMENT_3D('',#8020,#5643,#5644);
#4578=AXIS2_PLACEMENT_3D('',#8024,#5647,#5648);
#4579=AXIS2_PLACEMENT_3D('',#8027,#5650,#5651);
#4580=AXIS2_PLACEMENT_3D('',#8028,#5652,#5653);
#4581=AXIS2_PLACEMENT_3D('',#8041,#5656,#5657);
#4582=AXIS2_PLACEMENT_3D('',#8043,#5658,#5659);
#4583=AXIS2_PLACEMENT_3D('',#8045,#5660,#5661);
#4584=AXIS2_PLACEMENT_3D('',#8047,#5662,#5663);
#4585=AXIS2_PLACEMENT_3D('',#8054,#5664,#5665);
#4586=AXIS2_PLACEMENT_3D('',#8056,#5666,#5667);
#4587=AXIS2_PLACEMENT_3D('',#8057,#5668,#5669);
#4588=AXIS2_PLACEMENT_3D('',#8058,#5670,#5671);
#4589=AXIS2_PLACEMENT_3D('',#8059,#5672,#5673);
#4590=AXIS2_PLACEMENT_3D('',#8060,#5674,#5675);
#4591=AXIS2_PLACEMENT_3D('',#8061,#5676,#5677);
#4592=AXIS2_PLACEMENT_3D('',#8077,#5678,#5679);
#4593=AXIS2_PLACEMENT_3D('',#8078,#5680,#5681);
#4594=AXIS2_PLACEMENT_3D('',#8082,#5683,#5684);
#4595=AXIS2_PLACEMENT_3D('',#8084,#5686,#5687);
#4596=AXIS2_PLACEMENT_3D('',#8085,#5688,#5689);
#4597=AXIS2_PLACEMENT_3D('',#8086,#5690,#5691);
#4598=AXIS2_PLACEMENT_3D('',#8090,#5693,#5694);
#4599=AXIS2_PLACEMENT_3D('',#8092,#5696,#5697);
#4600=AXIS2_PLACEMENT_3D('',#8095,#5698,#5699);
#4601=AXIS2_PLACEMENT_3D('',#8099,#5701,#5702);
#4602=AXIS2_PLACEMENT_3D('',#8101,#5704,#5705);
#4603=AXIS2_PLACEMENT_3D('',#8103,#5706,#5707);
#4604=AXIS2_PLACEMENT_3D('',#8107,#5709,#5710);
#4605=AXIS2_PLACEMENT_3D('',#8161,#5712,#5713);
#4606=AXIS2_PLACEMENT_3D('',#8182,#5714,#5715);
#4607=AXIS2_PLACEMENT_3D('',#8185,#5716,#5717);
#4608=AXIS2_PLACEMENT_3D('',#8230,#5720,#5721);
#4609=AXIS2_PLACEMENT_3D('',#8247,#5722,#5723);
#4610=AXIS2_PLACEMENT_3D('',#8248,#5724,#5725);
#4611=AXIS2_PLACEMENT_3D('',#8297,#5726,#5727);
#4612=AXIS2_PLACEMENT_3D('',#8302,#5728,#5729);
#4613=AXIS2_PLACEMENT_3D('',#8303,#5730,#5731);
#4614=AXIS2_PLACEMENT_3D('',#8304,#5732,#5733);
#4615=AXIS2_PLACEMENT_3D('',#8307,#5734,#5735);
#4616=AXIS2_PLACEMENT_3D('',#8310,#5738,#5739);
#4617=AXIS2_PLACEMENT_3D('',#8311,#5740,#5741);
#4618=AXIS2_PLACEMENT_3D('',#8312,#5742,#5743);
#4619=AXIS2_PLACEMENT_3D('',#8313,#5744,#5745);
#4620=AXIS2_PLACEMENT_3D('',#8314,#5746,#5747);
#4621=AXIS2_PLACEMENT_3D('',#8327,#5749,#5750);
#4622=AXIS2_PLACEMENT_3D('',#8328,#5751,#5752);
#4623=AXIS2_PLACEMENT_3D('',#8330,#5753,#5754);
#4624=AXIS2_PLACEMENT_3D('',#8332,#5756,#5757);
#4625=AXIS2_PLACEMENT_3D('',#8335,#5759,#5760);
#4626=AXIS2_PLACEMENT_3D('',#8336,#5761,#5762);
#4627=AXIS2_PLACEMENT_3D('',#8338,#5763,#5764);
#4628=AXIS2_PLACEMENT_3D('',#8340,#5766,#5767);
#4629=AXIS2_PLACEMENT_3D('',#8343,#5768,#5769);
#4630=AXIS2_PLACEMENT_3D('',#8347,#5771,#5772);
#4631=AXIS2_PLACEMENT_3D('',#8351,#5774,#5775);
#4632=AXIS2_PLACEMENT_3D('',#8355,#5777,#5778);
#4633=AXIS2_PLACEMENT_3D('',#8360,#5781,#5782);
#4634=AXIS2_PLACEMENT_3D('',#8362,#5784,#5785);
#4635=AXIS2_PLACEMENT_3D('',#8363,#5786,#5787);
#4636=AXIS2_PLACEMENT_3D('',#8364,#5788,#5789);
#4637=AXIS2_PLACEMENT_3D('',#8365,#5790,#5791);
#4638=AXIS2_PLACEMENT_3D('',#8367,#5793,#5794);
#4639=AXIS2_PLACEMENT_3D('',#8379,#5796,#5797);
#4640=AXIS2_PLACEMENT_3D('',#8396,#5800,#5801);
#4641=AXIS2_PLACEMENT_3D('',#8397,#5802,#5803);
#4642=AXIS2_PLACEMENT_3D('',#8398,#5804,#5805);
#4643=AXIS2_PLACEMENT_3D('',#8400,#5807,#5808);
#4644=AXIS2_PLACEMENT_3D('',#8402,#5810,#5811);
#4645=AXIS2_PLACEMENT_3D('',#8403,#5812,#5813);
#4646=AXIS2_PLACEMENT_3D('',#8404,#5814,#5815);
#4647=AXIS2_PLACEMENT_3D('',#8407,#5818,#5819);
#4648=AXIS2_PLACEMENT_3D('',#8408,#5820,#5821);
#4649=AXIS2_PLACEMENT_3D('',#8409,#5822,#5823);
#4650=AXIS2_PLACEMENT_3D('',#8411,#5825,#5826);
#4651=AXIS2_PLACEMENT_3D('',#8413,#5828,#5829);
#4652=AXIS2_PLACEMENT_3D('',#8414,#5830,#5831);
#4653=AXIS2_PLACEMENT_3D('',#8415,#5832,#5833);
#4654=AXIS2_PLACEMENT_3D('',#8418,#5836,#5837);
#4655=AXIS2_PLACEMENT_3D('',#8420,#5839,#5840);
#4656=AXIS2_PLACEMENT_3D('',#8422,#5842,#5843);
#4657=AXIS2_PLACEMENT_3D('',#8424,#5845,#5846);
#4658=AXIS2_PLACEMENT_3D('',#8426,#5848,#5849);
#4659=AXIS2_PLACEMENT_3D('',#8428,#5851,#5852);
#4660=AXIS2_PLACEMENT_3D('',#8430,#5854,#5855);
#4661=AXIS2_PLACEMENT_3D('',#8431,#5856,#5857);
#4662=AXIS2_PLACEMENT_3D('',#8433,#5858,#5859);
#4663=AXIS2_PLACEMENT_3D('',#8436,#5861,#5862);
#4664=AXIS2_PLACEMENT_3D('',#8437,#5863,#5864);
#4665=AXIS2_PLACEMENT_3D('',#8438,#5865,#5866);
#4666=DIRECTION('axis',(0.,0.,1.));
#4667=DIRECTION('refdir',(1.,0.,0.));
#4668=DIRECTION('',(0.,-1.,0.));
#4669=DIRECTION('',(0.,-1.,0.));
#4670=DIRECTION('',(0.,-1.,0.));
#4671=DIRECTION('',(0.,-1.,0.));
#4672=DIRECTION('center_axis',(0.,-1.,0.));
#4673=DIRECTION('ref_axis',(-0.230110971568842,0.,0.973164395548688));
#4674=DIRECTION('center_axis',(0.,1.,0.));
#4675=DIRECTION('ref_axis',(-0.230110971568842,0.,0.973164395548688));
#4676=DIRECTION('center_axis',(0.,-1.,0.));
#4677=DIRECTION('ref_axis',(-0.230110971568842,0.,0.973164395548688));
#4678=DIRECTION('center_axis',(0.,-1.,0.));
#4679=DIRECTION('ref_axis',(0.973164395548688,0.,0.230110971568841));
#4680=DIRECTION('center_axis',(0.,1.,0.));
#4681=DIRECTION('ref_axis',(0.973164395548688,0.,0.230110971568841));
#4682=DIRECTION('',(0.,-1.,0.));
#4683=DIRECTION('center_axis',(0.,-1.,0.));
#4684=DIRECTION('ref_axis',(0.973164395548688,0.,0.230110971568841));
#4685=DIRECTION('',(0.,-1.,0.));
#4686=DIRECTION('',(0.,-1.,0.));
#4687=DIRECTION('center_axis',(0.,-1.,0.));
#4688=DIRECTION('ref_axis',(-0.448479446286945,0.,-0.893793145117009));
#4689=DIRECTION('center_axis',(0.,1.,0.));
#4690=DIRECTION('ref_axis',(-0.448479446286945,0.,-0.893793145117009));
#4691=DIRECTION('',(0.,-1.,0.));
#4692=DIRECTION('center_axis',(0.,-1.,0.));
#4693=DIRECTION('ref_axis',(-0.448479446286945,0.,-0.893793145117009));
#4694=DIRECTION('',(0.,-1.,0.));
#4695=DIRECTION('',(0.,-1.,0.));
#4696=DIRECTION('',(0.,-1.,0.));
#4697=DIRECTION('',(0.,-1.,0.));
#4698=DIRECTION('center_axis',(0.,-1.,0.));
#4699=DIRECTION('ref_axis',(0.448479446287019,0.,0.893793145116972));
#4700=DIRECTION('center_axis',(0.,1.,0.));
#4701=DIRECTION('ref_axis',(0.448479446287019,0.,0.893793145116972));
#4702=DIRECTION('center_axis',(0.,-1.,0.));
#4703=DIRECTION('ref_axis',(0.448479446287019,0.,0.893793145116972));
#4704=DIRECTION('',(0.,-1.,0.));
#4705=DIRECTION('',(0.,-1.,0.));
#4706=DIRECTION('center_axis',(0.,-1.,0.));
#4707=DIRECTION('ref_axis',(0.23011097156876,0.,-0.973164395548707));
#4708=DIRECTION('center_axis',(0.,1.,0.));
#4709=DIRECTION('ref_axis',(0.23011097156876,0.,-0.973164395548707));
#4710=DIRECTION('',(0.,-1.,0.));
#4711=DIRECTION('center_axis',(0.,-1.,0.));
#4712=DIRECTION('ref_axis',(0.23011097156876,0.,-0.973164395548707));
#4713=DIRECTION('',(0.,-1.,0.));
#4714=DIRECTION('center_axis',(0.,-1.,0.));
#4715=DIRECTION('ref_axis',(-0.893793145117009,0.,0.448479446286946));
#4716=DIRECTION('center_axis',(0.,1.,0.));
#4717=DIRECTION('ref_axis',(-0.893793145117009,0.,0.448479446286946));
#4718=DIRECTION('center_axis',(0.,-1.,0.));
#4719=DIRECTION('ref_axis',(-0.893793145117009,0.,0.448479446286946));
#4720=DIRECTION('',(0.,1.,0.));
#4721=DIRECTION('',(0.,-1.,0.));
#4722=DIRECTION('',(0.,1.,0.));
#4723=DIRECTION('',(0.,-1.,0.));
#4724=DIRECTION('center_axis',(-0.230110971568759,0.,0.973164395548708));
#4725=DIRECTION('ref_axis',(-0.973164395548708,0.,-0.230110971568759));
#4726=DIRECTION('',(-0.973164395548708,0.,-0.230110971568759));
#4727=DIRECTION('',(0.,-1.,0.));
#4728=DIRECTION('',(0.973164395548708,0.,0.230110971568759));
#4729=DIRECTION('center_axis',(0.,-1.,0.));
#4730=DIRECTION('ref_axis',(0.23011097156876,0.,-0.973164395548707));
#4731=DIRECTION('center_axis',(0.,-1.,0.));
#4732=DIRECTION('ref_axis',(0.23011097156876,0.,-0.973164395548707));
#4733=DIRECTION('',(0.,-1.,0.));
#4734=DIRECTION('center_axis',(0.,1.,0.));
#4735=DIRECTION('ref_axis',(0.23011097156876,0.,-0.973164395548707));
#4736=DIRECTION('center_axis',(0.,-1.,0.));
#4737=DIRECTION('ref_axis',(-0.893793145117009,0.,0.448479446286946));
#4738=DIRECTION('center_axis',(0.,-1.,0.));
#4739=DIRECTION('ref_axis',(-0.893793145117009,0.,0.448479446286946));
#4740=DIRECTION('',(0.,-1.,0.));
#4741=DIRECTION('center_axis',(0.,1.,0.));
#4742=DIRECTION('ref_axis',(-0.893793145117009,0.,0.448479446286946));
#4743=DIRECTION('center_axis',(0.,-1.,0.));
#4744=DIRECTION('ref_axis',(-0.893793145117009,0.,0.448479446286946));
#4745=DIRECTION('center_axis',(0.,1.,0.));
#4746=DIRECTION('ref_axis',(-0.893793145117009,0.,0.448479446286946));
#4747=DIRECTION('',(0.,-1.,0.));
#4748=DIRECTION('center_axis',(0.,-1.,0.));
#4749=DIRECTION('ref_axis',(-0.893793145117009,0.,0.448479446286946));
#4750=DIRECTION('',(0.,1.,0.));
#4751=DIRECTION('',(0.,-1.,0.));
#4752=DIRECTION('',(0.,1.,0.));
#4753=DIRECTION('',(0.,-1.,0.));
#4754=DIRECTION('center_axis',(-0.973164395548688,0.,-0.230110971568842));
#4755=DIRECTION('ref_axis',(0.230110971568842,0.,-0.973164395548688));
#4756=DIRECTION('',(0.230110971568842,0.,-0.973164395548688));
#4757=DIRECTION('',(0.,1.,0.));
#4758=DIRECTION('',(-0.230110971568842,0.,0.973164395548688));
#4759=DIRECTION('center_axis',(0.,-1.,0.));
#4760=DIRECTION('ref_axis',(0.973164395548688,0.,0.230110971568841));
#4761=DIRECTION('center_axis',(0.,-1.,0.));
#4762=DIRECTION('ref_axis',(0.973164395548688,0.,0.230110971568841));
#4763=DIRECTION('',(0.,-1.,0.));
#4764=DIRECTION('center_axis',(0.,1.,0.));
#4765=DIRECTION('ref_axis',(0.973164395548688,0.,0.230110971568841));
#4766=DIRECTION('center_axis',(0.,-1.,0.));
#4767=DIRECTION('ref_axis',(-0.448479446286945,0.,-0.893793145117009));
#4768=DIRECTION('center_axis',(0.,-1.,0.));
#4769=DIRECTION('ref_axis',(-0.448479446286945,0.,-0.893793145117009));
#4770=DIRECTION('',(0.,-1.,0.));
#4771=DIRECTION('center_axis',(0.,1.,0.));
#4772=DIRECTION('ref_axis',(-0.448479446286945,0.,-0.893793145117009));
#4773=DIRECTION('center_axis',(0.,-1.,0.));
#4774=DIRECTION('ref_axis',(-0.448479446286945,0.,-0.893793145117009));
#4775=DIRECTION('center_axis',(0.,1.,0.));
#4776=DIRECTION('ref_axis',(-0.448479446286945,0.,-0.893793145117009));
#4777=DIRECTION('',(0.,-1.,0.));
#4778=DIRECTION('center_axis',(0.,-1.,0.));
#4779=DIRECTION('ref_axis',(-0.448479446286945,0.,-0.893793145117009));
#4780=DIRECTION('',(0.,1.,0.));
#4781=DIRECTION('',(0.,-1.,0.));
#4782=DIRECTION('',(0.,1.,0.));
#4783=DIRECTION('',(0.,-1.,0.));
#4784=DIRECTION('center_axis',(0.973164336516706,0.,0.230111221221388));
#4785=DIRECTION('ref_axis',(-0.230111221221388,0.,0.973164336516706));
#4786=DIRECTION('',(-0.230111221221388,0.,0.973164336516706));
#4787=DIRECTION('',(0.,-1.,0.));
#4788=DIRECTION('',(0.230111221221388,0.,-0.973164336516706));
#4789=DIRECTION('',(0.,-1.,0.));
#4790=DIRECTION('center_axis',(0.,-1.,0.));
#4791=DIRECTION('ref_axis',(0.448479446287019,0.,0.893793145116972));
#4792=DIRECTION('center_axis',(0.,-1.,0.));
#4793=DIRECTION('ref_axis',(0.448479446287019,0.,0.893793145116972));
#4794=DIRECTION('',(0.,-1.,0.));
#4795=DIRECTION('center_axis',(0.,1.,0.));
#4796=DIRECTION('ref_axis',(0.448479446287019,0.,0.893793145116972));
#4797=DIRECTION('center_axis',(0.,-1.,0.));
#4798=DIRECTION('ref_axis',(0.448479446287019,0.,0.893793145116972));
#4799=DIRECTION('center_axis',(0.,1.,0.));
#4800=DIRECTION('ref_axis',(0.448479446287019,0.,0.893793145116972));
#4801=DIRECTION('',(0.,-1.,0.));
#4802=DIRECTION('center_axis',(0.,-1.,0.));
#4803=DIRECTION('ref_axis',(0.448479446287019,0.,0.893793145116972));
#4804=DIRECTION('',(0.,1.,0.));
#4805=DIRECTION('',(0.,-1.,0.));
#4806=DIRECTION('',(0.,1.,0.));
#4807=DIRECTION('',(0.,-1.,0.));
#4808=DIRECTION('center_axis',(0.230110971568842,0.,-0.973164395548688));
#4809=DIRECTION('ref_axis',(0.973164395548688,0.,0.230110971568842));
#4810=DIRECTION('',(0.973164395548688,0.,0.230110971568842));
#4811=DIRECTION('',(0.,1.,0.));
#4812=DIRECTION('',(-0.973164395548688,0.,-0.230110971568842));
#4813=DIRECTION('center_axis',(0.,-1.,0.));
#4814=DIRECTION('ref_axis',(-0.230110971568842,0.,0.973164395548688));
#4815=DIRECTION('center_axis',(0.,-1.,0.));
#4816=DIRECTION('ref_axis',(-0.230110971568842,0.,0.973164395548688));
#4817=DIRECTION('',(0.,-1.,0.));
#4818=DIRECTION('center_axis',(0.,1.,0.));
#4819=DIRECTION('ref_axis',(-0.230110971568842,0.,0.973164395548688));
#4820=DIRECTION('',(0.,-1.,0.));
#4821=DIRECTION('',(0.,-1.,0.));
#4822=DIRECTION('center_axis',(0.230110971568842,0.,-0.973164395548688));
#4823=DIRECTION('ref_axis',(0.973164395548688,0.,0.230110971568842));
#4824=DIRECTION('',(0.,1.,0.));
#4825=DIRECTION('',(0.973164395548688,0.,0.230110971568842));
#4826=DIRECTION('',(-0.973164395548688,0.,-0.230110971568842));
#4827=DIRECTION('center_axis',(0.973164336516706,0.,0.230111221221388));
#4828=DIRECTION('ref_axis',(-0.230111221221388,0.,0.973164336516706));
#4829=DIRECTION('',(0.,1.,0.));
#4830=DIRECTION('',(-0.230111221221388,0.,0.973164336516706));
#4831=DIRECTION('',(0.230111221221388,0.,-0.973164336516706));
#4832=DIRECTION('center_axis',(-0.973164395548688,0.,-0.230110971568842));
#4833=DIRECTION('ref_axis',(0.230110971568842,0.,-0.973164395548688));
#4834=DIRECTION('',(0.,1.,0.));
#4835=DIRECTION('',(0.230110971568842,0.,-0.973164395548688));
#4836=DIRECTION('',(-0.230110971568842,0.,0.973164395548688));
#4837=DIRECTION('center_axis',(0.,0.,-1.));
#4838=DIRECTION('ref_axis',(1.,0.,0.));
#4839=DIRECTION('',(1.,0.,0.));
#4840=DIRECTION('',(0.,-1.,0.));
#4841=DIRECTION('',(-1.,0.,0.));
#4842=DIRECTION('center_axis',(0.,0.,-1.));
#4843=DIRECTION('ref_axis',(1.,0.,0.));
#4844=DIRECTION('',(-1.,0.,0.));
#4845=DIRECTION('',(0.,-1.,0.));
#4846=DIRECTION('',(1.,0.,0.));
#4847=DIRECTION('center_axis',(-1.,0.,0.));
#4848=DIRECTION('ref_axis',(0.,0.,-1.));
#4849=DIRECTION('',(0.,0.,-1.));
#4850=DIRECTION('',(0.,-1.,0.));
#4851=DIRECTION('',(0.,0.,1.));
#4852=DIRECTION('center_axis',(-1.,0.,0.));
#4853=DIRECTION('ref_axis',(0.,0.,-1.));
#4854=DIRECTION('',(0.,0.,1.));
#4855=DIRECTION('',(0.,0.,-1.));
#4856=DIRECTION('center_axis',(-0.230110971568759,0.,0.973164395548708));
#4857=DIRECTION('ref_axis',(-0.973164395548708,0.,-0.230110971568759));
#4858=DIRECTION('',(0.,1.,0.));
#4859=DIRECTION('',(-0.973164395548708,0.,-0.230110971568759));
#4860=DIRECTION('',(0.973164395548708,0.,0.230110971568759));
#4861=DIRECTION('center_axis',(0.,0.,1.));
#4862=DIRECTION('ref_axis',(-1.,0.,0.));
#4863=DIRECTION('',(-1.,0.,0.));
#4864=DIRECTION('',(0.,-1.,0.));
#4865=DIRECTION('',(1.,0.,0.));
#4866=DIRECTION('center_axis',(0.,0.,1.));
#4867=DIRECTION('ref_axis',(-1.,0.,0.));
#4868=DIRECTION('',(1.,0.,0.));
#4869=DIRECTION('',(-1.,0.,0.));
#4870=DIRECTION('center_axis',(1.,0.,0.));
#4871=DIRECTION('ref_axis',(0.,0.,1.));
#4872=DIRECTION('',(0.,0.,1.));
#4873=DIRECTION('',(0.,0.,-1.));
#4874=DIRECTION('center_axis',(1.,0.,0.));
#4875=DIRECTION('ref_axis',(0.,0.,1.));
#4876=DIRECTION('',(0.,0.,-1.));
#4877=DIRECTION('',(0.,0.,1.));
#4878=DIRECTION('center_axis',(-0.893793230546509,0.,0.448479276030938));
#4879=DIRECTION('ref_axis',(-0.448479276030938,0.,-0.893793230546509));
#4880=DIRECTION('',(0.448479276030938,0.,0.893793230546509));
#4881=DIRECTION('',(-0.448479276030938,0.,-0.893793230546509));
#4882=DIRECTION('',(0.,-1.,0.));
#4883=DIRECTION('center_axis',(1.,0.,0.));
#4884=DIRECTION('ref_axis',(0.,0.,1.));
#4885=DIRECTION('',(0.,0.,-1.));
#4886=DIRECTION('',(0.,0.,1.));
#4887=DIRECTION('center_axis',(0.448479446303176,0.,0.893793145108865));
#4888=DIRECTION('ref_axis',(-0.893793145108865,0.,0.448479446303176));
#4889=DIRECTION('',(0.893793145108865,0.,-0.448479446303176));
#4890=DIRECTION('',(-0.893793145108865,0.,0.448479446303176));
#4891=DIRECTION('',(0.,-1.,0.));
#4892=DIRECTION('center_axis',(0.,0.,-1.));
#4893=DIRECTION('ref_axis',(1.,0.,0.));
#4894=DIRECTION('',(-1.,0.,0.));
#4895=DIRECTION('',(1.,0.,0.));
#4896=DIRECTION('center_axis',(0.893793145108868,0.,-0.448479446303171));
#4897=DIRECTION('ref_axis',(0.448479446303171,0.,0.893793145108868));
#4898=DIRECTION('',(-0.448479446303171,0.,-0.893793145108868));
#4899=DIRECTION('',(0.448479446303171,0.,0.893793145108868));
#4900=DIRECTION('',(0.,-1.,0.));
#4901=DIRECTION('center_axis',(-1.,0.,0.));
#4902=DIRECTION('ref_axis',(0.,0.,-1.));
#4903=DIRECTION('',(0.,0.,1.));
#4904=DIRECTION('',(0.,0.,-1.));
#4905=DIRECTION('center_axis',(-0.44847944628702,0.,-0.893793145116972));
#4906=DIRECTION('ref_axis',(0.893793145116972,0.,-0.44847944628702));
#4907=DIRECTION('',(-0.893793145116972,0.,0.44847944628702));
#4908=DIRECTION('',(0.893793145116972,0.,-0.44847944628702));
#4909=DIRECTION('',(0.,-1.,0.));
#4910=DIRECTION('center_axis',(1.57199720300907E-16,0.,1.));
#4911=DIRECTION('ref_axis',(-1.,0.,1.57199720300907E-16));
#4912=DIRECTION('',(1.,0.,-1.57199720300907E-16));
#4913=DIRECTION('',(-1.,0.,1.57199720300907E-16));
#4914=DIRECTION('center_axis',(-1.92068583260152E-13,-1.,4.88498130835069E-14));
#4915=DIRECTION('ref_axis',(0.241917436067634,9.34079967771167E-16,0.970296838151327));
#4916=DIRECTION('center_axis',(0.,-1.,0.));
#4917=DIRECTION('ref_axis',(0.241917436067634,9.34079967771167E-16,0.970296838151327));
#4918=DIRECTION('',(-1.92068583260152E-13,-1.,4.88498130835069E-14));
#4919=DIRECTION('center_axis',(-1.92009494241752E-13,-1.,4.87633130442596E-14));
#4920=DIRECTION('ref_axis',(0.241917436067634,8.64435624170611E-16,0.970296838151327));
#4921=DIRECTION('center_axis',(1.92009494241752E-13,1.,-4.87633130442596E-14));
#4922=DIRECTION('ref_axis',(0.241917436067634,8.64420839595536E-16,0.970296838151327));
#4923=DIRECTION('center_axis',(-1.91999194321113E-13,-1.,4.88498130835069E-14));
#4924=DIRECTION('ref_axis',(0.241917436067634,9.50866361994958E-16,0.970296838151327));
#4925=DIRECTION('center_axis',(0.,-1.,0.));
#4926=DIRECTION('ref_axis',(0.241917436067634,9.50866361994958E-16,0.970296838151327));
#4927=DIRECTION('',(-1.91999194321113E-13,-1.,4.88498130835069E-14));
#4928=DIRECTION('center_axis',(-1.92009494241752E-13,-1.,4.87633130442596E-14));
#4929=DIRECTION('ref_axis',(0.241917436067634,8.64420223571572E-16,0.970296838151327));
#4930=DIRECTION('center_axis',(1.92009494241752E-13,1.,-4.87633130442596E-14));
#4931=DIRECTION('ref_axis',(0.241917436067634,8.64420839595536E-16,0.970296838151327));
#4932=DIRECTION('center_axis',(-1.91999194321113E-13,-1.,4.88498130835069E-14));
#4933=DIRECTION('ref_axis',(0.241917436067634,9.50866361994958E-16,0.970296838151327));
#4934=DIRECTION('center_axis',(0.,-1.,0.));
#4935=DIRECTION('ref_axis',(0.241917436067634,9.50866361994958E-16,0.970296838151327));
#4936=DIRECTION('',(-1.91999194321113E-13,-1.,4.88498130835069E-14));
#4937=DIRECTION('center_axis',(-1.92009494241752E-13,-1.,4.87633130442596E-14));
#4938=DIRECTION('ref_axis',(0.241917436067634,8.64420223571572E-16,0.970296838151327));
#4939=DIRECTION('center_axis',(1.92009494241752E-13,1.,-4.87633130442596E-14));
#4940=DIRECTION('ref_axis',(0.241917436067634,8.64420839595536E-16,0.970296838151327));
#4941=DIRECTION('center_axis',(-1.92068583260152E-13,-1.,4.88498130835069E-14));
#4942=DIRECTION('ref_axis',(0.241917436067634,9.34079967771169E-16,0.970296838151327));
#4943=DIRECTION('center_axis',(0.,-1.,0.));
#4944=DIRECTION('ref_axis',(0.241917436067634,9.34079967771169E-16,0.970296838151327));
#4945=DIRECTION('',(-1.92068583260152E-13,-1.,4.88498130835069E-14));
#4946=DIRECTION('center_axis',(-1.92009494241752E-13,-1.,4.87633130442596E-14));
#4947=DIRECTION('ref_axis',(0.241917436067634,8.64420223571572E-16,0.970296838151327));
#4948=DIRECTION('center_axis',(1.92009494241752E-13,1.,-4.87633130442596E-14));
#4949=DIRECTION('ref_axis',(0.241917436067634,8.64420839595536E-16,0.970296838151327));
#4950=DIRECTION('center_axis',(-1.92068583260152E-13,-1.,4.88498130835069E-14));
#4951=DIRECTION('ref_axis',(0.241917436067634,9.34079967771169E-16,0.970296838151327));
#4952=DIRECTION('center_axis',(0.,-1.,0.));
#4953=DIRECTION('ref_axis',(0.241917436067634,9.34079967771169E-16,0.970296838151327));
#4954=DIRECTION('',(-1.92068583260152E-13,-1.,4.88498130835069E-14));
#4955=DIRECTION('center_axis',(-1.92009494241752E-13,-1.,4.87633130442596E-14));
#4956=DIRECTION('ref_axis',(0.241917436067634,8.64420223571572E-16,0.970296838151327));
#4957=DIRECTION('center_axis',(1.92009494241752E-13,1.,-4.87633130442596E-14));
#4958=DIRECTION('ref_axis',(0.241917436067634,8.64420839595536E-16,0.970296838151327));
#4959=DIRECTION('center_axis',(-1.92068583260152E-13,-1.,4.88498130835069E-14));
#4960=DIRECTION('ref_axis',(0.241917436067634,9.3407996777116E-16,0.970296838151327));
#4961=DIRECTION('center_axis',(0.,-1.,0.));
#4962=DIRECTION('ref_axis',(0.241917436067634,9.3407996777116E-16,0.970296838151327));
#4963=DIRECTION('',(-1.92068583260152E-13,-1.,4.88498130835069E-14));
#4964=DIRECTION('center_axis',(-1.92009494241752E-13,-1.,4.87632994917324E-14));
#4965=DIRECTION('ref_axis',(0.241917436067634,8.64420223571571E-16,0.970296838151327));
#4966=DIRECTION('center_axis',(1.92009494241752E-13,1.,-4.87632994917324E-14));
#4967=DIRECTION('ref_axis',(0.241917436067634,8.6440728706838E-16,0.970296838151327));
#4968=DIRECTION('center_axis',(-1.92068583260152E-13,-1.,4.88498130835069E-14));
#4969=DIRECTION('ref_axis',(0.241917436067634,9.34079967771169E-16,0.970296838151327));
#4970=DIRECTION('center_axis',(0.,-1.,0.));
#4971=DIRECTION('ref_axis',(0.241917436067634,9.34079967771169E-16,0.970296838151327));
#4972=DIRECTION('',(-1.92068583260152E-13,-1.,4.88498130835069E-14));
#4973=DIRECTION('center_axis',(-1.92009494241752E-13,-1.,4.87633130442596E-14));
#4974=DIRECTION('ref_axis',(0.241917436067634,8.64420223571572E-16,0.970296838151327));
#4975=DIRECTION('center_axis',(1.92009494241752E-13,1.,-4.87633130442596E-14));
#4976=DIRECTION('ref_axis',(0.241917436067634,8.64420839595536E-16,0.970296838151327));
#4977=DIRECTION('center_axis',(-1.91999194321113E-13,-1.,4.88498130835069E-14));
#4978=DIRECTION('ref_axis',(0.241917436067634,9.50866361994958E-16,0.970296838151327));
#4979=DIRECTION('center_axis',(0.,-1.,0.));
#4980=DIRECTION('ref_axis',(0.241917436067634,9.50866361994958E-16,0.970296838151327));
#4981=DIRECTION('',(-1.91999194321113E-13,-1.,4.88498130835069E-14));
#4982=DIRECTION('center_axis',(-1.92009494241752E-13,-1.,4.87633130442596E-14));
#4983=DIRECTION('ref_axis',(0.241917436067634,8.64420223571572E-16,0.970296838151327));
#4984=DIRECTION('center_axis',(1.92009494241752E-13,1.,-4.87633130442596E-14));
#4985=DIRECTION('ref_axis',(0.241917436067634,8.64420839595536E-16,0.970296838151327));
#4986=DIRECTION('center_axis',(-1.92068583260152E-13,-1.,4.88498130835069E-14));
#4987=DIRECTION('ref_axis',(0.241917436067634,9.34079967771167E-16,0.970296838151327));
#4988=DIRECTION('center_axis',(0.,-1.,0.));
#4989=DIRECTION('ref_axis',(0.241917436067634,9.34079967771167E-16,0.970296838151327));
#4990=DIRECTION('',(-1.92068583260152E-13,-1.,4.88498130835069E-14));
#4991=DIRECTION('center_axis',(-1.92009494241752E-13,-1.,4.87633130442596E-14));
#4992=DIRECTION('ref_axis',(0.241917436067634,8.64435624170611E-16,0.970296838151327));
#4993=DIRECTION('center_axis',(1.92009494241752E-13,1.,-4.87633130442596E-14));
#4994=DIRECTION('ref_axis',(0.241917436067634,8.64420839595536E-16,0.970296838151327));
#4995=DIRECTION('center_axis',(-1.92068583260152E-13,-1.,4.88498130835069E-14));
#4996=DIRECTION('ref_axis',(0.241917436067634,9.34079967771169E-16,0.970296838151327));
#4997=DIRECTION('center_axis',(0.,-1.,0.));
#4998=DIRECTION('ref_axis',(0.241917436067634,9.34079967771169E-16,0.970296838151327));
#4999=DIRECTION('',(-1.92068583260152E-13,-1.,4.88498130835069E-14));
#5000=DIRECTION('center_axis',(-1.92009494241752E-13,-1.,4.87633130442596E-14));
#5001=DIRECTION('ref_axis',(0.241917436067634,8.64420223571572E-16,0.970296838151327));
#5002=DIRECTION('center_axis',(1.92009494241752E-13,1.,-4.87633130442596E-14));
#5003=DIRECTION('ref_axis',(0.241917436067634,8.64420839595536E-16,0.970296838151327));
#5004=DIRECTION('center_axis',(4.88498130835069E-14,-1.,1.92068583260152E-13));
#5005=DIRECTION('ref_axis',(0.970296838151327,9.34079967770882E-16,-0.241917436067635));
#5006=DIRECTION('center_axis',(0.,-1.,0.));
#5007=DIRECTION('ref_axis',(0.970296838151327,9.34079967770882E-16,-0.241917436067635));
#5008=DIRECTION('',(4.88498130835069E-14,-1.,1.92068583260152E-13));
#5009=DIRECTION('center_axis',(4.88788124612091E-14,-1.,1.92061373315705E-13));
#5010=DIRECTION('ref_axis',(0.970296838151327,9.63938894574432E-16,-0.241917436067635));
#5011=DIRECTION('center_axis',(-4.88788124612091E-14,1.,-1.92061373315705E-13));
#5012=DIRECTION('ref_axis',(0.970296838151327,9.6393704650255E-16,-0.241917436067635));
#5013=DIRECTION('center_axis',(4.88498130835069E-14,-1.,1.92068583260152E-13));
#5014=DIRECTION('ref_axis',(0.970296838151327,9.34079967770882E-16,-0.241917436067635));
#5015=DIRECTION('center_axis',(0.,-1.,0.));
#5016=DIRECTION('ref_axis',(0.970296838151327,9.34079967770882E-16,-0.241917436067635));
#5017=DIRECTION('',(4.88498130835069E-14,-1.,1.92068583260152E-13));
#5018=DIRECTION('center_axis',(4.88788124612091E-14,-1.,1.92061373315705E-13));
#5019=DIRECTION('ref_axis',(0.970296838151327,9.63938894574432E-16,-0.241917436067635));
#5020=DIRECTION('center_axis',(-4.88788124612091E-14,1.,-1.92061373315705E-13));
#5021=DIRECTION('ref_axis',(0.970296838151327,9.6393704650255E-16,-0.241917436067635));
#5022=DIRECTION('center_axis',(4.88498130835069E-14,-1.,1.92068583260152E-13));
#5023=DIRECTION('ref_axis',(0.970296838151327,9.34079967770881E-16,-0.241917436067635));
#5024=DIRECTION('center_axis',(0.,-1.,0.));
#5025=DIRECTION('ref_axis',(0.970296838151327,9.34079967770881E-16,-0.241917436067635));
#5026=DIRECTION('',(4.88498130835069E-14,-1.,1.92068583260152E-13));
#5027=DIRECTION('center_axis',(4.8878798908682E-14,-1.,1.92061373315705E-13));
#5028=DIRECTION('ref_axis',(0.970296838151327,9.6392349397539E-16,-0.241917436067635));
#5029=DIRECTION('center_axis',(-4.8878798908682E-14,1.,-1.92061373315705E-13));
#5030=DIRECTION('ref_axis',(0.970296838151327,9.63923493975394E-16,-0.241917436067635));
#5031=DIRECTION('center_axis',(4.88498130835069E-14,-1.,1.92068583260152E-13));
#5032=DIRECTION('ref_axis',(0.970296838151327,9.34079967770882E-16,-0.241917436067635));
#5033=DIRECTION('center_axis',(0.,-1.,0.));
#5034=DIRECTION('ref_axis',(0.970296838151327,9.34079967770882E-16,-0.241917436067635));
#5035=DIRECTION('',(4.88498130835069E-14,-1.,1.92068583260152E-13));
#5036=DIRECTION('center_axis',(4.88788124612091E-14,-1.,1.92061373315705E-13));
#5037=DIRECTION('ref_axis',(0.970296838151327,9.63938894574432E-16,-0.241917436067635));
#5038=DIRECTION('center_axis',(-4.88788124612091E-14,1.,-1.92061373315705E-13));
#5039=DIRECTION('ref_axis',(0.970296838151327,9.6393704650255E-16,-0.241917436067635));
#5040=DIRECTION('center_axis',(4.88498130835069E-14,-1.,1.92068583260152E-13));
#5041=DIRECTION('ref_axis',(0.970296838151327,9.34079967770882E-16,-0.241917436067635));
#5042=DIRECTION('center_axis',(0.,-1.,0.));
#5043=DIRECTION('ref_axis',(0.970296838151327,9.34079967770882E-16,-0.241917436067635));
#5044=DIRECTION('',(4.88498130835069E-14,-1.,1.92068583260152E-13));
#5045=DIRECTION('center_axis',(4.88788124612091E-14,-1.,1.92061373315705E-13));
#5046=DIRECTION('ref_axis',(0.970296838151327,9.63938894574432E-16,-0.241917436067635));
#5047=DIRECTION('center_axis',(-4.88788124612091E-14,1.,-1.92061373315705E-13));
#5048=DIRECTION('ref_axis',(0.970296838151327,9.6393704650255E-16,-0.241917436067635));
#5049=DIRECTION('center_axis',(4.88498130835069E-14,-1.,1.92068583260152E-13));
#5050=DIRECTION('ref_axis',(0.970296838151327,9.34079967770882E-16,-0.241917436067635));
#5051=DIRECTION('center_axis',(0.,-1.,0.));
#5052=DIRECTION('ref_axis',(0.970296838151327,9.34079967770882E-16,-0.241917436067635));
#5053=DIRECTION('',(4.88498130835069E-14,-1.,1.92068583260152E-13));
#5054=DIRECTION('center_axis',(4.88788124612091E-14,-1.,1.92061373315705E-13));
#5055=DIRECTION('ref_axis',(0.970296838151327,9.63938894574432E-16,-0.241917436067635));
#5056=DIRECTION('center_axis',(-4.88788124612091E-14,1.,-1.92061373315705E-13));
#5057=DIRECTION('ref_axis',(0.970296838151327,9.6393704650255E-16,-0.241917436067635));
#5058=DIRECTION('center_axis',(4.88498130835069E-14,-1.,1.92068583260152E-13));
#5059=DIRECTION('ref_axis',(0.970296838151327,9.34079967770887E-16,-0.241917436067635));
#5060=DIRECTION('center_axis',(0.,-1.,0.));
#5061=DIRECTION('ref_axis',(0.970296838151327,9.34079967770887E-16,-0.241917436067635));
#5062=DIRECTION('',(4.88498130835069E-14,-1.,1.92068583260152E-13));
#5063=DIRECTION('center_axis',(4.88788124612091E-14,-1.,1.92061373315705E-13));
#5064=DIRECTION('ref_axis',(0.970296838151327,9.63954295173471E-16,-0.241917436067635));
#5065=DIRECTION('center_axis',(-4.88788124612091E-14,1.,-1.92061373315705E-13));
#5066=DIRECTION('ref_axis',(0.970296838151327,9.6393704650255E-16,-0.241917436067635));
#5067=DIRECTION('center_axis',(4.88498130835069E-14,-1.,1.92068583260152E-13));
#5068=DIRECTION('ref_axis',(0.970296838151327,9.34079967770887E-16,-0.241917436067635));
#5069=DIRECTION('center_axis',(0.,-1.,0.));
#5070=DIRECTION('ref_axis',(0.970296838151327,9.34079967770887E-16,-0.241917436067635));
#5071=DIRECTION('',(4.88498130835069E-14,-1.,1.92068583260152E-13));
#5072=DIRECTION('center_axis',(4.88788124612091E-14,-1.,1.92061373315705E-13));
#5073=DIRECTION('ref_axis',(0.970296838151327,9.63954295173471E-16,-0.241917436067635));
#5074=DIRECTION('center_axis',(-4.88788124612091E-14,1.,-1.92061373315705E-13));
#5075=DIRECTION('ref_axis',(0.970296838151327,9.6393704650255E-16,-0.241917436067635));
#5076=DIRECTION('center_axis',(4.88498130835069E-14,-1.,1.92068583260152E-13));
#5077=DIRECTION('ref_axis',(0.970296838151327,9.34079967770882E-16,-0.241917436067635));
#5078=DIRECTION('center_axis',(0.,-1.,0.));
#5079=DIRECTION('ref_axis',(0.970296838151327,9.34079967770882E-16,-0.241917436067635));
#5080=DIRECTION('',(4.88498130835069E-14,-1.,1.92068583260152E-13));
#5081=DIRECTION('center_axis',(4.88788124612091E-14,-1.,1.92061373315705E-13));
#5082=DIRECTION('ref_axis',(0.970296838151327,9.63938894574432E-16,-0.241917436067635));
#5083=DIRECTION('center_axis',(-4.88788124612091E-14,1.,-1.92061373315705E-13));
#5084=DIRECTION('ref_axis',(0.970296838151327,9.6393704650255E-16,-0.241917436067635));
#5085=DIRECTION('center_axis',(4.88498130835069E-14,-1.,1.92068583260152E-13));
#5086=DIRECTION('ref_axis',(0.970296838151327,9.34079967770882E-16,-0.241917436067635));
#5087=DIRECTION('center_axis',(0.,-1.,0.));
#5088=DIRECTION('ref_axis',(0.970296838151327,9.34079967770882E-16,-0.241917436067635));
#5089=DIRECTION('',(4.88498130835069E-14,-1.,1.92068583260152E-13));
#5090=DIRECTION('center_axis',(4.88788124612091E-14,-1.,1.92061373315705E-13));
#5091=DIRECTION('ref_axis',(0.970296838151327,9.63938894574432E-16,-0.241917436067635));
#5092=DIRECTION('center_axis',(-4.88788124612091E-14,1.,-1.92061373315705E-13));
#5093=DIRECTION('ref_axis',(0.970296838151327,9.6393704650255E-16,-0.241917436067635));
#5094=DIRECTION('center_axis',(1.92068583260152E-13,-1.,-4.88498130835069E-14));
#5095=DIRECTION('ref_axis',(-0.241917436067716,9.34079967754529E-16,-0.970296838151307));
#5096=DIRECTION('center_axis',(0.,-1.,0.));
#5097=DIRECTION('ref_axis',(-0.241917436067716,9.34079967754529E-16,-0.970296838151307));
#5098=DIRECTION('',(1.92068583260152E-13,-1.,-4.88498130835069E-14));
#5099=DIRECTION('center_axis',(1.92072486387973E-13,-1.,-4.88527491514396E-14));
#5100=DIRECTION('ref_axis',(-0.241917436067716,9.35971406715997E-16,-0.970296838151307));
#5101=DIRECTION('center_axis',(-1.92072486387973E-13,1.,4.88527491514396E-14));
#5102=DIRECTION('ref_axis',(-0.241917436067716,9.35964630452424E-16,-0.970296838151307));
#5103=DIRECTION('center_axis',(1.92068583260152E-13,-1.,-4.88498130835069E-14));
#5104=DIRECTION('ref_axis',(-0.241917436067716,9.34079967754524E-16,-0.970296838151307));
#5105=DIRECTION('center_axis',(0.,-1.,0.));
#5106=DIRECTION('ref_axis',(-0.241917436067716,9.34079967754524E-16,-0.970296838151307));
#5107=DIRECTION('',(1.92068583260152E-13,-1.,-4.88498130835069E-14));
#5108=DIRECTION('center_axis',(1.92072486387973E-13,-1.,-4.88527491514396E-14));
#5109=DIRECTION('ref_axis',(-0.241917436067716,9.35971406715999E-16,-0.970296838151307));
#5110=DIRECTION('center_axis',(-1.92072486387973E-13,1.,4.88527491514396E-14));
#5111=DIRECTION('ref_axis',(-0.241917436067716,9.35964630452424E-16,-0.970296838151307));
#5112=DIRECTION('center_axis',(1.92068583260152E-13,-1.,-4.88498130835069E-14));
#5113=DIRECTION('ref_axis',(-0.241917436067716,9.34079967754524E-16,-0.970296838151307));
#5114=DIRECTION('center_axis',(0.,-1.,0.));
#5115=DIRECTION('ref_axis',(-0.241917436067716,9.34079967754524E-16,-0.970296838151307));
#5116=DIRECTION('',(1.92068583260152E-13,-1.,-4.88498130835069E-14));
#5117=DIRECTION('center_axis',(1.92072486387973E-13,-1.,-4.88527491514396E-14));
#5118=DIRECTION('ref_axis',(-0.241917436067716,9.35971406715999E-16,-0.970296838151307));
#5119=DIRECTION('center_axis',(-1.92072486387973E-13,1.,4.88527491514396E-14));
#5120=DIRECTION('ref_axis',(-0.241917436067716,9.35964630452424E-16,-0.970296838151307));
#5121=DIRECTION('center_axis',(1.92068583260152E-13,-1.,-4.88498130835069E-14));
#5122=DIRECTION('ref_axis',(-0.241917436067716,9.34079967754524E-16,-0.970296838151307));
#5123=DIRECTION('center_axis',(0.,-1.,0.));
#5124=DIRECTION('ref_axis',(-0.241917436067716,9.34079967754524E-16,-0.970296838151307));
#5125=DIRECTION('',(1.92068583260152E-13,-1.,-4.88498130835069E-14));
#5126=DIRECTION('center_axis',(1.92072486387973E-13,-1.,-4.88527491514396E-14));
#5127=DIRECTION('ref_axis',(-0.241917436067716,9.35971406715999E-16,-0.970296838151307));
#5128=DIRECTION('center_axis',(-1.92072486387973E-13,1.,4.88527491514396E-14));
#5129=DIRECTION('ref_axis',(-0.241917436067716,9.35964630452424E-16,-0.970296838151307));
#5130=DIRECTION('center_axis',(1.92068583260152E-13,-1.,-4.88498130835069E-14));
#5131=DIRECTION('ref_axis',(-0.241917436067715,9.3407996775453E-16,-0.970296838151307));
#5132=DIRECTION('center_axis',(0.,-1.,0.));
#5133=DIRECTION('ref_axis',(-0.241917436067715,9.3407996775453E-16,-0.970296838151307));
#5134=DIRECTION('',(1.92068583260152E-13,-1.,-4.88498130835069E-14));
#5135=DIRECTION('center_axis',(1.92072486387973E-13,-1.,-4.88527355989125E-14));
#5136=DIRECTION('ref_axis',(-0.241917436067715,9.35940605517916E-16,-0.970296838151307));
#5137=DIRECTION('center_axis',(-1.92072486387973E-13,1.,4.88527355989125E-14));
#5138=DIRECTION('ref_axis',(-0.241917436067716,9.35951077925268E-16,-0.970296838151307));
#5139=DIRECTION('center_axis',(1.92068583260152E-13,-1.,-4.88498130835069E-14));
#5140=DIRECTION('ref_axis',(-0.241917436067716,9.34079967754524E-16,-0.970296838151307));
#5141=DIRECTION('center_axis',(0.,-1.,0.));
#5142=DIRECTION('ref_axis',(-0.241917436067716,9.34079967754524E-16,-0.970296838151307));
#5143=DIRECTION('',(1.92068583260152E-13,-1.,-4.88498130835069E-14));
#5144=DIRECTION('center_axis',(1.92072486387973E-13,-1.,-4.88527491514396E-14));
#5145=DIRECTION('ref_axis',(-0.241917436067716,9.35971406715999E-16,-0.970296838151307));
#5146=DIRECTION('center_axis',(-1.92072486387973E-13,1.,4.88527491514396E-14));
#5147=DIRECTION('ref_axis',(-0.241917436067716,9.35964630452424E-16,-0.970296838151307));
#5148=DIRECTION('center_axis',(1.92068583260152E-13,-1.,-4.88498130835069E-14));
#5149=DIRECTION('ref_axis',(-0.241917436067716,9.34079967754524E-16,-0.970296838151307));
#5150=DIRECTION('center_axis',(0.,-1.,0.));
#5151=DIRECTION('ref_axis',(-0.241917436067716,9.34079967754524E-16,-0.970296838151307));
#5152=DIRECTION('',(1.92068583260152E-13,-1.,-4.88498130835069E-14));
#5153=DIRECTION('center_axis',(1.92072486387973E-13,-1.,-4.88527491514396E-14));
#5154=DIRECTION('ref_axis',(-0.241917436067716,9.35971406715999E-16,-0.970296838151307));
#5155=DIRECTION('center_axis',(-1.92072486387973E-13,1.,4.88527491514396E-14));
#5156=DIRECTION('ref_axis',(-0.241917436067716,9.35964630452424E-16,-0.970296838151307));
#5157=DIRECTION('center_axis',(1.92068583260152E-13,-1.,-4.88498130835069E-14));
#5158=DIRECTION('ref_axis',(-0.241917436067716,9.34079967754524E-16,-0.970296838151307));
#5159=DIRECTION('center_axis',(0.,-1.,0.));
#5160=DIRECTION('ref_axis',(-0.241917436067716,9.34079967754524E-16,-0.970296838151307));
#5161=DIRECTION('',(1.92068583260152E-13,-1.,-4.88498130835069E-14));
#5162=DIRECTION('center_axis',(1.92072486387973E-13,-1.,-4.88527491514396E-14));
#5163=DIRECTION('ref_axis',(-0.241917436067716,9.35971406715999E-16,-0.970296838151307));
#5164=DIRECTION('center_axis',(-1.92072486387973E-13,1.,4.88527491514396E-14));
#5165=DIRECTION('ref_axis',(-0.241917436067716,9.35964630452424E-16,-0.970296838151307));
#5166=DIRECTION('center_axis',(1.92068583260152E-13,-1.,-4.88498130835069E-14));
#5167=DIRECTION('ref_axis',(-0.241917436067716,9.34079967754524E-16,-0.970296838151307));
#5168=DIRECTION('center_axis',(0.,-1.,0.));
#5169=DIRECTION('ref_axis',(-0.241917436067716,9.34079967754524E-16,-0.970296838151307));
#5170=DIRECTION('',(1.92068583260152E-13,-1.,-4.88498130835069E-14));
#5171=DIRECTION('center_axis',(1.92072486387973E-13,-1.,-4.88527491514396E-14));
#5172=DIRECTION('ref_axis',(-0.241917436067716,9.35971406715999E-16,-0.970296838151307));
#5173=DIRECTION('center_axis',(-1.92072486387973E-13,1.,4.88527491514396E-14));
#5174=DIRECTION('ref_axis',(-0.241917436067716,9.35964630452424E-16,-0.970296838151307));
#5175=DIRECTION('center_axis',(1.92068583260152E-13,-1.,-4.88498130835069E-14));
#5176=DIRECTION('ref_axis',(-0.241917436067716,9.34079967754529E-16,-0.970296838151307));
#5177=DIRECTION('center_axis',(0.,-1.,0.));
#5178=DIRECTION('ref_axis',(-0.241917436067716,9.34079967754529E-16,-0.970296838151307));
#5179=DIRECTION('',(1.92068583260152E-13,-1.,-4.88498130835069E-14));
#5180=DIRECTION('center_axis',(1.92072486387973E-13,-1.,-4.88527491514396E-14));
#5181=DIRECTION('ref_axis',(-0.241917436067716,9.35971406715997E-16,-0.970296838151307));
#5182=DIRECTION('center_axis',(-1.92072486387973E-13,1.,4.88527491514396E-14));
#5183=DIRECTION('ref_axis',(-0.241917436067716,9.35964630452424E-16,-0.970296838151307));
#5184=DIRECTION('center_axis',(0.000111552532543468,-0.999999893685019,
0.000447421483408608));
#5185=DIRECTION('ref_axis',(-0.970296832114156,5.22402614798732E-16,0.241917460281879));
#5186=DIRECTION('center_axis',(0.,-1.,0.));
#5187=DIRECTION('ref_axis',(-0.241917460281879,0.,-0.970296832114156));
#5188=DIRECTION('',(0.000111552532543469,-0.999999893685019,0.000447421483408608));
#5189=DIRECTION('center_axis',(0.000111552532544002,-0.999999893685019,
0.00044742148340859));
#5190=DIRECTION('ref_axis',(-0.970296832114156,1.44220708828885E-20,0.241917460281879));
#5191=DIRECTION('center_axis',(-0.000111552532544002,0.999999893685019,
-0.00044742148340859));
#5192=DIRECTION('ref_axis',(-0.970296832114155,1.44220708828885E-20,0.241917460281879));
#5193=DIRECTION('center_axis',(0.000111552532543468,-0.999999893685019,
0.000447421483408608));
#5194=DIRECTION('ref_axis',(-0.970296832114156,5.22402614798732E-16,0.241917460281879));
#5195=DIRECTION('center_axis',(0.,-1.,0.));
#5196=DIRECTION('ref_axis',(-0.241917460281879,0.,-0.970296832114156));
#5197=DIRECTION('',(0.000111552532543469,-0.999999893685019,0.000447421483408608));
#5198=DIRECTION('center_axis',(0.000111552532544002,-0.999999893685019,
0.00044742148340859));
#5199=DIRECTION('ref_axis',(-0.970296832114156,1.44220708828885E-20,0.241917460281879));
#5200=DIRECTION('center_axis',(-0.000111552532544002,0.999999893685019,
-0.00044742148340859));
#5201=DIRECTION('ref_axis',(-0.970296832114155,1.44220708828885E-20,0.241917460281879));
#5202=DIRECTION('center_axis',(0.000111552532544024,-0.999999893685019,
0.000447421483408261));
#5203=DIRECTION('ref_axis',(-0.970296832114155,-1.00135734049935E-16,0.241917460281879));
#5204=DIRECTION('center_axis',(0.,-1.,0.));
#5205=DIRECTION('ref_axis',(-0.241917460281879,0.,-0.970296832114156));
#5206=DIRECTION('',(0.000111552532544024,-0.999999893685019,0.000447421483408261));
#5207=DIRECTION('center_axis',(0.000111552532544002,-0.999999893685019,
0.00044742148340859));
#5208=DIRECTION('ref_axis',(-0.970296832114155,1.44220708828885E-20,0.241917460281879));
#5209=DIRECTION('center_axis',(-0.000111552532544002,0.999999893685019,
-0.00044742148340859));
#5210=DIRECTION('ref_axis',(-0.970296832114155,1.44220708828885E-20,0.241917460281879));
#5211=DIRECTION('center_axis',(0.000111552532544024,-0.999999893685019,
0.000447421483408539));
#5212=DIRECTION('ref_axis',(-0.970296832114156,-3.3004529967325E-17,0.241917460281879));
#5213=DIRECTION('center_axis',(0.,-1.,0.));
#5214=DIRECTION('ref_axis',(-0.241917460281879,0.,-0.970296832114156));
#5215=DIRECTION('',(0.000111552532544024,-0.999999893685019,0.000447421483408539));
#5216=DIRECTION('center_axis',(0.000111552532544002,-0.999999893685019,
0.00044742148340859));
#5217=DIRECTION('ref_axis',(-0.970296832114156,1.44220708828885E-20,0.241917460281879));
#5218=DIRECTION('center_axis',(-0.000111552532544002,0.999999893685019,
-0.00044742148340859));
#5219=DIRECTION('ref_axis',(-0.970296832114155,1.44220708828885E-20,0.241917460281879));
#5220=DIRECTION('center_axis',(0.000111552532544579,-0.999999893685019,
0.000447421483408261));
#5221=DIRECTION('ref_axis',(-0.970296832114156,-6.38771628243392E-16,0.241917460281879));
#5222=DIRECTION('center_axis',(0.,-1.,0.));
#5223=DIRECTION('ref_axis',(-0.241917460281879,0.,-0.970296832114156));
#5224=DIRECTION('',(0.000111552532544579,-0.999999893685019,0.000447421483408261));
#5225=DIRECTION('center_axis',(0.000111552532544002,-0.999999893685019,
0.00044742148340859));
#5226=DIRECTION('ref_axis',(-0.970296832114156,1.44220708828885E-20,0.241917460281879));
#5227=DIRECTION('center_axis',(-0.000111552532544002,0.999999893685019,
-0.00044742148340859));
#5228=DIRECTION('ref_axis',(-0.970296832114155,1.44220708828885E-20,0.241917460281879));
#5229=DIRECTION('center_axis',(0.000111552532543468,-0.999999893685019,
0.000447421483408608));
#5230=DIRECTION('ref_axis',(-0.970296832114156,5.22402614798732E-16,0.241917460281879));
#5231=DIRECTION('center_axis',(0.,-1.,0.));
#5232=DIRECTION('ref_axis',(-0.241917460281879,0.,-0.970296832114156));
#5233=DIRECTION('',(0.000111552532543469,-0.999999893685019,0.000447421483408608));
#5234=DIRECTION('center_axis',(0.000111552532544002,-0.999999893685019,
0.00044742148340859));
#5235=DIRECTION('ref_axis',(-0.970296832114156,1.44220708828885E-20,0.241917460281879));
#5236=DIRECTION('center_axis',(-0.000111552532544002,0.999999893685019,
-0.00044742148340859));
#5237=DIRECTION('ref_axis',(-0.970296832114155,1.44220708828885E-20,0.241917460281879));
#5238=DIRECTION('center_axis',(0.000111552532544024,-0.999999893685019,
0.000447421483408261));
#5239=DIRECTION('ref_axis',(-0.970296832114155,-1.00135734049935E-16,0.241917460281879));
#5240=DIRECTION('center_axis',(0.,-1.,0.));
#5241=DIRECTION('ref_axis',(-0.241917460281879,0.,-0.970296832114156));
#5242=DIRECTION('',(0.000111552532544024,-0.999999893685019,0.000447421483408261));
#5243=DIRECTION('center_axis',(0.000111552532544002,-0.999999893685019,
0.00044742148340859));
#5244=DIRECTION('ref_axis',(-0.970296832114155,1.44220708828885E-20,0.241917460281879));
#5245=DIRECTION('center_axis',(-0.000111552532544002,0.999999893685019,
-0.00044742148340859));
#5246=DIRECTION('ref_axis',(-0.970296832114155,1.44220708828885E-20,0.241917460281879));
#5247=DIRECTION('center_axis',(0.000111552532544024,-0.999999893685019,
0.000447421483408261));
#5248=DIRECTION('ref_axis',(-0.970296832114156,-1.00135734049935E-16,0.241917460281879));
#5249=DIRECTION('center_axis',(0.,-1.,0.));
#5250=DIRECTION('ref_axis',(-0.241917460281879,0.,-0.970296832114156));
#5251=DIRECTION('',(0.000111552532544024,-0.999999893685019,0.000447421483408261));
#5252=DIRECTION('center_axis',(0.000111552532544002,-0.999999893685019,
0.00044742148340859));
#5253=DIRECTION('ref_axis',(-0.970296832114155,1.44220708828885E-20,0.241917460281879));
#5254=DIRECTION('center_axis',(-0.000111552532544002,0.999999893685019,
-0.00044742148340859));
#5255=DIRECTION('ref_axis',(-0.970296832114155,1.44220708828885E-20,0.241917460281879));
#5256=DIRECTION('center_axis',(0.000111552532543468,-0.999999893685019,
0.000447421483408539));
#5257=DIRECTION('ref_axis',(-0.970296832114156,5.05615963628729E-16,0.241917460281879));
#5258=DIRECTION('center_axis',(0.,-1.,0.));
#5259=DIRECTION('ref_axis',(-0.241917460281879,0.,-0.970296832114156));
#5260=DIRECTION('',(0.000111552532543469,-0.999999893685019,0.000447421483408539));
#5261=DIRECTION('center_axis',(0.000111552532544002,-0.999999893685019,
0.00044742148340859));
#5262=DIRECTION('ref_axis',(-0.970296832114156,1.44220708828885E-20,0.241917460281879));
#5263=DIRECTION('center_axis',(-0.000111552532544002,0.999999893685019,
-0.00044742148340859));
#5264=DIRECTION('ref_axis',(-0.970296832114155,1.44220708828885E-20,0.241917460281879));
#5265=DIRECTION('center_axis',(0.000111552532544579,-0.999999893685019,
0.000447421483408261));
#5266=DIRECTION('ref_axis',(-0.970296832114156,-6.38771628243392E-16,0.241917460281879));
#5267=DIRECTION('center_axis',(0.,-1.,0.));
#5268=DIRECTION('ref_axis',(-0.241917460281879,0.,-0.970296832114156));
#5269=DIRECTION('',(0.000111552532544579,-0.999999893685019,0.000447421483408261));
#5270=DIRECTION('center_axis',(0.000111552532544002,-0.999999893685019,
0.00044742148340859));
#5271=DIRECTION('ref_axis',(-0.970296832114156,1.44220708828885E-20,0.241917460281879));
#5272=DIRECTION('center_axis',(-0.000111552532544002,0.999999893685019,
-0.00044742148340859));
#5273=DIRECTION('ref_axis',(-0.970296832114155,1.44220708828885E-20,0.241917460281879));
#5274=DIRECTION('center_axis',(0.,-1.,0.));
#5275=DIRECTION('ref_axis',(0.,0.,-1.));
#5276=DIRECTION('center_axis',(0.,-1.,0.));
#5277=DIRECTION('ref_axis',(0.989285265765692,0.,-0.145995420951835));
#5278=DIRECTION('center_axis',(0.893793145116972,0.,-0.44847944628702));
#5279=DIRECTION('ref_axis',(-0.44847944628702,0.,-0.893793145116972));
#5280=DIRECTION('center_axis',(0.,1.,0.));
#5281=DIRECTION('ref_axis',(0.989285265765692,0.,-0.145995420951835));
#5282=DIRECTION('center_axis',(-0.893793145116972,0.,0.448479446287019));
#5283=DIRECTION('ref_axis',(-0.317122857692358,0.707106781186535,-0.632007193890267));
#5284=DIRECTION('center_axis',(0.893793145116989,0.,-0.448479446286986));
#5285=DIRECTION('ref_axis',(-0.448479446286986,0.,-0.893793145116989));
#5286=DIRECTION('',(0.893793145116972,0.,-0.448479446287019));
#5287=DIRECTION('',(-0.893793145116972,0.,0.448479446287019));
#5288=DIRECTION('center_axis',(0.,-1.,0.));
#5289=DIRECTION('ref_axis',(0.,0.,-1.));
#5290=DIRECTION('center_axis',(0.996200061330828,0.,-0.0870944189053215));
#5291=DIRECTION('ref_axis',(-0.0870944189053215,0.,-0.996200061330827));
#5292=DIRECTION('center_axis',(0.,1.,0.));
#5293=DIRECTION('ref_axis',(0.272638297485747,0.,0.962116603507118));
#5294=DIRECTION('center_axis',(0.,-1.,0.));
#5295=DIRECTION('ref_axis',(0.272638297485747,0.,0.962116603507118));
#5296=DIRECTION('center_axis',(-0.996200006047511,0.,0.0870950512425315));
#5297=DIRECTION('ref_axis',(-0.0615855013413824,0.707106781186584,-0.704419779694239));
#5298=DIRECTION('center_axis',(0.996200006047513,0.,-0.0870950512425074));
#5299=DIRECTION('ref_axis',(-0.0870950512425074,0.,-0.996200006047513));
#5300=DIRECTION('',(0.996200006047511,0.,-0.0870950512425315));
#5301=DIRECTION('',(-0.996200006047511,0.,0.0870950512425315));
#5302=DIRECTION('center_axis',(0.,-1.,0.));
#5303=DIRECTION('ref_axis',(-0.99737352671682,0.,-0.0724296086172811));
#5304=DIRECTION('center_axis',(-0.973164395548704,0.,-0.230110971568774));
#5305=DIRECTION('ref_axis',(-0.230110971568774,0.,0.973164395548704));
#5306=DIRECTION('center_axis',(0.,1.,0.));
#5307=DIRECTION('ref_axis',(-0.99737352671682,0.,-0.0724296086172818));
#5308=DIRECTION('center_axis',(0.,-1.,0.));
#5309=DIRECTION('ref_axis',(-0.99737352671682,0.,-0.0724296086172818));
#5310=DIRECTION('center_axis',(0.973164395548707,0.,0.230110971568762));
#5311=DIRECTION('ref_axis',(-0.162713028421675,0.70710678118655,0.688131143301801));
#5312=DIRECTION('',(-0.973164395548707,0.,-0.230110971568762));
#5313=DIRECTION('',(0.973164395548707,0.,0.230110971568762));
#5314=DIRECTION('center_axis',(0.,1.,0.));
#5315=DIRECTION('ref_axis',(0.08709441890534,0.,0.996200061330826));
#5316=DIRECTION('',(0.,1.,0.));
#5317=DIRECTION('center_axis',(0.,-1.,0.));
#5318=DIRECTION('ref_axis',(0.08709441890534,0.,0.996200061330826));
#5319=DIRECTION('',(0.,1.,0.));
#5320=DIRECTION('center_axis',(-0.448479446287019,0.,-0.893793145116972));
#5321=DIRECTION('ref_axis',(-0.893793145116972,0.,0.448479446287019));
#5322=DIRECTION('',(0.,1.,0.));
#5323=DIRECTION('',(-0.893793145116972,0.,0.448479446287019));
#5324=DIRECTION('center_axis',(0.,1.,0.));
#5325=DIRECTION('ref_axis',(0.448479446287021,0.,0.893793145116971));
#5326=DIRECTION('',(0.,1.,0.));
#5327=DIRECTION('center_axis',(0.,-1.,0.));
#5328=DIRECTION('ref_axis',(0.448479446287021,0.,0.893793145116971));
#5329=DIRECTION('center_axis',(0.,1.,0.));
#5330=DIRECTION('ref_axis',(1.,0.,0.));
#5331=DIRECTION('center_axis',(0.,1.,0.));
#5332=DIRECTION('ref_axis',(-1.,0.,-9.18805261758751E-16));
#5333=DIRECTION('',(1.,0.,0.));
#5334=DIRECTION('center_axis',(0.,1.,0.));
#5335=DIRECTION('ref_axis',(-1.53134210293125E-15,0.,1.));
#5336=DIRECTION('',(0.,0.,-1.));
#5337=DIRECTION('center_axis',(0.,1.,0.));
#5338=DIRECTION('ref_axis',(1.,0.,1.225073682345E-15));
#5339=DIRECTION('',(-1.,0.,0.));
#5340=DIRECTION('center_axis',(0.,1.,0.));
#5341=DIRECTION('ref_axis',(9.18805261758751E-16,0.,-1.));
#5342=DIRECTION('',(0.,0.,1.));
#5343=DIRECTION('center_axis',(0.,1.,0.));
#5344=DIRECTION('ref_axis',(-0.989285265765705,0.,0.145995420951752));
#5345=DIRECTION('',(-0.893793145117009,0.,0.448479446286945));
#5346=DIRECTION('center_axis',(0.,1.,0.));
#5347=DIRECTION('ref_axis',(-0.27263829748568,0.,-0.962116603507137));
#5348=DIRECTION('',(-0.996200006047518,0.,0.0870950512424492));
#5349=DIRECTION('center_axis',(0.,1.,0.));
#5350=DIRECTION('ref_axis',(0.997373526716814,0.,0.0724296086173661));
#5351=DIRECTION('',(0.973164395548688,0.,0.230110971568843));
#5352=DIRECTION('',(-0.448479276030938,0.,-0.893793230546509));
#5353=DIRECTION('',(-0.087094822480026,0.,-0.996200026047567));
#5354=DIRECTION('',(-0.230111221234213,0.,0.973164336513674));
#5355=DIRECTION('center_axis',(0.,1.,0.));
#5356=DIRECTION('ref_axis',(0.145995420951752,0.,0.989285265765705));
#5357=DIRECTION('',(0.448479446286946,0.,0.893793145117009));
#5358=DIRECTION('center_axis',(0.,1.,0.));
#5359=DIRECTION('ref_axis',(-0.962116603507138,0.,0.272638297485677));
#5360=DIRECTION('',(0.0870950512424504,0.,0.996200006047518));
#5361=DIRECTION('center_axis',(0.,1.,0.));
#5362=DIRECTION('ref_axis',(0.0724296086173641,0.,-0.997373526716814));
#5363=DIRECTION('',(0.230110971568842,0.,-0.973164395548688));
#5364=DIRECTION('center_axis',(0.,-1.,0.));
#5365=DIRECTION('ref_axis',(0.145995420951768,0.,0.989285265765702));
#5366=DIRECTION('center_axis',(0.,-1.,0.));
#5367=DIRECTION('ref_axis',(0.145995420951752,0.,0.989285265765704));
#5368=DIRECTION('center_axis',(0.448479446286931,0.,0.893793145117016));
#5369=DIRECTION('ref_axis',(0.893793145117016,0.,-0.448479446286931));
#5370=DIRECTION('center_axis',(-0.448479446286946,0.,-0.893793145117009));
#5371=DIRECTION('ref_axis',(0.632007193890283,0.707106781186553,-0.317122857692287));
#5372=DIRECTION('center_axis',(0.448479446286931,0.,0.893793145117016));
#5373=DIRECTION('ref_axis',(0.893793145117016,0.,-0.448479446286931));
#5374=DIRECTION('',(-0.448479446286946,0.,-0.893793145117009));
#5375=DIRECTION('center_axis',(0.,-1.,0.));
#5376=DIRECTION('ref_axis',(0.,0.,-1.));
#5377=DIRECTION('center_axis',(0.0870944189052647,0.,0.996200061330832));
#5378=DIRECTION('ref_axis',(0.996200061330832,0.,-0.0870944189052647));
#5379=DIRECTION('center_axis',(0.,-1.,0.));
#5380=DIRECTION('ref_axis',(-0.962116603507138,0.,0.272638297485677));
#5381=DIRECTION('center_axis',(-0.0870950512424504,0.,-0.996200006047518));
#5382=DIRECTION('ref_axis',(0.704419779694272,0.707106781186555,-0.0615855013413249));
#5383=DIRECTION('center_axis',(0.0870950512424711,0.,0.996200006047516));
#5384=DIRECTION('ref_axis',(0.996200006047516,0.,-0.0870950512424711));
#5385=DIRECTION('',(-0.0870950512424504,0.,-0.996200006047518));
#5386=DIRECTION('center_axis',(0.,-1.,0.));
#5387=DIRECTION('ref_axis',(0.,0.,-1.));
#5388=DIRECTION('center_axis',(0.230110971568821,0.,-0.973164395548693));
#5389=DIRECTION('ref_axis',(-0.973164395548693,0.,-0.230110971568821));
#5390=DIRECTION('center_axis',(0.,-1.,0.));
#5391=DIRECTION('ref_axis',(0.0724296086173641,0.,-0.997373526716814));
#5392=DIRECTION('center_axis',(-0.230110971568842,0.,0.973164395548688));
#5393=DIRECTION('ref_axis',(-0.688131143301791,0.707106781186539,-0.162713028421767));
#5394=DIRECTION('',(-0.230110971568842,0.,0.973164395548688));
#5395=DIRECTION('center_axis',(0.,1.,0.));
#5396=DIRECTION('ref_axis',(-0.996200061330833,0.,0.0870944189052565));
#5397=DIRECTION('',(0.,1.,0.));
#5398=DIRECTION('center_axis',(0.,-1.,0.));
#5399=DIRECTION('ref_axis',(-0.996200061330833,0.,0.0870944189052565));
#5400=DIRECTION('',(0.,1.,0.));
#5401=DIRECTION('center_axis',(0.893793145117009,0.,-0.448479446286946));
#5402=DIRECTION('ref_axis',(-0.448479446286946,0.,-0.893793145117009));
#5403=DIRECTION('',(0.,1.,0.));
#5404=DIRECTION('',(-0.448479446286946,0.,-0.893793145117009));
#5405=DIRECTION('center_axis',(0.,1.,0.));
#5406=DIRECTION('ref_axis',(-0.893793145117009,0.,0.448479446286947));
#5407=DIRECTION('',(0.,1.,0.));
#5408=DIRECTION('center_axis',(0.,-1.,0.));
#5409=DIRECTION('ref_axis',(-0.893793145117009,0.,0.448479446286947));
#5410=DIRECTION('center_axis',(0.,-1.,0.));
#5411=DIRECTION('ref_axis',(0.,0.,-1.));
#5412=DIRECTION('center_axis',(0.,-1.,0.));
#5413=DIRECTION('ref_axis',(-0.989285265765705,0.,0.145995420951752));
#5414=DIRECTION('center_axis',(-0.893793145117007,0.,0.448479446286949));
#5415=DIRECTION('ref_axis',(0.448479446286949,0.,0.893793145117007));
#5416=DIRECTION('center_axis',(0.893793145117009,0.,-0.448479446286945));
#5417=DIRECTION('ref_axis',(0.317122857692273,0.707106781186556,0.632007193890286));
#5418=DIRECTION('center_axis',(-0.893793145116989,0.,0.448479446286986));
#5419=DIRECTION('ref_axis',(0.448479446286986,0.,0.893793145116989));
#5420=DIRECTION('',(0.893793145117009,0.,-0.448479446286945));
#5421=DIRECTION('center_axis',(0.,-1.,0.));
#5422=DIRECTION('ref_axis',(0.,0.,-1.));
#5423=DIRECTION('center_axis',(-0.996200061330831,0.,0.0870944189052775));
#5424=DIRECTION('ref_axis',(0.0870944189052775,0.,0.996200061330831));
#5425=DIRECTION('center_axis',(0.,-1.,0.));
#5426=DIRECTION('ref_axis',(-0.27263829748568,0.,-0.962116603507137));
#5427=DIRECTION('center_axis',(0.996200006047518,0.,-0.0870950512424493));
#5428=DIRECTION('ref_axis',(0.0615855013413249,0.707106781186555,0.704419779694272));
#5429=DIRECTION('center_axis',(-0.99620000604752,0.,0.087095051242427));
#5430=DIRECTION('ref_axis',(0.087095051242427,0.,0.99620000604752));
#5431=DIRECTION('',(0.996200006047518,0.,-0.0870950512424492));
#5432=DIRECTION('center_axis',(0.,-1.,0.));
#5433=DIRECTION('ref_axis',(0.997373526716814,0.,0.0724296086173654));
#5434=DIRECTION('center_axis',(0.973164395548693,0.,0.230110971568821));
#5435=DIRECTION('ref_axis',(0.230110971568821,0.,-0.973164395548693));
#5436=DIRECTION('center_axis',(0.,-1.,0.));
#5437=DIRECTION('ref_axis',(0.997373526716814,0.,0.0724296086173661));
#5438=DIRECTION('center_axis',(-0.973164395548688,0.,-0.230110971568843));
#5439=DIRECTION('ref_axis',(0.16271302842174,0.707106781186558,-0.688131143301778));
#5440=DIRECTION('',(-0.973164395548688,0.,-0.230110971568843));
#5441=DIRECTION('center_axis',(0.,1.,0.));
#5442=DIRECTION('ref_axis',(-0.260887108588014,0.,-0.965369316154489));
#5443=DIRECTION('',(0.,-1.,0.));
#5444=DIRECTION('center_axis',(0.,-1.,0.));
#5445=DIRECTION('ref_axis',(-0.260887108588014,0.,-0.965369316154489));
#5446=DIRECTION('',(0.,1.,0.));
#5447=DIRECTION('center_axis',(0.448479446286945,0.,0.893793145117009));
#5448=DIRECTION('ref_axis',(0.893793145117009,0.,-0.448479446286945));
#5449=DIRECTION('',(0.,1.,0.));
#5450=DIRECTION('',(0.893793145117009,0.,-0.448479446286945));
#5451=DIRECTION('center_axis',(0.,1.,0.));
#5452=DIRECTION('ref_axis',(-0.448479446286946,0.,-0.893793145117009));
#5453=DIRECTION('',(0.,1.,0.));
#5454=DIRECTION('center_axis',(0.,-1.,0.));
#5455=DIRECTION('ref_axis',(-0.448479446286946,0.,-0.893793145117009));
#5456=DIRECTION('center_axis',(-0.448479276030981,8.93781683991494E-14,
-0.893793230546488));
#5457=DIRECTION('ref_axis',(-0.893793230546488,0.,0.448479276030981));
#5458=DIRECTION('center_axis',(0.448479276030938,0.,0.893793230546509));
#5459=DIRECTION('ref_axis',(-0.632007254298075,0.707106781186544,0.317122737303104));
#5460=DIRECTION('center_axis',(-0.448479276030927,0.,-0.893793230546515));
#5461=DIRECTION('ref_axis',(-0.893793230546515,0.,0.448479276030927));
#5462=DIRECTION('',(0.448479276030938,0.,0.893793230546509));
#5463=DIRECTION('center_axis',(-0.0870941901427666,0.,-0.996200081330741));
#5464=DIRECTION('ref_axis',(-0.996200081330741,0.,0.0870941901427666));
#5465=DIRECTION('center_axis',(0.087094822480026,0.,0.996200026047567));
#5466=DIRECTION('ref_axis',(-0.704419793836426,0.707106781186572,0.06158533958186));
#5467=DIRECTION('center_axis',(-0.0870948224799999,0.,-0.996200026047569));
#5468=DIRECTION('ref_axis',(-0.996200026047569,0.,0.0870948224799999));
#5469=DIRECTION('',(0.087094822480026,0.,0.996200026047567));
#5470=DIRECTION('center_axis',(-0.230111221220274,0.,0.97316433651697));
#5471=DIRECTION('ref_axis',(0.97316433651697,0.,0.230111221220274));
#5472=DIRECTION('center_axis',(0.230111221234213,0.,-0.973164336513674));
#5473=DIRECTION('ref_axis',(0.688131101557722,0.70710678118655,0.162713204961835));
#5474=DIRECTION('',(0.230111221234213,0.,-0.973164336513674));
#5475=DIRECTION('',(0.,-1.,0.));
#5476=DIRECTION('center_axis',(0.,-1.,0.));
#5477=DIRECTION('ref_axis',(0.970295528156039,0.,-0.241922690214028));
#5478=DIRECTION('',(0.,-1.,0.));
#5479=DIRECTION('center_axis',(0.893793230546509,0.,-0.448479276030938));
#5480=DIRECTION('ref_axis',(0.448479276030938,0.,0.893793230546509));
#5481=DIRECTION('',(0.,-1.,0.));
#5482=DIRECTION('',(0.448479276030938,0.,0.893793230546509));
#5483=DIRECTION('',(0.,-1.,0.));
#5484=DIRECTION('center_axis',(0.,-1.,0.));
#5485=DIRECTION('ref_axis',(0.970311824193025,0.,-0.241857321227215));
#5486=DIRECTION('center_axis',(-0.686837488407064,0.,0.7268110239386));
#5487=DIRECTION('ref_axis',(-0.513933003668118,0.707106781186531,-0.4856674456258));
#5488=DIRECTION('',(-0.686837488407064,0.,0.7268110239386));
#5489=DIRECTION('center_axis',(0.686837488407076,0.,-0.726811023938588));
#5490=DIRECTION('ref_axis',(-0.726811023938588,0.,-0.686837488407076));
#5491=DIRECTION('',(0.686837488407064,0.,-0.7268110239386));
#5492=DIRECTION('center_axis',(0.,-1.,0.));
#5493=DIRECTION('ref_axis',(-0.484017972553448,0.,0.875058056499824));
#5494=DIRECTION('center_axis',(0.,1.,0.));
#5495=DIRECTION('ref_axis',(-0.459380913348401,0.,0.888239368892861));
#5496=DIRECTION('center_axis',(0.,-1.,0.));
#5497=DIRECTION('ref_axis',(-0.459380913348401,0.,0.888239368892861));
#5498=DIRECTION('center_axis',(0.683249306370772,0.,-0.730185171955621));
#5499=DIRECTION('ref_axis',(0.516318886611675,0.707106781186535,0.483130217775807));
#5500=DIRECTION('',(0.683249306370772,0.,-0.730185171955621));
#5501=DIRECTION('center_axis',(-0.683249306370776,0.,0.730185171955617));
#5502=DIRECTION('ref_axis',(0.730185171955616,0.,0.683249306370776));
#5503=DIRECTION('',(-0.683249306370772,0.,0.730185171955621));
#5504=DIRECTION('center_axis',(0.,-1.,0.));
#5505=DIRECTION('ref_axis',(0.,0.,-1.));
#5506=DIRECTION('center_axis',(0.,1.,0.));
#5507=DIRECTION('ref_axis',(0.683270187788201,0.,-0.73016563222318));
#5508=DIRECTION('center_axis',(0.,-1.,0.));
#5509=DIRECTION('ref_axis',(0.683270187788201,0.,-0.73016563222318));
#5510=DIRECTION('center_axis',(0.,-1.,0.));
#5511=DIRECTION('ref_axis',(0.,0.,-1.));
#5512=DIRECTION('center_axis',(0.,-1.,0.));
#5513=DIRECTION('ref_axis',(0.833814558788555,0.,0.552044637282392));
#5514=DIRECTION('center_axis',(-0.554650425952239,0.,0.83208347236981));
#5515=DIRECTION('ref_axis',(0.,1.,0.));
#5516=DIRECTION('center_axis',(0.,1.,0.));
#5517=DIRECTION('ref_axis',(-0.484017972553449,0.,0.875058056499824));
#5518=DIRECTION('',(0.,1.,0.));
#5519=DIRECTION('center_axis',(0.,1.,0.));
#5520=DIRECTION('ref_axis',(1.,0.,0.));
#5521=DIRECTION('',(0.,-1.,0.));
#5522=DIRECTION('center_axis',(0.7268110239386,0.,0.686837488407064));
#5523=DIRECTION('ref_axis',(0.686837488407064,0.,-0.7268110239386));
#5524=DIRECTION('',(0.,1.,0.));
#5525=DIRECTION('',(0.686837488407064,0.,-0.7268110239386));
#5526=DIRECTION('center_axis',(0.,1.,0.));
#5527=DIRECTION('ref_axis',(1.,0.,0.));
#5528=DIRECTION('',(0.,1.,0.));
#5529=DIRECTION('center_axis',(0.,1.,0.));
#5530=DIRECTION('ref_axis',(1.,0.,0.));
#5531=DIRECTION('center_axis',(-0.730185171955621,0.,-0.683249306370772));
#5532=DIRECTION('ref_axis',(-0.683249306370772,0.,0.730185171955621));
#5533=DIRECTION('',(0.,1.,0.));
#5534=DIRECTION('',(-0.683249306370772,0.,0.730185171955621));
#5535=DIRECTION('center_axis',(0.,-1.,0.));
#5536=DIRECTION('ref_axis',(-0.883479326669051,0.,-0.468470147766536));
#5537=DIRECTION('center_axis',(-0.568477135355168,-1.26227280928852E-14,
0.822699061977332));
#5538=DIRECTION('ref_axis',(-2.22044604925031E-14,1.,0.));
#5539=DIRECTION('center_axis',(0.,-1.,0.));
#5540=DIRECTION('ref_axis',(-0.887362702653189,0.,-0.461072048534747));
#5541=DIRECTION('center_axis',(0.,1.,0.));
#5542=DIRECTION('ref_axis',(-0.887362702653189,0.,-0.461072048534748));
#5543=DIRECTION('center_axis',(0.,-1.,0.));
#5544=DIRECTION('ref_axis',(0.,0.,-1.));
#5545=DIRECTION('center_axis',(0.,-1.,0.));
#5546=DIRECTION('ref_axis',(0.832083472369811,0.,0.554650425952238));
#5547=DIRECTION('center_axis',(0.,-1.,0.));
#5548=DIRECTION('ref_axis',(1.,0.,0.));
#5549=DIRECTION('center_axis',(0.,-1.,0.));
#5550=DIRECTION('ref_axis',(0.230110971568759,0.,-0.973164395548708));
#5551=DIRECTION('',(-0.996200006047511,0.,0.0870950512425315));
#5552=DIRECTION('',(0.973164395548707,0.,0.230110971568762));
#5553=DIRECTION('center_axis',(0.73063249773688,0.,0.682770937614343));
#5554=DIRECTION('ref_axis',(-0.482791959984179,0.707106781186556,0.51663519370502));
#5555=DIRECTION('',(-0.73063249773688,0.,-0.682770937614343));
#5556=DIRECTION('',(0.73063249773688,0.,0.682770937614343));
#5557=DIRECTION('center_axis',(0.,-1.,0.));
#5558=DIRECTION('ref_axis',(0.46293757437192,0.,-0.886390885690192));
#5559=DIRECTION('center_axis',(0.,1.,0.));
#5560=DIRECTION('ref_axis',(0.462937574371919,0.,-0.886390885690192));
#5561=DIRECTION('center_axis',(0.,-1.,0.));
#5562=DIRECTION('ref_axis',(0.462937574371919,0.,-0.886390885690192));
#5563=DIRECTION('center_axis',(0.,-1.,0.));
#5564=DIRECTION('ref_axis',(0.72722539871577,0.,0.686398732124914));
#5565=DIRECTION('center_axis',(0.,-1.,0.));
#5566=DIRECTION('ref_axis',(0.727207742190135,0.,0.686417438370214));
#5567=DIRECTION('center_axis',(0.727402273406497,0.,0.686211288629865));
#5568=DIRECTION('ref_axis',(0.686211288629864,0.,-0.727402273406497));
#5569=DIRECTION('center_axis',(0.,1.,0.));
#5570=DIRECTION('ref_axis',(0.727207742190135,0.,0.686417438370214));
#5571=DIRECTION('center_axis',(-0.727402273406503,0.,-0.686211288629859));
#5572=DIRECTION('ref_axis',(0.485224655516928,0.707106781186555,-0.514351080176242));
#5573=DIRECTION('center_axis',(0.727402273406507,0.,0.686211288629855));
#5574=DIRECTION('ref_axis',(0.686211288629855,0.,-0.727402273406507));
#5575=DIRECTION('',(0.727402273406503,0.,0.686211288629859));
#5576=DIRECTION('',(-0.727402273406503,0.,-0.686211288629859));
#5577=DIRECTION('center_axis',(0.,-1.,0.));
#5578=DIRECTION('ref_axis',(0.,0.,-1.));
#5579=DIRECTION('center_axis',(0.,1.,0.));
#5580=DIRECTION('ref_axis',(-0.882400135803006,0.,-0.470499734680941));
#5581=DIRECTION('center_axis',(0.,-1.,0.));
#5582=DIRECTION('ref_axis',(-0.882400135803006,0.,-0.470499734680941));
#5583=DIRECTION('center_axis',(-0.686211288629859,0.,0.727402273406503));
#5584=DIRECTION('ref_axis',(0.727402273406503,0.,0.686211288629859));
#5585=DIRECTION('',(0.,1.,0.));
#5586=DIRECTION('',(0.727402273406503,0.,0.686211288629859));
#5587=DIRECTION('',(0.,1.,0.));
#5588=DIRECTION('center_axis',(0.,1.,0.));
#5589=DIRECTION('ref_axis',(1.,0.,0.));
#5590=DIRECTION('',(0.,1.,0.));
#5591=DIRECTION('center_axis',(0.,1.,0.));
#5592=DIRECTION('ref_axis',(1.,0.,0.));
#5593=DIRECTION('center_axis',(0.682770937614343,0.,-0.73063249773688));
#5594=DIRECTION('ref_axis',(-0.73063249773688,0.,-0.682770937614343));
#5595=DIRECTION('',(0.,1.,0.));
#5596=DIRECTION('',(-0.73063249773688,0.,-0.682770937614343));
#5597=DIRECTION('center_axis',(0.,-1.,0.));
#5598=DIRECTION('ref_axis',(1.,0.,0.));
#5599=DIRECTION('',(-0.230110971568842,0.,0.973164395548688));
#5600=DIRECTION('center_axis',(0.,-1.,0.));
#5601=DIRECTION('ref_axis',(0.973164395548688,0.,0.230110971568841));
#5602=DIRECTION('',(-0.0870950512424504,0.,-0.996200006047518));
#5603=DIRECTION('center_axis',(0.683066756261122,0.,-0.730355945064397));
#5604=DIRECTION('ref_axis',(0.516439641434938,0.707106781186548,0.483001135355344));
#5605=DIRECTION('',(0.683066756261122,0.,-0.730355945064397));
#5606=DIRECTION('center_axis',(-0.683066756261126,0.,0.730355945064394));
#5607=DIRECTION('ref_axis',(0.730355945064394,0.,0.683066756261126));
#5608=DIRECTION('',(-0.683066756261122,0.,0.730355945064397));
#5609=DIRECTION('center_axis',(-0.684410242690959,0.,0.729097126382831));
#5610=DIRECTION('ref_axis',(-0.515549522208944,0.707106781186535,-0.483951123720306));
#5611=DIRECTION('center_axis',(-0.684410242690967,0.,0.729097126382824));
#5612=DIRECTION('ref_axis',(0.,1.,0.));
#5613=DIRECTION('',(-0.684410242690959,0.,0.729097126382831));
#5614=DIRECTION('center_axis',(0.684410242690956,0.,-0.729097126382835));
#5615=DIRECTION('ref_axis',(-0.729097126382835,0.,-0.684410242690956));
#5616=DIRECTION('',(0.684410242690959,0.,-0.729097126382831));
#5617=DIRECTION('center_axis',(0.,-1.,0.));
#5618=DIRECTION('ref_axis',(-0.68052838945623,0.,0.732721714666701));
#5619=DIRECTION('center_axis',(0.,1.,0.));
#5620=DIRECTION('ref_axis',(-0.680496492423998,0.,0.732751338312415));
#5621=DIRECTION('center_axis',(0.,-1.,0.));
#5622=DIRECTION('ref_axis',(-0.680496492423998,0.,0.732751338312415));
#5623=DIRECTION('center_axis',(0.,-1.,0.));
#5624=DIRECTION('ref_axis',(0.,0.,-1.));
#5625=DIRECTION('center_axis',(0.,1.,0.));
#5626=DIRECTION('ref_axis',(0.449679132057905,0.,-0.893190169108264));
#5627=DIRECTION('center_axis',(0.,-1.,0.));
#5628=DIRECTION('ref_axis',(0.449679132057905,0.,-0.893190169108264));
#5629=DIRECTION('center_axis',(0.,1.,0.));
#5630=DIRECTION('ref_axis',(0.887362702653147,0.,0.461072048534827));
#5631=DIRECTION('center_axis',(0.,-1.,0.));
#5632=DIRECTION('ref_axis',(0.,0.,-1.));
#5633=DIRECTION('center_axis',(0.,-1.,0.));
#5634=DIRECTION('ref_axis',(-0.832313963891923,0.,-0.554304488084405));
#5635=DIRECTION('center_axis',(0.554650425952311,0.,-0.832083472369762));
#5636=DIRECTION('ref_axis',(0.,1.,0.));
#5637=DIRECTION('center_axis',(0.,1.,0.));
#5638=DIRECTION('ref_axis',(1.,0.,0.));
#5639=DIRECTION('',(0.,1.,0.));
#5640=DIRECTION('center_axis',(0.,1.,0.));
#5641=DIRECTION('ref_axis',(1.,0.,0.));
#5642=DIRECTION('',(0.,-1.,0.));
#5643=DIRECTION('center_axis',(-0.730355945064397,0.,-0.683066756261122));
#5644=DIRECTION('ref_axis',(-0.683066756261122,0.,0.730355945064397));
#5645=DIRECTION('',(0.,1.,0.));
#5646=DIRECTION('',(-0.683066756261122,0.,0.730355945064397));
#5647=DIRECTION('center_axis',(0.,1.,0.));
#5648=DIRECTION('ref_axis',(-0.680496492423998,0.,0.732751338312415));
#5649=DIRECTION('',(0.,1.,0.));
#5650=DIRECTION('center_axis',(0.,1.,0.));
#5651=DIRECTION('ref_axis',(1.,0.,0.));
#5652=DIRECTION('center_axis',(0.729097126382831,0.,0.684410242690959));
#5653=DIRECTION('ref_axis',(0.684410242690959,0.,-0.729097126382831));
#5654=DIRECTION('',(0.,1.,0.));
#5655=DIRECTION('',(0.684410242690959,0.,-0.729097126382831));
#5656=DIRECTION('center_axis',(0.,-1.,0.));
#5657=DIRECTION('ref_axis',(0.,0.,-1.));
#5658=DIRECTION('center_axis',(-0.342123696338389,-4.17290612779633E-14,
0.939654924109781));
#5659=DIRECTION('ref_axis',(0.939654924109781,0.,0.342123696338389));
#5660=DIRECTION('center_axis',(0.,-1.,0.));
#5661=DIRECTION('ref_axis',(-0.932159778196258,0.,-0.362047162553586));
#5662=DIRECTION('center_axis',(-0.362047162553561,0.,0.932159778196268));
#5663=DIRECTION('ref_axis',(0.932159778196268,0.,0.362047162553561));
#5664=DIRECTION('center_axis',(0.,-1.,0.));
#5665=DIRECTION('ref_axis',(0.887509397953336,0.,0.460789614189065));
#5666=DIRECTION('center_axis',(0.571713918184041,1.26945991093317E-14,-0.82045304299189));
#5667=DIRECTION('ref_axis',(-2.22044604925031E-14,1.,0.));
#5668=DIRECTION('center_axis',(0.,-1.,0.));
#5669=DIRECTION('ref_axis',(0.887362702653147,0.,0.461072048534827));
#5670=DIRECTION('center_axis',(0.,1.,0.));
#5671=DIRECTION('ref_axis',(0.887362702653147,0.,0.461072048534827));
#5672=DIRECTION('center_axis',(0.,-1.,0.));
#5673=DIRECTION('ref_axis',(0.,0.,-1.));
#5674=DIRECTION('center_axis',(0.,-1.,0.));
#5675=DIRECTION('ref_axis',(-0.832083472369761,0.,-0.554650425952313));
#5676=DIRECTION('center_axis',(0.,-1.,0.));
#5677=DIRECTION('ref_axis',(0.,0.,-1.));
#5678=DIRECTION('center_axis',(0.,-1.,0.));
#5679=DIRECTION('ref_axis',(-0.932147663805535,0.,-0.362078351827176));
#5680=DIRECTION('center_axis',(0.,1.,0.));
#5681=DIRECTION('ref_axis',(0.887362702653147,0.,0.461072048534827));
#5682=DIRECTION('',(0.,1.,0.));
#5683=DIRECTION('center_axis',(0.,1.,0.));
#5684=DIRECTION('ref_axis',(-0.832083472369758,0.,-0.554650425952316));
#5685=DIRECTION('',(0.,1.,0.));
#5686=DIRECTION('center_axis',(0.,1.,0.));
#5687=DIRECTION('ref_axis',(-0.855906712377844,0.,-0.517130254100986));
#5688=DIRECTION('center_axis',(0.,1.,0.));
#5689=DIRECTION('ref_axis',(-0.855906712377844,0.,-0.517130254100986));
#5690=DIRECTION('center_axis',(0.,-1.,0.));
#5691=DIRECTION('ref_axis',(1.,0.,0.));
#5692=DIRECTION('',(-0.973164395548688,0.,-0.230110971568843));
#5693=DIRECTION('center_axis',(0.,-1.,0.));
#5694=DIRECTION('ref_axis',(-0.230110971568842,0.,0.973164395548688));
#5695=DIRECTION('',(0.996200006047518,0.,-0.0870950512424492));
#5696=DIRECTION('center_axis',(0.,1.,0.));
#5697=DIRECTION('ref_axis',(0.861770342563244,0.,0.507298607014084));
#5698=DIRECTION('center_axis',(0.,1.,0.));
#5699=DIRECTION('ref_axis',(0.861770342563244,0.,0.507298607014084));
#5700=DIRECTION('',(0.,1.,0.));
#5701=DIRECTION('center_axis',(0.,-1.,0.));
#5702=DIRECTION('ref_axis',(0.683853763629312,0.,-0.72961909923605));
#5703=DIRECTION('',(0.,-1.,0.));
#5704=DIRECTION('center_axis',(-0.729619099236046,0.,-0.683853763629317));
#5705=DIRECTION('ref_axis',(0.48355763360227,0.707106781186535,-0.515918612753011));
#5706=DIRECTION('center_axis',(-0.72961909923604,-1.51846038771569E-14,
-0.683853763629323));
#5707=DIRECTION('ref_axis',(0.,1.,-2.22044604925031E-14));
#5708=DIRECTION('',(-0.729619099236046,0.,-0.683853763629317));
#5709=DIRECTION('center_axis',(0.729619099236048,0.,0.683853763629315));
#5710=DIRECTION('ref_axis',(0.683853763629315,0.,-0.729619099236048));
#5711=DIRECTION('',(0.729619099236046,0.,0.683853763629317));
#5712=DIRECTION('center_axis',(-0.729619099235988,0.,-0.683853763629379));
#5713=DIRECTION('ref_axis',(-0.683853763629378,0.,0.729619099235988));
#5714=DIRECTION('center_axis',(0.729619099235989,0.,0.683853763629377));
#5715=DIRECTION('ref_axis',(-0.483557633602274,0.707106781186541,0.515918612752999));
#5716=DIRECTION('center_axis',(-0.72961909923599,0.,-0.683853763629376));
#5717=DIRECTION('ref_axis',(-0.683853763629376,0.,0.72961909923599));
#5718=DIRECTION('',(-0.729619099235989,0.,-0.683853763629377));
#5719=DIRECTION('',(0.729619099235989,0.,0.683853763629377));
#5720=DIRECTION('center_axis',(0.994369024883911,1.0560805051617E-10,0.105972837800162));
#5721=DIRECTION('ref_axis',(0.105972837800162,0.,-0.994369024883911));
#5722=DIRECTION('center_axis',(-0.938235677085821,0.337745656322684,0.0751111568175483));
#5723=DIRECTION('ref_axis',(0.345996841377667,0.91586103295327,0.203678064784717));
#5724=DIRECTION('center_axis',(0.952008804067108,0.,0.306070640504306));
#5725=DIRECTION('ref_axis',(0.306070640504306,0.,-0.952008804067107));
#5726=DIRECTION('center_axis',(0.,-1.,0.));
#5727=DIRECTION('ref_axis',(-0.59998642860514,0.,0.800010178366281));
#5728=DIRECTION('center_axis',(-0.899782090640927,-0.428324469979552,0.08324865031085));
#5729=DIRECTION('ref_axis',(-0.436339534493302,0.883254109711604,-0.17166825075048));
#5730=DIRECTION('center_axis',(-0.800010178362666,0.,-0.59998642860996));
#5731=DIRECTION('ref_axis',(0.59998642860996,0.,-0.800010178362666));
#5732=DIRECTION('center_axis',(0.,1.,0.));
#5733=DIRECTION('ref_axis',(-1.,0.,0.));
#5734=DIRECTION('center_axis',(0.,-1.,0.));
#5735=DIRECTION('ref_axis',(0.970295528183091,0.,-0.241922690105529));
#5736=DIRECTION('',(0.087094822480026,0.,0.996200026047567));
#5737=DIRECTION('',(0.230111221234213,0.,-0.973164336513674));
#5738=DIRECTION('center_axis',(0.,1.,0.));
#5739=DIRECTION('ref_axis',(-0.46161861425001,0.,0.887078494259612));
#5740=DIRECTION('center_axis',(0.,-1.,0.));
#5741=DIRECTION('ref_axis',(-0.459359062906698,0.,0.888250669195065));
#5742=DIRECTION('center_axis',(0.,-1.,0.));
#5743=DIRECTION('ref_axis',(-0.46161861425001,0.,0.887078494259612));
#5744=DIRECTION('center_axis',(0.,1.,0.));
#5745=DIRECTION('ref_axis',(-0.459359062906698,0.,0.888250669195065));
#5746=DIRECTION('center_axis',(0.,1.,0.));
#5747=DIRECTION('ref_axis',(1.,0.,0.));
#5748=DIRECTION('',(0.,1.,0.));
#5749=DIRECTION('center_axis',(0.,1.,0.));
#5750=DIRECTION('ref_axis',(0.970296834958358,0.,-0.241917448874184));
#5751=DIRECTION('center_axis',(0.,1.,0.));
#5752=DIRECTION('ref_axis',(-0.882400135803006,0.,-0.470499734680941));
#5753=DIRECTION('center_axis',(0.,1.,0.));
#5754=DIRECTION('ref_axis',(1.,0.,0.));
#5755=DIRECTION('',(0.,-1.,0.));
#5756=DIRECTION('center_axis',(0.,1.,0.));
#5757=DIRECTION('ref_axis',(1.,0.,0.));
#5758=DIRECTION('',(0.,1.,0.));
#5759=DIRECTION('center_axis',(0.,1.,0.));
#5760=DIRECTION('ref_axis',(1.,0.,0.));
#5761=DIRECTION('center_axis',(0.,1.,0.));
#5762=DIRECTION('ref_axis',(0.855906712378216,0.,0.51713025410037));
#5763=DIRECTION('center_axis',(0.,1.,0.));
#5764=DIRECTION('ref_axis',(0.855906712378216,0.,0.51713025410037));
#5765=DIRECTION('',(0.,1.,0.));
#5766=DIRECTION('center_axis',(0.,1.,0.));
#5767=DIRECTION('ref_axis',(1.,0.,0.));
#5768=DIRECTION('center_axis',(0.,-1.,0.));
#5769=DIRECTION('ref_axis',(-1.,0.,-9.18805261758751E-16));
#5770=DIRECTION('',(0.,0.,-1.));
#5771=DIRECTION('center_axis',(0.,-1.,0.));
#5772=DIRECTION('ref_axis',(9.18805261758751E-16,0.,-1.));
#5773=DIRECTION('',(1.,0.,0.));
#5774=DIRECTION('center_axis',(0.,-1.,0.));
#5775=DIRECTION('ref_axis',(1.,0.,1.225073682345E-15));
#5776=DIRECTION('',(0.,0.,1.));
#5777=DIRECTION('center_axis',(0.,-1.,0.));
#5778=DIRECTION('ref_axis',(-1.53134210293125E-15,0.,1.));
#5779=DIRECTION('',(-1.,0.,0.));
#5780=DIRECTION('',(-0.729619099235989,0.,-0.683853763629377));
#5781=DIRECTION('center_axis',(0.,1.,0.));
#5782=DIRECTION('ref_axis',(-0.970296834929045,0.,0.241917448991754));
#5783=DIRECTION('',(0.729619099236046,0.,0.683853763629317));
#5784=DIRECTION('center_axis',(0.,1.,0.));
#5785=DIRECTION('ref_axis',(-0.554650425952307,0.,0.832083472369765));
#5786=DIRECTION('center_axis',(0.,1.,0.));
#5787=DIRECTION('ref_axis',(0.832083472369808,0.,0.554650425952242));
#5788=DIRECTION('center_axis',(0.,1.,0.));
#5789=DIRECTION('ref_axis',(-0.932159789556986,0.,-0.362047133303215));
#5790=DIRECTION('center_axis',(0.683853763629377,0.,-0.729619099235989));
#5791=DIRECTION('ref_axis',(-0.729619099235989,0.,-0.683853763629377));
#5792=DIRECTION('',(0.,1.,0.));
#5793=DIRECTION('center_axis',(-0.683853763629317,0.,0.729619099236046));
#5794=DIRECTION('ref_axis',(0.729619099236046,0.,0.683853763629317));
#5795=DIRECTION('',(0.,1.,0.));
#5796=DIRECTION('center_axis',(0.996200026047567,0.,-0.087094822480026));
#5797=DIRECTION('ref_axis',(0.087094822480026,0.,0.996200026047567));
#5798=DIRECTION('',(0.,-1.,0.));
#5799=DIRECTION('',(0.,-1.,0.));
#5800=DIRECTION('center_axis',(-0.973164336513674,0.,-0.230111221234213));
#5801=DIRECTION('ref_axis',(0.230111221234213,0.,-0.973164336513674));
#5802=DIRECTION('center_axis',(0.,1.,0.));
#5803=DIRECTION('ref_axis',(-0.887362702653189,0.,-0.461072048534747));
#5804=DIRECTION('center_axis',(-0.0870950512425315,0.,-0.996200006047511));
#5805=DIRECTION('ref_axis',(-0.996200006047511,0.,0.0870950512425315));
#5806=DIRECTION('',(0.,1.,0.));
#5807=DIRECTION('center_axis',(0.,1.,0.));
#5808=DIRECTION('ref_axis',(-0.99737352671682,0.,-0.0724296086172816));
#5809=DIRECTION('',(0.,-1.,0.));
#5810=DIRECTION('center_axis',(0.,1.,0.));
#5811=DIRECTION('ref_axis',(0.46293757437192,0.,-0.886390885690192));
#5812=DIRECTION('center_axis',(0.,1.,0.));
#5813=DIRECTION('ref_axis',(-0.932159789556986,0.,-0.362047133303215));
#5814=DIRECTION('center_axis',(0.,1.,0.));
#5815=DIRECTION('ref_axis',(0.997373526716814,0.,0.072429608617366));
#5816=DIRECTION('',(0.,1.,0.));
#5817=DIRECTION('',(0.,1.,0.));
#5818=DIRECTION('center_axis',(0.230110971568843,0.,-0.973164395548688));
#5819=DIRECTION('ref_axis',(-0.973164395548688,0.,-0.230110971568843));
#5820=DIRECTION('center_axis',(-0.230110971568762,0.,0.973164395548707));
#5821=DIRECTION('ref_axis',(0.973164395548707,0.,0.230110971568762));
#5822=DIRECTION('center_axis',(0.996200006047518,0.,-0.0870950512424504));
#5823=DIRECTION('ref_axis',(-0.0870950512424504,0.,-0.996200006047518));
#5824=DIRECTION('',(0.,-1.,0.));
#5825=DIRECTION('center_axis',(-0.973164395548688,0.,-0.230110971568842));
#5826=DIRECTION('ref_axis',(-0.230110971568842,0.,0.973164395548688));
#5827=DIRECTION('',(0.,1.,0.));
#5828=DIRECTION('center_axis',(0.,1.,0.));
#5829=DIRECTION('ref_axis',(0.0724296086173643,0.,-0.997373526716814));
#5830=DIRECTION('center_axis',(0.0870950512424493,0.,0.996200006047518));
#5831=DIRECTION('ref_axis',(0.996200006047518,0.,-0.0870950512424492));
#5832=DIRECTION('center_axis',(-1.,0.,0.));
#5833=DIRECTION('ref_axis',(0.,0.,1.));
#5834=DIRECTION('',(0.,-1.,0.));
#5835=DIRECTION('',(0.,1.,0.));
#5836=DIRECTION('center_axis',(0.,1.,0.));
#5837=DIRECTION('ref_axis',(9.18805261758751E-16,0.,-1.));
#5838=DIRECTION('',(0.,1.,0.));
#5839=DIRECTION('center_axis',(0.,0.,-1.));
#5840=DIRECTION('ref_axis',(-1.,0.,0.));
#5841=DIRECTION('',(0.,1.,0.));
#5842=DIRECTION('center_axis',(0.,1.,0.));
#5843=DIRECTION('ref_axis',(1.,0.,1.225073682345E-15));
#5844=DIRECTION('',(0.,1.,0.));
#5845=DIRECTION('center_axis',(1.,0.,0.));
#5846=DIRECTION('ref_axis',(0.,0.,-1.));
#5847=DIRECTION('',(0.,1.,0.));
#5848=DIRECTION('center_axis',(0.,1.,0.));
#5849=DIRECTION('ref_axis',(-1.53134210293125E-15,0.,1.));
#5850=DIRECTION('',(0.,1.,0.));
#5851=DIRECTION('center_axis',(0.,0.,1.));
#5852=DIRECTION('ref_axis',(1.,0.,0.));
#5853=DIRECTION('',(0.,1.,0.));
#5854=DIRECTION('center_axis',(0.,1.,0.));
#5855=DIRECTION('ref_axis',(-1.,0.,-9.18805261758751E-16));
#5856=DIRECTION('center_axis',(0.,1.,0.));
#5857=DIRECTION('ref_axis',(1.,0.,0.));
#5858=DIRECTION('center_axis',(0.,1.,0.));
#5859=DIRECTION('ref_axis',(1.,0.,0.));
#5860=DIRECTION('',(0.,-1.,0.));
#5861=DIRECTION('center_axis',(0.,1.,0.));
#5862=DIRECTION('ref_axis',(1.,0.,0.));
#5863=DIRECTION('center_axis',(0.,1.,0.));
#5864=DIRECTION('ref_axis',(1.,0.,0.));
#5865=DIRECTION('center_axis',(0.,1.,0.));
#5866=DIRECTION('ref_axis',(1.,0.,0.));
#5867=CARTESIAN_POINT('',(0.,0.,0.));
#5868=CARTESIAN_POINT('Ctrl Pts',(50.096646738621,8.5,-12.1826809588417));
#5869=CARTESIAN_POINT('Ctrl Pts',(50.096646738621,-2.,-12.1826809588417));
#5870=CARTESIAN_POINT('Ctrl Pts',(50.3628942507062,8.5,-14.1510126068122));
#5871=CARTESIAN_POINT('Ctrl Pts',(50.3628942507062,-2.,-14.1510126068122));
#5872=CARTESIAN_POINT('Ctrl Pts',(50.3369478415091,8.5,-16.1356407460364));
#5873=CARTESIAN_POINT('Ctrl Pts',(50.3369478415091,-2.,-16.1356407460364));
#5874=CARTESIAN_POINT('Ctrl Pts',(49.9770071360633,8.5,-18.0686425082345));
#5875=CARTESIAN_POINT('Ctrl Pts',(49.9770071360633,-2.,-18.0686425082345));
#5876=CARTESIAN_POINT('Ctrl Pts',(49.8277220688467,8.5,-18.8703531612214));
#5877=CARTESIAN_POINT('Ctrl Pts',(49.8277220688467,-2.,-18.8703531612214));
#5878=CARTESIAN_POINT('Ctrl Pts',(49.6224143966205,8.5,-19.6594391296527));
#5879=CARTESIAN_POINT('Ctrl Pts',(49.6224143966205,-2.,-19.6594391296527));
#5880=CARTESIAN_POINT('Ctrl Pts',(49.3637923177561,8.5,-20.4302069876434));
#5881=CARTESIAN_POINT('Ctrl Pts',(49.3637923177561,-2.,-20.4302069876434));
#5882=CARTESIAN_POINT('',(50.096646738621,8.5,-12.1826809588417));
#5883=CARTESIAN_POINT('',(49.3637923172476,8.5,-20.4302069891589));
#5884=CARTESIAN_POINT('Ctrl Pts',(50.096646738621,8.5,-12.1826809588417));
#5885=CARTESIAN_POINT('Ctrl Pts',(50.3628942507062,8.5,-14.1510126068122));
#5886=CARTESIAN_POINT('Ctrl Pts',(50.3369478415091,8.5,-16.1356407460364));
#5887=CARTESIAN_POINT('Ctrl Pts',(49.9770071360633,8.5,-18.0686425082345));
#5888=CARTESIAN_POINT('Ctrl Pts',(49.8277220688467,8.5,-18.8703531612214));
#5889=CARTESIAN_POINT('Ctrl Pts',(49.6224143966205,8.5,-19.6594391296527));
#5890=CARTESIAN_POINT('Ctrl Pts',(49.3637923177561,8.5,-20.4302069876434));
#5891=CARTESIAN_POINT('',(50.096646738621,-2.,-12.1826809588417));
#5892=CARTESIAN_POINT('',(50.096646738621,8.5,-12.1826809588417));
#5893=CARTESIAN_POINT('',(49.3637923172476,-2.,-20.4302069891589));
#5894=CARTESIAN_POINT('Ctrl Pts',(49.3637923177561,-2.,-20.4302069876434));
#5895=CARTESIAN_POINT('Ctrl Pts',(49.6224143966205,-2.,-19.6594391296527));
#5896=CARTESIAN_POINT('Ctrl Pts',(49.8277220688467,-2.,-18.8703531612214));
#5897=CARTESIAN_POINT('Ctrl Pts',(49.9770071360633,-2.,-18.0686425082345));
#5898=CARTESIAN_POINT('Ctrl Pts',(50.3369478415091,-2.,-16.1356407460364));
#5899=CARTESIAN_POINT('Ctrl Pts',(50.3628942507062,-2.,-14.1510126068122));
#5900=CARTESIAN_POINT('Ctrl Pts',(50.096646738621,-2.,-12.1826809588417));
#5901=CARTESIAN_POINT('',(49.3637923172476,8.5,-20.4302069891589));
#5902=CARTESIAN_POINT('Ctrl Pts',(58.2322070337476,8.5,-12.1324674169342));
#5903=CARTESIAN_POINT('Ctrl Pts',(58.2322070337476,-2.,-12.1324674169342));
#5904=CARTESIAN_POINT('Ctrl Pts',(55.867024113039,8.5,-12.5508158905391));
#5905=CARTESIAN_POINT('Ctrl Pts',(55.867024113039,-2.,-12.5508158905391));
#5906=CARTESIAN_POINT('Ctrl Pts',(53.439131531165,8.5,-12.6144148436349));
#5907=CARTESIAN_POINT('Ctrl Pts',(53.439131531165,-2.,-12.6144148436349));
#5908=CARTESIAN_POINT('Ctrl Pts',(51.0551580247023,8.5,-12.3204106477523));
#5909=CARTESIAN_POINT('Ctrl Pts',(51.0551580247023,-2.,-12.3204106477523));
#5910=CARTESIAN_POINT('Ctrl Pts',(50.7347454060064,8.5,-12.280895672416));
#5911=CARTESIAN_POINT('Ctrl Pts',(50.7347454060064,-2.,-12.280895672416));
#5912=CARTESIAN_POINT('Ctrl Pts',(50.4151599154182,8.5,-12.2349727612351));
#5913=CARTESIAN_POINT('Ctrl Pts',(50.4151599154182,-2.,-12.2349727612351));
#5914=CARTESIAN_POINT('Ctrl Pts',(50.096646738621,8.5,-12.1826809588417));
#5915=CARTESIAN_POINT('Ctrl Pts',(50.096646738621,-2.,-12.1826809588417));
#5916=CARTESIAN_POINT('',(58.2322070337476,8.5,-12.1324674169342));
#5917=CARTESIAN_POINT('Ctrl Pts',(58.2322070337476,8.5,-12.1324674169342));
#5918=CARTESIAN_POINT('Ctrl Pts',(55.867024113039,8.5,-12.5508158905391));
#5919=CARTESIAN_POINT('Ctrl Pts',(53.439131531165,8.5,-12.6144148436349));
#5920=CARTESIAN_POINT('Ctrl Pts',(51.0551580247023,8.5,-12.3204106477523));
#5921=CARTESIAN_POINT('Ctrl Pts',(50.7347454060064,8.5,-12.280895672416));
#5922=CARTESIAN_POINT('Ctrl Pts',(50.4151599154182,8.5,-12.2349727612351));
#5923=CARTESIAN_POINT('Ctrl Pts',(50.096646738621,8.5,-12.1826809588417));
#5924=CARTESIAN_POINT('',(58.2322070337476,-2.,-12.1324674169342));
#5925=CARTESIAN_POINT('',(58.2322070337476,8.5,-12.1324674169342));
#5926=CARTESIAN_POINT('Ctrl Pts',(50.096646738621,-2.,-12.1826809588417));
#5927=CARTESIAN_POINT('Ctrl Pts',(50.4151599154182,-2.,-12.2349727612351));
#5928=CARTESIAN_POINT('Ctrl Pts',(50.7347454060064,-2.,-12.280895672416));
#5929=CARTESIAN_POINT('Ctrl Pts',(51.0551580247023,-2.,-12.3204106477523));
#5930=CARTESIAN_POINT('Ctrl Pts',(53.439131531165,-2.,-12.6144148436349));
#5931=CARTESIAN_POINT('Ctrl Pts',(55.867024113039,-2.,-12.5508158905391));
#5932=CARTESIAN_POINT('Ctrl Pts',(58.2322070337476,-2.,-12.1324674169342));
#5933=CARTESIAN_POINT('Ctrl Pts',(58.9512989515011,8.5,-20.3880804903148));
#5934=CARTESIAN_POINT('Ctrl Pts',(58.9512989515011,-2.,-20.3880804903148));
#5935=CARTESIAN_POINT('Ctrl Pts',(58.5897902447813,8.5,-19.3662215807827));
#5936=CARTESIAN_POINT('Ctrl Pts',(58.5897902447813,-2.,-19.3662215807827));
#5937=CARTESIAN_POINT('Ctrl Pts',(58.3290227211163,8.5,-18.3090752671941));
#5938=CARTESIAN_POINT('Ctrl Pts',(58.3290227211163,-2.,-18.3090752671941));
#5939=CARTESIAN_POINT('Ctrl Pts',(58.1762559656065,8.5,-17.2315297317918));
#5940=CARTESIAN_POINT('Ctrl Pts',(58.1762559656065,-2.,-17.2315297317918));
#5941=CARTESIAN_POINT('Ctrl Pts',(57.9367273460991,8.5,-15.5420064209778));
#5942=CARTESIAN_POINT('Ctrl Pts',(57.9367273460991,-2.,-15.5420064209778));
#5943=CARTESIAN_POINT('Ctrl Pts',(57.9673708988936,8.5,-13.8266532178341));
#5944=CARTESIAN_POINT('Ctrl Pts',(57.9673708988936,-2.,-13.8266532178341));
#5945=CARTESIAN_POINT('Ctrl Pts',(58.2322070337476,8.5,-12.1324674169342));
#5946=CARTESIAN_POINT('Ctrl Pts',(58.2322070337476,-2.,-12.1324674169342));
#5947=CARTESIAN_POINT('',(58.9512989515011,8.5,-20.3880804903148));
#5948=CARTESIAN_POINT('Ctrl Pts',(58.9512989515011,8.5,-20.3880804903148));
#5949=CARTESIAN_POINT('Ctrl Pts',(58.5897902447813,8.5,-19.3662215807827));
#5950=CARTESIAN_POINT('Ctrl Pts',(58.3290227211163,8.5,-18.3090752671941));
#5951=CARTESIAN_POINT('Ctrl Pts',(58.1762559656065,8.5,-17.2315297317918));
#5952=CARTESIAN_POINT('Ctrl Pts',(57.9367273460991,8.5,-15.5420064209778));
#5953=CARTESIAN_POINT('Ctrl Pts',(57.9673708988936,8.5,-13.8266532178341));
#5954=CARTESIAN_POINT('Ctrl Pts',(58.2322070337476,8.5,-12.1324674169342));
#5955=CARTESIAN_POINT('',(58.9512989515011,-2.,-20.3880804903148));
#5956=CARTESIAN_POINT('',(58.9512989515011,8.5,-20.3880804903148));
#5957=CARTESIAN_POINT('Ctrl Pts',(58.2322070337476,-2.,-12.1324674169342));
#5958=CARTESIAN_POINT('Ctrl Pts',(57.9673708988936,-2.,-13.8266532178341));
#5959=CARTESIAN_POINT('Ctrl Pts',(57.9367273460991,-2.,-15.5420064209778));
#5960=CARTESIAN_POINT('Ctrl Pts',(58.1762559656065,-2.,-17.2315297317918));
#5961=CARTESIAN_POINT('Ctrl Pts',(58.3290227211163,-2.,-18.3090752671941));
#5962=CARTESIAN_POINT('Ctrl Pts',(58.5897902447813,-2.,-19.3662215807827));
#5963=CARTESIAN_POINT('Ctrl Pts',(58.9512989515011,-2.,-20.3880804903148));
#5964=CARTESIAN_POINT('Origin',(54.3063318612339,8.5,-54.2711777621161));
#5965=CARTESIAN_POINT('Origin',(54.3063318612339,8.5,-54.2711777621161));
#5966=CARTESIAN_POINT('Origin',(54.3063318612339,-2.,-54.2711777621161));
#5967=CARTESIAN_POINT('Origin',(-54.271180486945,8.5,-54.3063318612337));
#5968=CARTESIAN_POINT('',(-20.4287819409656,8.5,-49.3735780000432));
#5969=CARTESIAN_POINT('',(-20.3909714160856,8.5,-58.9723187145002));
#5970=CARTESIAN_POINT('Origin',(-54.271180486945,8.5,-54.3063318612337));
#5971=CARTESIAN_POINT('',(-20.4287819409656,-2.,-49.3735780000432));
#5972=CARTESIAN_POINT('',(-20.4287819409656,8.5,-49.3735780000432));
#5973=CARTESIAN_POINT('',(-20.3909714160856,-2.,-58.9723187145002));
#5974=CARTESIAN_POINT('Origin',(-54.271180486945,-2.,-54.3063318612337));
#5975=CARTESIAN_POINT('',(-20.3909714160856,8.5,-58.9723187145002));
#5976=CARTESIAN_POINT('Ctrl Pts',(-12.1822897536232,8.5,-50.0769179956168));
#5977=CARTESIAN_POINT('Ctrl Pts',(-12.1822897536232,-2.,-50.0769179956168));
#5978=CARTESIAN_POINT('Ctrl Pts',(-14.0987408957451,8.5,-50.3474196531301));
#5979=CARTESIAN_POINT('Ctrl Pts',(-14.0987408957451,-2.,-50.3474196531301));
#5980=CARTESIAN_POINT('Ctrl Pts',(-16.0333781341082,8.5,-50.3376743560405));
#5981=CARTESIAN_POINT('Ctrl Pts',(-16.0333781341082,-2.,-50.3376743560405));
#5982=CARTESIAN_POINT('Ctrl Pts',(-17.9225934097505,8.5,-50.0074258929386));
#5983=CARTESIAN_POINT('Ctrl Pts',(-17.9225934097505,-2.,-50.0074258929386));
#5984=CARTESIAN_POINT('Ctrl Pts',(-18.7739085911167,8.5,-49.8586098559912));
#5985=CARTESIAN_POINT('Ctrl Pts',(-18.7739085911167,-2.,-49.8586098559912));
#5986=CARTESIAN_POINT('Ctrl Pts',(-19.6115971414219,8.5,-49.6462319134216));
#5987=CARTESIAN_POINT('Ctrl Pts',(-19.6115971414219,-2.,-49.6462319134216));
#5988=CARTESIAN_POINT('Ctrl Pts',(-20.4287819389248,8.5,-49.3735780007241));
#5989=CARTESIAN_POINT('Ctrl Pts',(-20.4287819389248,-2.,-49.3735780007241));
#5990=CARTESIAN_POINT('',(-12.1822897536232,8.5,-50.0769179956168));
#5991=CARTESIAN_POINT('Ctrl Pts',(-12.1822897536232,8.5,-50.0769179956168));
#5992=CARTESIAN_POINT('Ctrl Pts',(-14.0987408957451,8.5,-50.3474196531301));
#5993=CARTESIAN_POINT('Ctrl Pts',(-16.0333781341082,8.5,-50.3376743560405));
#5994=CARTESIAN_POINT('Ctrl Pts',(-17.9225934097505,8.5,-50.0074258929386));
#5995=CARTESIAN_POINT('Ctrl Pts',(-18.7739085911167,8.5,-49.8586098559912));
#5996=CARTESIAN_POINT('Ctrl Pts',(-19.6115971414219,8.5,-49.6462319134216));
#5997=CARTESIAN_POINT('Ctrl Pts',(-20.4287819389248,8.5,-49.3735780007241));
#5998=CARTESIAN_POINT('',(-12.1822897536232,-2.,-50.0769179956168));
#5999=CARTESIAN_POINT('',(-12.1822897536232,8.5,-50.0769179956168));
#6000=CARTESIAN_POINT('Ctrl Pts',(-20.4287819389248,-2.,-49.3735780007241));
#6001=CARTESIAN_POINT('Ctrl Pts',(-19.6115971414219,-2.,-49.6462319134216));
#6002=CARTESIAN_POINT('Ctrl Pts',(-18.7739085911167,-2.,-49.8586098559912));
#6003=CARTESIAN_POINT('Ctrl Pts',(-17.9225934097505,-2.,-50.0074258929386));
#6004=CARTESIAN_POINT('Ctrl Pts',(-16.0333781341082,-2.,-50.3376743560405));
#6005=CARTESIAN_POINT('Ctrl Pts',(-14.0987408957451,-2.,-50.3474196531301));
#6006=CARTESIAN_POINT('Ctrl Pts',(-12.1822897536232,-2.,-50.0769179956168));
#6007=CARTESIAN_POINT('Origin',(11.6915594766554,8.5,-54.0366304763324));
#6008=CARTESIAN_POINT('',(-12.1378566201527,8.5,-58.2555081096833));
#6009=CARTESIAN_POINT('Origin',(11.6915594766554,8.5,-54.0366304763324));
#6010=CARTESIAN_POINT('',(-12.1378566201527,-2.,-58.2555081096833));
#6011=CARTESIAN_POINT('',(-12.1378566201527,8.5,-58.2555081096833));
#6012=CARTESIAN_POINT('Origin',(11.6915594766554,-2.,-54.0366304763324));
#6013=CARTESIAN_POINT('Ctrl Pts',(-20.3909714160855,8.5,-58.9723187145002));
#6014=CARTESIAN_POINT('Ctrl Pts',(-20.3909714160855,-2.,-58.9723187145002));
#6015=CARTESIAN_POINT('Ctrl Pts',(-19.3458249696006,8.5,-58.6028508237512));
#6016=CARTESIAN_POINT('Ctrl Pts',(-19.3458249696006,-2.,-58.6028508237512));
#6017=CARTESIAN_POINT('Ctrl Pts',(-18.2638234414684,8.5,-58.3388538824052));
#6018=CARTESIAN_POINT('Ctrl Pts',(-18.2638234414684,-2.,-58.3388538824052));
#6019=CARTESIAN_POINT('Ctrl Pts',(-17.1610385219877,8.5,-58.1879443278273));
#6020=CARTESIAN_POINT('Ctrl Pts',(-17.1610385219877,-2.,-58.1879443278273));
#6021=CARTESIAN_POINT('Ctrl Pts',(-15.4956348803562,8.5,-57.9600437487466));
#6022=CARTESIAN_POINT('Ctrl Pts',(-15.4956348803562,-2.,-57.9600437487466));
#6023=CARTESIAN_POINT('Ctrl Pts',(-13.8064202409645,8.5,-57.9942061365107));
#6024=CARTESIAN_POINT('Ctrl Pts',(-13.8064202409645,-2.,-57.9942061365107));
#6025=CARTESIAN_POINT('Ctrl Pts',(-12.1378566201527,8.5,-58.2555081096834));
#6026=CARTESIAN_POINT('Ctrl Pts',(-12.1378566201527,-2.,-58.2555081096834));
#6027=CARTESIAN_POINT('Ctrl Pts',(-20.3909714160855,8.5,-58.9723187145002));
#6028=CARTESIAN_POINT('Ctrl Pts',(-19.3458249696006,8.5,-58.6028508237512));
#6029=CARTESIAN_POINT('Ctrl Pts',(-18.2638234414684,8.5,-58.3388538824052));
#6030=CARTESIAN_POINT('Ctrl Pts',(-17.1610385219877,8.5,-58.1879443278273));
#6031=CARTESIAN_POINT('Ctrl Pts',(-15.4956348803562,8.5,-57.9600437487466));
#6032=CARTESIAN_POINT('Ctrl Pts',(-13.8064202409645,8.5,-57.9942061365107));
#6033=CARTESIAN_POINT('Ctrl Pts',(-12.1378566201528,8.5,-58.2555081096834));
#6034=CARTESIAN_POINT('Ctrl Pts',(-12.1378566201528,-2.,-58.2555081096834));
#6035=CARTESIAN_POINT('Ctrl Pts',(-13.8064202409645,-2.,-57.9942061365107));
#6036=CARTESIAN_POINT('Ctrl Pts',(-15.4956348803562,-2.,-57.9600437487466));
#6037=CARTESIAN_POINT('Ctrl Pts',(-17.1610385219877,-2.,-58.1879443278273));
#6038=CARTESIAN_POINT('Ctrl Pts',(-18.2638234414684,-2.,-58.3388538824052));
#6039=CARTESIAN_POINT('Ctrl Pts',(-19.3458249696006,-2.,-58.6028508237512));
#6040=CARTESIAN_POINT('Ctrl Pts',(-20.3909714160855,-2.,-58.9723187145002));
#6041=CARTESIAN_POINT('Ctrl Pts',(20.3756892171476,8.5,59.0085790544889));
#6042=CARTESIAN_POINT('Ctrl Pts',(20.3756892171476,-2.,59.0085790544889));
#6043=CARTESIAN_POINT('Ctrl Pts',(19.3314362066697,8.5,58.6397324195831));
#6044=CARTESIAN_POINT('Ctrl Pts',(19.3314362066697,-2.,58.6397324195831));
#6045=CARTESIAN_POINT('Ctrl Pts',(18.2504243419728,8.5,58.3761337688106));
#6046=CARTESIAN_POINT('Ctrl Pts',(18.2504243419728,-2.,58.3761337688106));
#6047=CARTESIAN_POINT('Ctrl Pts',(17.1486713393233,8.5,58.2253526750122));
#6048=CARTESIAN_POINT('Ctrl Pts',(17.1486713393233,-2.,58.2253526750122));
#6049=CARTESIAN_POINT('Ctrl Pts',(15.4852834679879,8.5,57.9977086912446));
#6050=CARTESIAN_POINT('Ctrl Pts',(15.4852834679879,-2.,57.9977086912446));
#6051=CARTESIAN_POINT('Ctrl Pts',(13.7981444720803,8.5,58.03134931264));
#6052=CARTESIAN_POINT('Ctrl Pts',(13.7981444720803,-2.,58.03134931264));
#6053=CARTESIAN_POINT('Ctrl Pts',(12.1314561476733,8.5,58.2915013983496));
#6054=CARTESIAN_POINT('Ctrl Pts',(12.1314561476733,-2.,58.2915013983496));
#6055=CARTESIAN_POINT('',(20.3756892171477,8.5,59.008579054489));
#6056=CARTESIAN_POINT('',(12.1314561476733,8.5,58.2915013983496));
#6057=CARTESIAN_POINT('Ctrl Pts',(20.3756892171476,8.5,59.0085790544889));
#6058=CARTESIAN_POINT('Ctrl Pts',(19.3314362066697,8.5,58.6397324195831));
#6059=CARTESIAN_POINT('Ctrl Pts',(18.2504243419728,8.5,58.3761337688106));
#6060=CARTESIAN_POINT('Ctrl Pts',(17.1486713393233,8.5,58.2253526750122));
#6061=CARTESIAN_POINT('Ctrl Pts',(15.4852834679879,8.5,57.9977086912446));
#6062=CARTESIAN_POINT('Ctrl Pts',(13.7981444720803,8.5,58.03134931264));
#6063=CARTESIAN_POINT('Ctrl Pts',(12.1314561476733,8.5,58.2915013983496));
#6064=CARTESIAN_POINT('',(20.3756892171477,-2.,59.008579054489));
#6065=CARTESIAN_POINT('',(20.3756892171477,8.5,59.008579054489));
#6066=CARTESIAN_POINT('',(12.1314561476733,-2.,58.2915013983496));
#6067=CARTESIAN_POINT('Ctrl Pts',(12.1314561476733,-2.,58.2915013983496));
#6068=CARTESIAN_POINT('Ctrl Pts',(13.7981444720803,-2.,58.03134931264));
#6069=CARTESIAN_POINT('Ctrl Pts',(15.4852834679879,-2.,57.9977086912446));
#6070=CARTESIAN_POINT('Ctrl Pts',(17.1486713393233,-2.,58.2253526750122));
#6071=CARTESIAN_POINT('Ctrl Pts',(18.2504243419728,-2.,58.3761337688106));
#6072=CARTESIAN_POINT('Ctrl Pts',(19.3314362066697,-2.,58.6397324195831));
#6073=CARTESIAN_POINT('Ctrl Pts',(20.3756892171476,-2.,59.0085790544889));
#6074=CARTESIAN_POINT('',(12.1314561476733,8.5,58.2915013983496));
#6075=CARTESIAN_POINT('Ctrl Pts',(20.4148036001143,8.5,49.3422233351631));
#6076=CARTESIAN_POINT('Ctrl Pts',(20.4148036001143,-2.,49.3422233351631));
#6077=CARTESIAN_POINT('Ctrl Pts',(19.9451108329139,8.5,52.5398876853833));
#6078=CARTESIAN_POINT('Ctrl Pts',(19.9451108329139,-2.,52.5398876853833));
#6079=CARTESIAN_POINT('Ctrl Pts',(19.9317594087764,8.5,55.8062780760556));
#6080=CARTESIAN_POINT('Ctrl Pts',(19.9317594087764,-2.,55.8062780760556));
#6081=CARTESIAN_POINT('Ctrl Pts',(20.3756892171477,8.5,59.008579054489));
#6082=CARTESIAN_POINT('Ctrl Pts',(20.3756892171477,-2.,59.008579054489));
#6083=CARTESIAN_POINT('',(20.4148036001143,8.5,49.3422233351631));
#6084=CARTESIAN_POINT('Ctrl Pts',(20.4148036001143,8.5,49.3422233351631));
#6085=CARTESIAN_POINT('Ctrl Pts',(19.9451108329139,8.5,52.5398876853833));
#6086=CARTESIAN_POINT('Ctrl Pts',(19.9317594087764,8.5,55.8062780760556));
#6087=CARTESIAN_POINT('Ctrl Pts',(20.3756892171477,8.5,59.008579054489));
#6088=CARTESIAN_POINT('',(20.4148036001143,-2.,49.3422233351631));
#6089=CARTESIAN_POINT('',(20.4148036001143,8.5,49.3422233351631));
#6090=CARTESIAN_POINT('Ctrl Pts',(20.3756892171477,-2.,59.008579054489));
#6091=CARTESIAN_POINT('Ctrl Pts',(19.9317594087764,-2.,55.8062780760556));
#6092=CARTESIAN_POINT('Ctrl Pts',(19.9451108329139,-2.,52.5398876853833));
#6093=CARTESIAN_POINT('Ctrl Pts',(20.4148036001143,-2.,49.3422233351631));
#6094=CARTESIAN_POINT('Ctrl Pts',(12.177085956959,8.5,50.0456700449933));
#6095=CARTESIAN_POINT('Ctrl Pts',(12.177085956959,-2.,50.0456700449933));
#6096=CARTESIAN_POINT('Ctrl Pts',(14.0920478276045,8.5,50.3150991205531));
#6097=CARTESIAN_POINT('Ctrl Pts',(14.0920478276045,-2.,50.3150991205531));
#6098=CARTESIAN_POINT('Ctrl Pts',(16.0249876273664,8.5,50.3048612722018));
#6099=CARTESIAN_POINT('Ctrl Pts',(16.0249876273664,-2.,50.3048612722018));
#6100=CARTESIAN_POINT('Ctrl Pts',(17.9125745891936,8.5,49.9748087152671));
#6101=CARTESIAN_POINT('Ctrl Pts',(17.9125745891936,-2.,49.9748087152671));
#6102=CARTESIAN_POINT('Ctrl Pts',(18.7625155768915,8.5,49.8261929418451));
#6103=CARTESIAN_POINT('Ctrl Pts',(18.7625155768915,-2.,49.8261929418451));
#6104=CARTESIAN_POINT('Ctrl Pts',(19.5988741107126,8.5,49.6142444334684));
#6105=CARTESIAN_POINT('Ctrl Pts',(19.5988741107126,-2.,49.6142444334684));
#6106=CARTESIAN_POINT('Ctrl Pts',(20.4148035980745,8.5,49.3422233358431));
#6107=CARTESIAN_POINT('Ctrl Pts',(20.4148035980745,-2.,49.3422233358431));
#6108=CARTESIAN_POINT('',(12.177085956959,8.5,50.0456700449933));
#6109=CARTESIAN_POINT('Ctrl Pts',(12.177085956959,8.5,50.0456700449933));
#6110=CARTESIAN_POINT('Ctrl Pts',(14.0920478276045,8.5,50.3150991205531));
#6111=CARTESIAN_POINT('Ctrl Pts',(16.0249876273664,8.5,50.3048612722018));
#6112=CARTESIAN_POINT('Ctrl Pts',(17.9125745891936,8.5,49.9748087152671));
#6113=CARTESIAN_POINT('Ctrl Pts',(18.7625155768915,8.5,49.8261929418451));
#6114=CARTESIAN_POINT('Ctrl Pts',(19.5988741107126,8.5,49.6142444334684));
#6115=CARTESIAN_POINT('Ctrl Pts',(20.4148035980745,8.5,49.3422233358431));
#6116=CARTESIAN_POINT('',(12.177085956959,-2.,50.0456700449933));
#6117=CARTESIAN_POINT('',(12.177085956959,8.5,50.0456700449933));
#6118=CARTESIAN_POINT('Ctrl Pts',(20.4148035980745,-2.,49.3422233358431));
#6119=CARTESIAN_POINT('Ctrl Pts',(19.5988741107126,-2.,49.6142444334684));
#6120=CARTESIAN_POINT('Ctrl Pts',(18.7625155768915,-2.,49.8261929418451));
#6121=CARTESIAN_POINT('Ctrl Pts',(17.9125745891936,-2.,49.9748087152671));
#6122=CARTESIAN_POINT('Ctrl Pts',(16.0249876273664,-2.,50.3048612722018));
#6123=CARTESIAN_POINT('Ctrl Pts',(14.0920478276045,-2.,50.3150991205531));
#6124=CARTESIAN_POINT('Ctrl Pts',(12.177085956959,-2.,50.0456700449933));
#6125=CARTESIAN_POINT('Origin',(-11.691559476654,8.5,54.0366304763276));
#6126=CARTESIAN_POINT('Origin',(-11.691559476654,8.5,54.0366304763276));
#6127=CARTESIAN_POINT('Origin',(-11.691559476654,-2.,54.0366304763276));
#6128=CARTESIAN_POINT('Ctrl Pts',(-58.9723248745143,8.5,20.3909695396139));
#6129=CARTESIAN_POINT('Ctrl Pts',(-58.9723248745143,-2.,20.3909695396139));
#6130=CARTESIAN_POINT('Ctrl Pts',(-58.6028570289757,8.5,19.3458229855851));
#6131=CARTESIAN_POINT('Ctrl Pts',(-58.6028570289757,-2.,19.3458229855851));
#6132=CARTESIAN_POINT('Ctrl Pts',(-58.338860151278,8.5,18.2638213512119));
#6133=CARTESIAN_POINT('Ctrl Pts',(-58.338860151278,-2.,18.2638213512119));
#6134=CARTESIAN_POINT('Ctrl Pts',(-58.1879506779885,8.5,17.1610363297701));
#6135=CARTESIAN_POINT('Ctrl Pts',(-58.1879506779885,-2.,17.1610363297701));
#6136=CARTESIAN_POINT('Ctrl Pts',(-57.9600503090906,8.5,15.4956331730077));
#6137=CARTESIAN_POINT('Ctrl Pts',(-57.9600503090906,-2.,15.4956331730077));
#6138=CARTESIAN_POINT('Ctrl Pts',(-57.9942127430593,8.5,13.8064190577401));
#6139=CARTESIAN_POINT('Ctrl Pts',(-57.9942127430593,-2.,13.8064190577401));
#6140=CARTESIAN_POINT('Ctrl Pts',(-58.2555146251063,8.5,12.1378559490469));
#6141=CARTESIAN_POINT('Ctrl Pts',(-58.2555146251063,-2.,12.1378559490469));
#6142=CARTESIAN_POINT('',(-58.9723248745143,8.5,20.3909695396139));
#6143=CARTESIAN_POINT('',(-58.2555146251063,8.5,12.1378559490468));
#6144=CARTESIAN_POINT('Ctrl Pts',(-58.9723248745143,8.5,20.390969539614));
#6145=CARTESIAN_POINT('Ctrl Pts',(-58.6028570289757,8.5,19.3458229855852));
#6146=CARTESIAN_POINT('Ctrl Pts',(-58.338860151278,8.5,18.2638213512119));
#6147=CARTESIAN_POINT('Ctrl Pts',(-58.1879506779885,8.5,17.1610363297701));
#6148=CARTESIAN_POINT('Ctrl Pts',(-57.9600503090906,8.5,15.4956331730076));
#6149=CARTESIAN_POINT('Ctrl Pts',(-57.9942127430593,8.5,13.8064190577401));
#6150=CARTESIAN_POINT('Ctrl Pts',(-58.2555146251063,8.5,12.1378559490468));
#6151=CARTESIAN_POINT('',(-58.9723248745143,-2.,20.3909695396139));
#6152=CARTESIAN_POINT('',(-58.9723248745143,8.5,20.3909695396139));
#6153=CARTESIAN_POINT('',(-58.2555146251063,-2.,12.1378559490468));
#6154=CARTESIAN_POINT('Ctrl Pts',(-58.2555146251063,-2.,12.1378559490468));
#6155=CARTESIAN_POINT('Ctrl Pts',(-57.9942127430593,-2.,13.8064190577401));
#6156=CARTESIAN_POINT('Ctrl Pts',(-57.9600503090906,-2.,15.4956331730076));
#6157=CARTESIAN_POINT('Ctrl Pts',(-58.1879506779885,-2.,17.1610363297701));
#6158=CARTESIAN_POINT('Ctrl Pts',(-58.338860151278,-2.,18.2638213512119));
#6159=CARTESIAN_POINT('Ctrl Pts',(-58.6028570289757,-2.,19.3458229855852));
#6160=CARTESIAN_POINT('Ctrl Pts',(-58.9723248745143,-2.,20.390969539614));
#6161=CARTESIAN_POINT('',(-58.2555146251063,8.5,12.1378559490468));
#6162=CARTESIAN_POINT('Origin',(-54.3063318612326,8.5,54.2711777621148));
#6163=CARTESIAN_POINT('',(-49.3735749516294,8.5,20.4287796604617));
#6164=CARTESIAN_POINT('Origin',(-54.3063318612326,8.5,54.2711777621148));
#6165=CARTESIAN_POINT('',(-49.3735749516294,-2.,20.4287796604617));
#6166=CARTESIAN_POINT('',(-49.3735749516294,8.5,20.4287796604617));
#6167=CARTESIAN_POINT('Origin',(-54.3063318612326,-2.,54.2711777621148));
#6168=CARTESIAN_POINT('Ctrl Pts',(-50.0769146420369,8.5,12.1822887454585));
#6169=CARTESIAN_POINT('Ctrl Pts',(-50.0769146420369,-2.,12.1822887454585));
#6170=CARTESIAN_POINT('Ctrl Pts',(-50.3474161731549,8.5,14.0987393621869));
#6171=CARTESIAN_POINT('Ctrl Pts',(-50.3474161731549,-2.,14.0987393621869));
#6172=CARTESIAN_POINT('Ctrl Pts',(-50.3376709156246,8.5,16.0333760567053));
#6173=CARTESIAN_POINT('Ctrl Pts',(-50.3376709156246,-2.,16.0333760567053));
#6174=CARTESIAN_POINT('Ctrl Pts',(-50.0074226983775,8.5,17.9225908415196));
#6175=CARTESIAN_POINT('Ctrl Pts',(-50.0074226983775,-2.,17.9225908415196));
#6176=CARTESIAN_POINT('Ctrl Pts',(-49.8586067173635,8.5,18.7739061155027));
#6177=CARTESIAN_POINT('Ctrl Pts',(-49.8586067173635,-2.,18.7739061155027));
#6178=CARTESIAN_POINT('Ctrl Pts',(-49.6462288235882,8.5,19.6115947622159));
#6179=CARTESIAN_POINT('Ctrl Pts',(-49.6462288235882,-2.,19.6115947622159));
#6180=CARTESIAN_POINT('Ctrl Pts',(-49.3735749523103,8.5,20.4287796584209));
#6181=CARTESIAN_POINT('Ctrl Pts',(-49.3735749523103,-2.,20.4287796584209));
#6182=CARTESIAN_POINT('',(-50.0769146420369,8.5,12.1822887454585));
#6183=CARTESIAN_POINT('Ctrl Pts',(-50.0769146420369,8.5,12.1822887454585));
#6184=CARTESIAN_POINT('Ctrl Pts',(-50.3474161731549,8.5,14.0987393621869));
#6185=CARTESIAN_POINT('Ctrl Pts',(-50.3376709156246,8.5,16.0333760567053));
#6186=CARTESIAN_POINT('Ctrl Pts',(-50.0074226983775,8.5,17.9225908415196));
#6187=CARTESIAN_POINT('Ctrl Pts',(-49.8586067173635,8.5,18.7739061155027));
#6188=CARTESIAN_POINT('Ctrl Pts',(-49.6462288235882,8.5,19.6115947622159));
#6189=CARTESIAN_POINT('Ctrl Pts',(-49.3735749523103,8.5,20.4287796584209));
#6190=CARTESIAN_POINT('',(-50.0769146420369,-2.,12.1822887454585));
#6191=CARTESIAN_POINT('',(-50.0769146420369,8.5,12.1822887454585));
#6192=CARTESIAN_POINT('Ctrl Pts',(-49.3735749523103,-2.,20.4287796584209));
#6193=CARTESIAN_POINT('Ctrl Pts',(-49.6462288235882,-2.,19.6115947622159));
#6194=CARTESIAN_POINT('Ctrl Pts',(-49.8586067173635,-2.,18.7739061155027));
#6195=CARTESIAN_POINT('Ctrl Pts',(-50.0074226983775,-2.,17.9225908415196));
#6196=CARTESIAN_POINT('Ctrl Pts',(-50.3376709156246,-2.,16.0333760567053));
#6197=CARTESIAN_POINT('Ctrl Pts',(-50.3474161731549,-2.,14.0987393621869));
#6198=CARTESIAN_POINT('Ctrl Pts',(-50.0769146420369,-2.,12.1822887454585));
#6199=CARTESIAN_POINT('Origin',(-54.0366332011613,8.5,-11.6915594766553));
#6200=CARTESIAN_POINT('Origin',(-54.0366332011613,8.5,-11.6915594766553));
#6201=CARTESIAN_POINT('Origin',(-54.0366332011613,-2.,-11.6915594766553));
#6202=CARTESIAN_POINT('Ctrl Pts',(-44.6410296044017,8.5,10.610069007663));
#6203=CARTESIAN_POINT('Ctrl Pts',(-44.6410296044017,-2.,10.610069007663));
#6204=CARTESIAN_POINT('Ctrl Pts',(-44.8697548728201,8.5,11.4191235296905));
#6205=CARTESIAN_POINT('Ctrl Pts',(-44.8697548728201,-2.,11.4191235296905));
#6206=CARTESIAN_POINT('Ctrl Pts',(-45.248581311686,8.5,13.1177937600043));
#6207=CARTESIAN_POINT('Ctrl Pts',(-45.248581311686,-2.,13.1177937600043));
#6208=CARTESIAN_POINT('Ctrl Pts',(-45.4511090709252,8.5,15.454487701418));
#6209=CARTESIAN_POINT('Ctrl Pts',(-45.4511090709252,-2.,15.454487701418));
#6210=CARTESIAN_POINT('Ctrl Pts',(-45.1569262275027,8.5,17.6768444385106));
#6211=CARTESIAN_POINT('Ctrl Pts',(-45.1569262275027,-2.,17.6768444385106));
#6212=CARTESIAN_POINT('Ctrl Pts',(-44.367885390867,8.5,19.7852904211775));
#6213=CARTESIAN_POINT('Ctrl Pts',(-44.367885390867,-2.,19.7852904211775));
#6214=CARTESIAN_POINT('Ctrl Pts',(-43.6248042779319,8.5,21.147911283201));
#6215=CARTESIAN_POINT('Ctrl Pts',(-43.6248042779319,-2.,21.147911283201));
#6216=CARTESIAN_POINT('Ctrl Pts',(-43.2546957583193,8.5,21.7413221449763));
#6217=CARTESIAN_POINT('Ctrl Pts',(-43.2546957583193,-2.,21.7413221449763));
#6218=CARTESIAN_POINT('',(-44.6410296044017,8.5,10.610069007663));
#6219=CARTESIAN_POINT('',(-43.2546957583156,8.5,21.7413221449822));
#6220=CARTESIAN_POINT('Ctrl Pts',(-44.6410296044017,8.5,10.610069007663));
#6221=CARTESIAN_POINT('Ctrl Pts',(-44.8697548728201,8.5,11.4191235296905));
#6222=CARTESIAN_POINT('Ctrl Pts',(-45.248581311686,8.5,13.1177937600043));
#6223=CARTESIAN_POINT('Ctrl Pts',(-45.4511090709253,8.5,15.4544877014194));
#6224=CARTESIAN_POINT('Ctrl Pts',(-45.1569262275023,8.5,17.6768444385133));
#6225=CARTESIAN_POINT('Ctrl Pts',(-44.3678853908656,8.5,19.7852904211813));
#6226=CARTESIAN_POINT('Ctrl Pts',(-43.6248042779292,8.5,21.1479112832058));
#6227=CARTESIAN_POINT('Ctrl Pts',(-43.2546957583156,8.5,21.7413221449822));
#6228=CARTESIAN_POINT('',(-43.2546957583156,-2.,21.7413221449822));
#6229=CARTESIAN_POINT('',(-43.2546957583193,8.5,21.7413221449763));
#6230=CARTESIAN_POINT('',(-44.6410296044017,-2.,10.610069007663));
#6231=CARTESIAN_POINT('Ctrl Pts',(-44.6410296044017,-2.,10.610069007663));
#6232=CARTESIAN_POINT('Ctrl Pts',(-44.8697548728201,-2.,11.4191235296905));
#6233=CARTESIAN_POINT('Ctrl Pts',(-45.248581311686,-2.,13.1177937600043));
#6234=CARTESIAN_POINT('Ctrl Pts',(-45.4511090709252,-2.,15.454487701418));
#6235=CARTESIAN_POINT('Ctrl Pts',(-45.1569262275027,-2.,17.6768444385106));
#6236=CARTESIAN_POINT('Ctrl Pts',(-44.367885390867,-2.,19.7852904211775));
#6237=CARTESIAN_POINT('Ctrl Pts',(-43.6248042779319,-2.,21.147911283201));
#6238=CARTESIAN_POINT('Ctrl Pts',(-43.2546957583193,-2.,21.7413221449763));
#6239=CARTESIAN_POINT('',(-44.6410296044017,8.5,10.610069007663));
#6240=CARTESIAN_POINT('Ctrl Pts',(-65.3593520528532,8.5,21.9065250582213));
#6241=CARTESIAN_POINT('Ctrl Pts',(-65.3593520528532,-2.,21.9065250582213));
#6242=CARTESIAN_POINT('Ctrl Pts',(-64.9260898020573,8.5,21.2939204187826));
#6243=CARTESIAN_POINT('Ctrl Pts',(-64.9260898020573,-2.,21.2939204187826));
#6244=CARTESIAN_POINT('Ctrl Pts',(-64.0752809528284,8.5,19.9146240529387));
#6245=CARTESIAN_POINT('Ctrl Pts',(-64.0752809528284,-2.,19.9146240529387));
#6246=CARTESIAN_POINT('Ctrl Pts',(-63.1590546181313,8.5,17.7519103795408));
#6247=CARTESIAN_POINT('Ctrl Pts',(-63.1590546181313,-2.,17.7519103795408));
#6248=CARTESIAN_POINT('Ctrl Pts',(-62.8215320276651,8.5,15.4667159435455));
#6249=CARTESIAN_POINT('Ctrl Pts',(-62.8215320276651,-2.,15.4667159435455));
#6250=CARTESIAN_POINT('Ctrl Pts',(-63.0667235344006,8.5,13.0581919668114));
#6251=CARTESIAN_POINT('Ctrl Pts',(-63.0667235344006,-2.,13.0581919668114));
#6252=CARTESIAN_POINT('Ctrl Pts',(-63.5136493965993,8.5,11.3112747544665));
#6253=CARTESIAN_POINT('Ctrl Pts',(-63.5136493965993,-2.,11.3112747544665));
#6254=CARTESIAN_POINT('Ctrl Pts',(-63.7918313346887,8.5,10.4551357480418));
#6255=CARTESIAN_POINT('Ctrl Pts',(-63.7918313346887,-2.,10.4551357480418));
#6256=CARTESIAN_POINT('',(-63.7918313346887,8.5,10.4551357480418));
#6257=CARTESIAN_POINT('',(-65.3593520528532,8.5,21.9065250582213));
#6258=CARTESIAN_POINT('Ctrl Pts',(-63.7918313346887,8.5,10.4551357480418));
#6259=CARTESIAN_POINT('Ctrl Pts',(-63.5136493965993,8.5,11.3112747544665));
#6260=CARTESIAN_POINT('Ctrl Pts',(-63.0667235344006,8.5,13.0581919668114));
#6261=CARTESIAN_POINT('Ctrl Pts',(-62.8215320276651,8.5,15.4667159435455));
#6262=CARTESIAN_POINT('Ctrl Pts',(-63.1590546181313,8.5,17.7519103795408));
#6263=CARTESIAN_POINT('Ctrl Pts',(-64.0752809528284,8.5,19.9146240529387));
#6264=CARTESIAN_POINT('Ctrl Pts',(-64.9260898020573,8.5,21.2939204187826));
#6265=CARTESIAN_POINT('Ctrl Pts',(-65.3593520528532,8.5,21.9065250582213));
#6266=CARTESIAN_POINT('',(-63.7918313346887,-2.,10.4551357480418));
#6267=CARTESIAN_POINT('',(-63.7918313346887,8.5,10.4551357480418));
#6268=CARTESIAN_POINT('',(-65.3593520528532,-2.,21.9065250582213));
#6269=CARTESIAN_POINT('Ctrl Pts',(-65.3593520528532,-2.,21.9065250582213));
#6270=CARTESIAN_POINT('Ctrl Pts',(-64.9260898020573,-2.,21.2939204187826));
#6271=CARTESIAN_POINT('Ctrl Pts',(-64.0752809528284,-2.,19.9146240529387));
#6272=CARTESIAN_POINT('Ctrl Pts',(-63.1590546181313,-2.,17.7519103795408));
#6273=CARTESIAN_POINT('Ctrl Pts',(-62.8215320276651,-2.,15.4667159435455));
#6274=CARTESIAN_POINT('Ctrl Pts',(-63.0667235344006,-2.,13.0581919668114));
#6275=CARTESIAN_POINT('Ctrl Pts',(-63.5136493965993,-2.,11.3112747544665));
#6276=CARTESIAN_POINT('Ctrl Pts',(-63.7918313346887,-2.,10.4551357480418));
#6277=CARTESIAN_POINT('',(-65.3593520528532,8.5,21.9065250582213));
#6278=CARTESIAN_POINT('Origin',(-7.38567585546255,7.5,30.2227822732176));
#6279=CARTESIAN_POINT('',(-26.,8.5,25.8213057769673));
#6280=CARTESIAN_POINT('',(-7.27235913972715,8.5,30.2495767384407));
#6281=CARTESIAN_POINT('',(-26.,-2.,25.8213057769673));
#6282=CARTESIAN_POINT('',(-26.,5.5,25.8213057769673));
#6283=CARTESIAN_POINT('',(-7.27235913972715,-2.,30.2495767384407));
#6284=CARTESIAN_POINT('Origin',(-54.3063318612326,7.5,54.2711777621148));
#6285=CARTESIAN_POINT('',(-80.5,-2.,32.2818223955713));
#6286=CARTESIAN_POINT('Origin',(-54.3063318612326,-2.,54.2711777621148));
#6287=CARTESIAN_POINT('',(-80.5,8.5,32.2818223955713));
#6288=CARTESIAN_POINT('',(-80.5,7.5,32.2818223955713));
#6289=CARTESIAN_POINT('Origin',(-54.3063318612326,8.5,54.2711777621148));
#6290=CARTESIAN_POINT('Origin',(-54.0366332011613,7.5,-11.6915594766553));
#6291=CARTESIAN_POINT('',(-30.2227849980514,-2.,-7.38567585546414));
#6292=CARTESIAN_POINT('Origin',(-54.0366332011613,-2.,-11.6915594766553));
#6293=CARTESIAN_POINT('',(-30.2227849980514,8.5,-7.38567585546414));
#6294=CARTESIAN_POINT('',(-30.2227849980514,7.5,-7.38567585546414));
#6295=CARTESIAN_POINT('Origin',(-54.0366332011613,8.5,-11.6915594766553));
#6296=CARTESIAN_POINT('Origin',(-54.0366332011613,7.5,-11.6915594766553));
#6297=CARTESIAN_POINT('',(-75.6664273129929,8.5,-0.838356876511239));
#6298=CARTESIAN_POINT('Origin',(-54.0366332011613,8.5,-11.6915594766553));
#6299=CARTESIAN_POINT('',(-75.6664273129929,-2.,-0.838356876511241));
#6300=CARTESIAN_POINT('',(-75.6664273129929,7.5,-0.838356876511241));
#6301=CARTESIAN_POINT('Origin',(-54.0366332011613,-2.,-11.6915594766553));
#6302=CARTESIAN_POINT('Ctrl Pts',(-10.6100717370605,8.5,-44.6410333581381));
#6303=CARTESIAN_POINT('Ctrl Pts',(-10.6100717370605,-2.,-44.6410333581381));
#6304=CARTESIAN_POINT('Ctrl Pts',(-11.4191259528645,8.5,-44.8697584908629));
#6305=CARTESIAN_POINT('Ctrl Pts',(-11.4191259528645,-2.,-44.8697584908629));
#6306=CARTESIAN_POINT('Ctrl Pts',(-13.1177960556448,8.5,-45.2485848248968));
#6307=CARTESIAN_POINT('Ctrl Pts',(-13.1177960556448,-2.,-45.2485848248968));
#6308=CARTESIAN_POINT('Ctrl Pts',(-15.4544899163214,8.5,-45.4511124617));
#6309=CARTESIAN_POINT('Ctrl Pts',(-15.4544899163214,-2.,-45.4511124617));
#6310=CARTESIAN_POINT('Ctrl Pts',(-17.6768465410788,8.5,-45.1569294804799));
#6311=CARTESIAN_POINT('Ctrl Pts',(-17.6768465410788,-2.,-45.1569294804799));
#6312=CARTESIAN_POINT('Ctrl Pts',(-19.7852923788894,8.5,-44.3678884862225));
#6313=CARTESIAN_POINT('Ctrl Pts',(-19.7852923788894,-2.,-44.3678884862225));
#6314=CARTESIAN_POINT('Ctrl Pts',(-21.1479133579382,8.5,-43.6248070913101));
#6315=CARTESIAN_POINT('Ctrl Pts',(-21.1479133579382,-2.,-43.6248070913101));
#6316=CARTESIAN_POINT('Ctrl Pts',(-21.7413242324587,8.5,-43.2546984537356));
#6317=CARTESIAN_POINT('Ctrl Pts',(-21.7413242324587,-2.,-43.2546984537356));
#6318=CARTESIAN_POINT('',(-10.6100717370605,8.5,-44.6410333581381));
#6319=CARTESIAN_POINT('',(-21.7413242324647,8.5,-43.2546984537319));
#6320=CARTESIAN_POINT('Ctrl Pts',(-10.6100717370605,8.5,-44.6410333581382));
#6321=CARTESIAN_POINT('Ctrl Pts',(-11.4191259528645,8.5,-44.8697584908629));
#6322=CARTESIAN_POINT('Ctrl Pts',(-13.1177960556448,8.5,-45.2485848248968));
#6323=CARTESIAN_POINT('Ctrl Pts',(-15.4544899163228,8.5,-45.4511124617001));
#6324=CARTESIAN_POINT('Ctrl Pts',(-17.6768465410814,8.5,-45.1569294804796));
#6325=CARTESIAN_POINT('Ctrl Pts',(-19.7852923788932,8.5,-44.3678884862211));
#6326=CARTESIAN_POINT('Ctrl Pts',(-21.1479133579431,8.5,-43.6248070913075));
#6327=CARTESIAN_POINT('Ctrl Pts',(-21.7413242324647,8.5,-43.2546984537319));
#6328=CARTESIAN_POINT('',(-21.7413242324647,-2.,-43.2546984537319));
#6329=CARTESIAN_POINT('',(-21.7413242324587,8.5,-43.2546984537356));
#6330=CARTESIAN_POINT('',(-10.6100717370605,-2.,-44.6410333581381));
#6331=CARTESIAN_POINT('Ctrl Pts',(-10.6100717370605,-2.,-44.6410333581382));
#6332=CARTESIAN_POINT('Ctrl Pts',(-11.4191259528645,-2.,-44.8697584908629));
#6333=CARTESIAN_POINT('Ctrl Pts',(-13.1177960556448,-2.,-45.2485848248968));
#6334=CARTESIAN_POINT('Ctrl Pts',(-15.4544899163214,-2.,-45.4511124617));
#6335=CARTESIAN_POINT('Ctrl Pts',(-17.6768465410788,-2.,-45.1569294804799));
#6336=CARTESIAN_POINT('Ctrl Pts',(-19.7852923788894,-2.,-44.3678884862225));
#6337=CARTESIAN_POINT('Ctrl Pts',(-21.1479133579382,-2.,-43.6248070913101));
#6338=CARTESIAN_POINT('Ctrl Pts',(-21.7413242324587,-2.,-43.2546984537356));
#6339=CARTESIAN_POINT('',(-10.6100717370605,8.5,-44.6410333581381));
#6340=CARTESIAN_POINT('Ctrl Pts',(-21.9065254718268,8.5,-65.3593452852905));
#6341=CARTESIAN_POINT('Ctrl Pts',(-21.9065254718268,-2.,-65.3593452852905));
#6342=CARTESIAN_POINT('Ctrl Pts',(-21.2939210320243,8.5,-64.9260831856219));
#6343=CARTESIAN_POINT('Ctrl Pts',(-21.2939210320243,-2.,-64.9260831856219));
#6344=CARTESIAN_POINT('Ctrl Pts',(-19.9146247425194,8.5,-64.0752743765787));
#6345=CARTESIAN_POINT('Ctrl Pts',(-19.9146247425194,-2.,-64.0752743765787));
#6346=CARTESIAN_POINT('Ctrl Pts',(-17.7519113467977,8.5,-63.1590481568646));
#6347=CARTESIAN_POINT('Ctrl Pts',(-17.7519113467977,-2.,-63.1590481568646));
#6348=CARTESIAN_POINT('Ctrl Pts',(-15.4667171937592,8.5,-62.8215255495326));
#6349=CARTESIAN_POINT('Ctrl Pts',(-15.4667171937592,-2.,-62.8215255495326));
#6350=CARTESIAN_POINT('Ctrl Pts',(-13.0581935062166,8.5,-63.0667169022985));
#6351=CARTESIAN_POINT('Ctrl Pts',(-13.0581935062166,-2.,-63.0667169022985));
#6352=CARTESIAN_POINT('Ctrl Pts',(-11.3112763509548,8.5,-63.5136426555898));
#6353=CARTESIAN_POINT('Ctrl Pts',(-11.3112763509548,-2.,-63.5136426555898));
#6354=CARTESIAN_POINT('Ctrl Pts',(-10.4551375770925,8.5,-63.7918244574647));
#6355=CARTESIAN_POINT('Ctrl Pts',(-10.4551375770925,-2.,-63.7918244574647));
#6356=CARTESIAN_POINT('',(-10.4551375770925,8.5,-63.7918244574647));
#6357=CARTESIAN_POINT('',(-21.9065254718268,8.5,-65.3593452852905));
#6358=CARTESIAN_POINT('Ctrl Pts',(-10.4551375770925,8.5,-63.7918244574647));
#6359=CARTESIAN_POINT('Ctrl Pts',(-11.3112763509548,8.5,-63.5136426555898));
#6360=CARTESIAN_POINT('Ctrl Pts',(-13.0581935062166,8.5,-63.0667169022985));
#6361=CARTESIAN_POINT('Ctrl Pts',(-15.4667171937592,8.5,-62.8215255495326));
#6362=CARTESIAN_POINT('Ctrl Pts',(-17.7519113467977,8.5,-63.1590481568646));
#6363=CARTESIAN_POINT('Ctrl Pts',(-19.9146247425194,8.5,-64.0752743765787));
#6364=CARTESIAN_POINT('Ctrl Pts',(-21.2939210320243,8.5,-64.9260831856219));
#6365=CARTESIAN_POINT('Ctrl Pts',(-21.9065254718268,8.5,-65.3593452852905));
#6366=CARTESIAN_POINT('',(-10.4551375770925,-2.,-63.7918244574647));
#6367=CARTESIAN_POINT('',(-10.4551375770925,8.5,-63.7918244574647));
#6368=CARTESIAN_POINT('',(-21.9065254718268,-2.,-65.3593452852905));
#6369=CARTESIAN_POINT('Ctrl Pts',(-21.9065254718268,-2.,-65.3593452852905));
#6370=CARTESIAN_POINT('Ctrl Pts',(-21.2939210320243,-2.,-64.9260831856219));
#6371=CARTESIAN_POINT('Ctrl Pts',(-19.9146247425194,-2.,-64.0752743765787));
#6372=CARTESIAN_POINT('Ctrl Pts',(-17.7519113467977,-2.,-63.1590481568646));
#6373=CARTESIAN_POINT('Ctrl Pts',(-15.4667171937592,-2.,-62.8215255495326));
#6374=CARTESIAN_POINT('Ctrl Pts',(-13.0581935062166,-2.,-63.0667169022985));
#6375=CARTESIAN_POINT('Ctrl Pts',(-11.3112763509548,-2.,-63.5136426555898));
#6376=CARTESIAN_POINT('Ctrl Pts',(-10.4551375770925,-2.,-63.7918244574647));
#6377=CARTESIAN_POINT('',(-21.9065254718268,8.5,-65.3593452852905));
#6378=CARTESIAN_POINT('Origin',(-30.2227849980514,7.5,-7.38567585546414));
#6379=CARTESIAN_POINT('',(-25.8213085017998,8.5,-26.));
#6380=CARTESIAN_POINT('',(-30.2495793911329,8.5,-7.27235944482319));
#6381=CARTESIAN_POINT('',(-25.8213085017998,-2.,-26.));
#6382=CARTESIAN_POINT('',(-25.8213085017998,8.,-26.));
#6383=CARTESIAN_POINT('',(-30.2495793911329,-2.,-7.27235944482319));
#6384=CARTESIAN_POINT('Origin',(-54.271180486945,7.5,-54.3063318612337));
#6385=CARTESIAN_POINT('',(-32.2818251204005,-2.,-80.5));
#6386=CARTESIAN_POINT('Origin',(-54.271180486945,-2.,-54.3063318612337));
#6387=CARTESIAN_POINT('',(-32.2818251204005,8.5,-80.5));
#6388=CARTESIAN_POINT('',(-32.2818251204005,7.5,-80.5));
#6389=CARTESIAN_POINT('Origin',(-54.271180486945,8.5,-54.3063318612337));
#6390=CARTESIAN_POINT('Origin',(11.6915594766554,7.5,-54.0366304763324));
#6391=CARTESIAN_POINT('',(7.38567585546265,-2.,-30.2227822732227));
#6392=CARTESIAN_POINT('Origin',(11.6915594766554,-2.,-54.0366304763324));
#6393=CARTESIAN_POINT('',(7.38567585546265,8.5,-30.2227822732227));
#6394=CARTESIAN_POINT('',(7.38567585546265,7.5,-30.2227822732227));
#6395=CARTESIAN_POINT('Origin',(11.6915594766554,8.5,-54.0366304763324));
#6396=CARTESIAN_POINT('Origin',(11.6915594766554,7.5,-54.0366304763324));
#6397=CARTESIAN_POINT('',(0.838356876511226,8.5,-75.6664245881641));
#6398=CARTESIAN_POINT('Origin',(11.6915594766554,8.5,-54.0366304763324));
#6399=CARTESIAN_POINT('',(0.838356876511228,-2.,-75.6664245881641));
#6400=CARTESIAN_POINT('',(0.838356876511228,7.5,-75.6664245881641));
#6401=CARTESIAN_POINT('Origin',(11.6915594766554,-2.,-54.0366304763324));
#6402=CARTESIAN_POINT('Ctrl Pts',(10.5964968310723,8.5,44.6088764477357));
#6403=CARTESIAN_POINT('Ctrl Pts',(10.5964968310723,-2.,44.6088764477357));
#6404=CARTESIAN_POINT('Ctrl Pts',(11.4057489945682,8.5,44.8374952834031));
#6405=CARTESIAN_POINT('Ctrl Pts',(11.4057489945682,-2.,44.8374952834031));
#6406=CARTESIAN_POINT('Ctrl Pts',(13.1041127922304,8.5,45.2160109941204));
#6407=CARTESIAN_POINT('Ctrl Pts',(13.1041127922304,-2.,45.2160109941204));
#6408=CARTESIAN_POINT('Ctrl Pts',(15.4417395242602,8.5,45.4186959572173));
#6409=CARTESIAN_POINT('Ctrl Pts',(15.4417395242602,-2.,45.4186959572173));
#6410=CARTESIAN_POINT('Ctrl Pts',(17.6647907909894,8.5,45.1247338327556));
#6411=CARTESIAN_POINT('Ctrl Pts',(17.6647907909894,-2.,45.1247338327556));
#6412=CARTESIAN_POINT('Ctrl Pts',(19.7736857746187,8.5,44.3359416381802));
#6413=CARTESIAN_POINT('Ctrl Pts',(19.7736857746187,-2.,44.3359416381802));
#6414=CARTESIAN_POINT('Ctrl Pts',(21.1366368782414,8.5,43.5929512662427));
#6415=CARTESIAN_POINT('Ctrl Pts',(21.1366368782414,-2.,43.5929512662427));
#6416=CARTESIAN_POINT('Ctrl Pts',(21.7309608529269,8.5,43.2223248580917));
#6417=CARTESIAN_POINT('Ctrl Pts',(21.7309608529269,-2.,43.2223248580917));
#6418=CARTESIAN_POINT('',(10.5964968310723,8.5,44.6088764477357));
#6419=CARTESIAN_POINT('',(21.7309608529323,8.5,43.2223248580883));
#6420=CARTESIAN_POINT('Ctrl Pts',(10.5964968310723,8.5,44.6088764477357));
#6421=CARTESIAN_POINT('Ctrl Pts',(11.4057489945682,8.5,44.8374952834031));
#6422=CARTESIAN_POINT('Ctrl Pts',(13.1041127922304,8.5,45.2160109941204));
#6423=CARTESIAN_POINT('Ctrl Pts',(15.4417395242614,8.5,45.4186959572174));
#6424=CARTESIAN_POINT('Ctrl Pts',(17.6647907909918,8.5,45.1247338327553));
#6425=CARTESIAN_POINT('Ctrl Pts',(19.7736857746221,8.5,44.3359416381789));
#6426=CARTESIAN_POINT('Ctrl Pts',(21.1366368782457,8.5,43.5929512662403));
#6427=CARTESIAN_POINT('Ctrl Pts',(21.7309608529323,8.5,43.2223248580883));
#6428=CARTESIAN_POINT('',(21.7309608529323,-2.,43.2223248580883));
#6429=CARTESIAN_POINT('',(21.7309608529269,8.5,43.2223248580917));
#6430=CARTESIAN_POINT('',(10.5964968310723,-2.,44.6088764477357));
#6431=CARTESIAN_POINT('Ctrl Pts',(10.5964968310723,-2.,44.6088764477357));
#6432=CARTESIAN_POINT('Ctrl Pts',(11.4057489945682,-2.,44.8374952834031));
#6433=CARTESIAN_POINT('Ctrl Pts',(13.1041127922304,-2.,45.2160109941204));
#6434=CARTESIAN_POINT('Ctrl Pts',(15.4417395242602,-2.,45.4186959572173));
#6435=CARTESIAN_POINT('Ctrl Pts',(17.6647907909894,-2.,45.1247338327556));
#6436=CARTESIAN_POINT('Ctrl Pts',(19.7736857746187,-2.,44.3359416381802));
#6437=CARTESIAN_POINT('Ctrl Pts',(21.1366368782414,-2.,43.5929512662427));
#6438=CARTESIAN_POINT('Ctrl Pts',(21.7309608529269,-2.,43.2223248580917));
#6439=CARTESIAN_POINT('',(10.5964968310723,8.5,44.6088764477357));
#6440=CARTESIAN_POINT('Ctrl Pts',(21.8986089512379,8.5,65.3991380610134));
#6441=CARTESIAN_POINT('Ctrl Pts',(21.8986089512379,-2.,65.3991380610134));
#6442=CARTESIAN_POINT('Ctrl Pts',(21.2843670163045,8.5,64.9645603250314));
#6443=CARTESIAN_POINT('Ctrl Pts',(21.2843670163045,-2.,64.9645603250314));
#6444=CARTESIAN_POINT('Ctrl Pts',(19.9040043409669,8.5,64.1130488703136));
#6445=CARTESIAN_POINT('Ctrl Pts',(19.9040043409669,-2.,64.1130488703136));
#6446=CARTESIAN_POINT('Ctrl Pts',(17.739819216089,8.5,63.196310235952));
#6447=CARTESIAN_POINT('Ctrl Pts',(17.739819216089,-2.,63.196310235952));
#6448=CARTESIAN_POINT('Ctrl Pts',(15.4528220924492,8.5,62.8587421485031));
#6449=CARTESIAN_POINT('Ctrl Pts',(15.4528220924492,-2.,62.8587421485031));
#6450=CARTESIAN_POINT('Ctrl Pts',(13.0421686934355,8.5,63.1043261419595));
#6451=CARTESIAN_POINT('Ctrl Pts',(13.0421686934355,-2.,63.1043261419595));
#6452=CARTESIAN_POINT('Ctrl Pts',(11.295256409023,8.5,63.5510541088286));
#6453=CARTESIAN_POINT('Ctrl Pts',(11.295256409023,-2.,63.5510541088286));
#6454=CARTESIAN_POINT('Ctrl Pts',(10.4386091820604,8.5,63.8292621520815));
#6455=CARTESIAN_POINT('Ctrl Pts',(10.4386091820604,-2.,63.8292621520815));
#6456=CARTESIAN_POINT('',(10.4386091820574,8.5,63.8292621520825));
#6457=CARTESIAN_POINT('',(21.8986089512379,8.5,65.3991380610134));
#6458=CARTESIAN_POINT('Ctrl Pts',(10.4386091820574,8.5,63.8292621520825));
#6459=CARTESIAN_POINT('Ctrl Pts',(11.2952564090207,8.5,63.5510541088292));
#6460=CARTESIAN_POINT('Ctrl Pts',(13.0421686934338,8.5,63.1043261419597));
#6461=CARTESIAN_POINT('Ctrl Pts',(15.4528220924481,8.5,62.8587421485029));
#6462=CARTESIAN_POINT('Ctrl Pts',(17.7398192160885,8.5,63.1963102359517));
#6463=CARTESIAN_POINT('Ctrl Pts',(19.9040043409669,8.5,64.1130488703136));
#6464=CARTESIAN_POINT('Ctrl Pts',(21.2843670163045,8.5,64.9645603250314));
#6465=CARTESIAN_POINT('Ctrl Pts',(21.8986089512379,8.5,65.3991380610134));
#6466=CARTESIAN_POINT('',(10.4386091820574,-2.,63.8292621520825));
#6467=CARTESIAN_POINT('',(10.4386091820604,8.5,63.8292621520815));
#6468=CARTESIAN_POINT('',(21.8986089512379,-2.,65.3991380610134));
#6469=CARTESIAN_POINT('Ctrl Pts',(21.8986089512379,-2.,65.3991380610134));
#6470=CARTESIAN_POINT('Ctrl Pts',(21.2843670163045,-2.,64.9645603250314));
#6471=CARTESIAN_POINT('Ctrl Pts',(19.9040043409669,-2.,64.1130488703136));
#6472=CARTESIAN_POINT('Ctrl Pts',(17.739819216089,-2.,63.196310235952));
#6473=CARTESIAN_POINT('Ctrl Pts',(15.4528220924492,-2.,62.8587421485031));
#6474=CARTESIAN_POINT('Ctrl Pts',(13.0421686934355,-2.,63.1043261419595));
#6475=CARTESIAN_POINT('Ctrl Pts',(11.295256409023,-2.,63.5510541088286));
#6476=CARTESIAN_POINT('Ctrl Pts',(10.4386091820604,-2.,63.8292621520815));
#6477=CARTESIAN_POINT('',(21.8986089512379,8.5,65.3991380610134));
#6478=CARTESIAN_POINT('Origin',(30.2033420330832,7.5,7.39174186376424));
#6479=CARTESIAN_POINT('',(25.8032948428433,8.5,26.));
#6480=CARTESIAN_POINT('',(30.2313294997864,8.5,7.27337995024947));
#6481=CARTESIAN_POINT('',(25.8032948428433,-2.,26.));
#6482=CARTESIAN_POINT('',(25.8032948428433,5.5,26.));
#6483=CARTESIAN_POINT('',(30.2313294997864,-2.,7.27337995024947));
#6484=CARTESIAN_POINT('Ctrl Pts',(20.9695059561438,8.51656333324343,46.4425969747081));
#6485=CARTESIAN_POINT('Ctrl Pts',(20.9695059561438,-26.5331266664869,46.4425969747081));
#6486=CARTESIAN_POINT('Ctrl Pts',(19.5215758047903,8.51656333324343,52.5660444867096));
#6487=CARTESIAN_POINT('Ctrl Pts',(19.5215758047903,-26.5331266664869,52.5660444867096));
#6488=CARTESIAN_POINT('Ctrl Pts',(19.8073591268073,8.51656333324343,59.0898841061175));
#6489=CARTESIAN_POINT('Ctrl Pts',(19.8073591268073,-26.5331266664869,59.0898841061175));
#6490=CARTESIAN_POINT('Ctrl Pts',(21.7855698115468,8.51656333324343,65.0636160939355));
#6491=CARTESIAN_POINT('Ctrl Pts',(21.7855698115468,-26.5331266664869,65.0636160939355));
#6492=CARTESIAN_POINT('Ctrl Pts',(23.7615467837902,8.51656333324343,71.0306027942609));
#6493=CARTESIAN_POINT('Ctrl Pts',(23.7615467837902,-26.5331266664869,71.0306027942609));
#6494=CARTESIAN_POINT('Ctrl Pts',(27.4199773746776,8.51656333324343,76.4302925998247));
#6495=CARTESIAN_POINT('Ctrl Pts',(27.4199773746776,-26.5331266664869,76.4302925998247));
#6496=CARTESIAN_POINT('Ctrl Pts',(32.228591546575,8.51656333324343,80.4776703004303));
#6497=CARTESIAN_POINT('Ctrl Pts',(32.228591546575,-26.5331266664869,80.4776703004303));
#6498=CARTESIAN_POINT('Ctrl Pts',(32.2374400714414,8.51656333324343,80.4851180433657));
#6499=CARTESIAN_POINT('Ctrl Pts',(32.2374400714414,-26.5331266664869,80.4851180433657));
#6500=CARTESIAN_POINT('Ctrl Pts',(32.2462923505675,8.51656333324343,80.4925612777541));
#6501=CARTESIAN_POINT('Ctrl Pts',(32.2462923505675,-26.5331266664869,80.4925612777541));
#6502=CARTESIAN_POINT('Ctrl Pts',(32.2551483795312,8.51656333324343,80.5));
#6503=CARTESIAN_POINT('Ctrl Pts',(32.2551483795312,-26.5331266664869,80.5));
#6504=CARTESIAN_POINT('',(32.2551483795311,-2.,80.5));
#6505=CARTESIAN_POINT('Ctrl Pts',(32.2551483795311,-2.,80.5));
#6506=CARTESIAN_POINT('Ctrl Pts',(32.2462923505675,-2.,80.492561277754));
#6507=CARTESIAN_POINT('Ctrl Pts',(32.2374400714414,-2.,80.4851180433657));
#6508=CARTESIAN_POINT('Ctrl Pts',(32.228591546575,-2.,80.4776703004303));
#6509=CARTESIAN_POINT('Ctrl Pts',(27.5102627746133,-2.,76.5062852042066));
#6510=CARTESIAN_POINT('Ctrl Pts',(23.8993319084536,-2.,71.2328926565235));
#6511=CARTESIAN_POINT('Ctrl Pts',(21.8986470567451,-2.,65.3991151155284));
#6512=CARTESIAN_POINT('',(32.2551483795311,8.5,80.5));
#6513=CARTESIAN_POINT('',(32.2551483795311,7.5,80.5));
#6514=CARTESIAN_POINT('Ctrl Pts',(21.8986470567451,8.5,65.3991151155284));
#6515=CARTESIAN_POINT('Ctrl Pts',(23.8993319084536,8.5,71.2328926565235));
#6516=CARTESIAN_POINT('Ctrl Pts',(27.5102627746133,8.5,76.5062852042066));
#6517=CARTESIAN_POINT('Ctrl Pts',(32.228591546575,8.5,80.4776703004303));
#6518=CARTESIAN_POINT('Ctrl Pts',(32.2374400714414,8.5,80.4851180433657));
#6519=CARTESIAN_POINT('Ctrl Pts',(32.2462923505675,8.5,80.4925612777541));
#6520=CARTESIAN_POINT('Ctrl Pts',(32.2551483795312,8.5,80.5));
#6521=CARTESIAN_POINT('Origin',(-11.691559476654,7.5,54.0366304763276));
#6522=CARTESIAN_POINT('',(-7.38567585546256,-2.,30.2227822732176));
#6523=CARTESIAN_POINT('Origin',(-11.691559476654,-2.,54.0366304763276));
#6524=CARTESIAN_POINT('',(-7.38567585546256,8.5,30.2227822732176));
#6525=CARTESIAN_POINT('',(-7.38567585546256,7.5,30.2227822732176));
#6526=CARTESIAN_POINT('Origin',(-11.691559476654,8.5,54.0366304763276));
#6527=CARTESIAN_POINT('Origin',(-11.691559476654,7.5,54.0366304763276));
#6528=CARTESIAN_POINT('',(-0.838356876508046,8.5,75.6664245881585));
#6529=CARTESIAN_POINT('Origin',(-11.691559476654,8.5,54.0366304763276));
#6530=CARTESIAN_POINT('',(-0.838356876508048,-2.,75.6664245881585));
#6531=CARTESIAN_POINT('',(-0.838356876508048,7.5,75.6664245881585));
#6532=CARTESIAN_POINT('Origin',(-11.691559476654,-2.,54.0366304763276));
#6533=CARTESIAN_POINT('Ctrl Pts',(44.6866801789934,8.5,-10.6313088226967));
#6534=CARTESIAN_POINT('Ctrl Pts',(44.6866801789934,-2.,-10.6313088226967));
#6535=CARTESIAN_POINT('Ctrl Pts',(44.8995520866858,8.5,-11.4158240207997));
#6536=CARTESIAN_POINT('Ctrl Pts',(44.8995520866858,-2.,-11.4158240207997));
#6537=CARTESIAN_POINT('Ctrl Pts',(45.2614903392752,8.5,-13.103626795151));
#6538=CARTESIAN_POINT('Ctrl Pts',(45.2614903392752,-2.,-13.103626795151));
#6539=CARTESIAN_POINT('Ctrl Pts',(45.451690835818,8.5,-15.4421863933686));
#6540=CARTESIAN_POINT('Ctrl Pts',(45.451690835818,-2.,-15.4421863933686));
#6541=CARTESIAN_POINT('Ctrl Pts',(45.1530330867345,8.5,-17.6629660221537));
#6542=CARTESIAN_POINT('Ctrl Pts',(45.1530330867345,-2.,-17.6629660221537));
#6543=CARTESIAN_POINT('Ctrl Pts',(44.3665436205913,8.5,-19.766213001673));
#6544=CARTESIAN_POINT('Ctrl Pts',(44.3665436205913,-2.,-19.766213001673));
#6545=CARTESIAN_POINT('Ctrl Pts',(43.6132016871378,8.5,-21.1442179209099));
#6546=CARTESIAN_POINT('Ctrl Pts',(43.6132016871378,-2.,-21.1442179209099));
#6547=CARTESIAN_POINT('Ctrl Pts',(43.2365661781996,8.5,-21.7456090006392));
#6548=CARTESIAN_POINT('Ctrl Pts',(43.2365661781996,-2.,-21.7456090006392));
#6549=CARTESIAN_POINT('',(44.6866801789934,8.5,-10.6313088226967));
#6550=CARTESIAN_POINT('',(43.2365661781979,8.5,-21.7456090006419));
#6551=CARTESIAN_POINT('Ctrl Pts',(44.6866801789934,8.5,-10.6313088226967));
#6552=CARTESIAN_POINT('Ctrl Pts',(44.8995520866858,8.5,-11.4158240207997));
#6553=CARTESIAN_POINT('Ctrl Pts',(45.2614903392752,8.5,-13.103626795151));
#6554=CARTESIAN_POINT('Ctrl Pts',(45.451690835818,8.5,-15.4421863933692));
#6555=CARTESIAN_POINT('Ctrl Pts',(45.1530330867343,8.5,-17.6629660221549));
#6556=CARTESIAN_POINT('Ctrl Pts',(44.3665436205906,8.5,-19.7662130016747));
#6557=CARTESIAN_POINT('Ctrl Pts',(43.6132016871366,8.5,-21.144217920912));
#6558=CARTESIAN_POINT('Ctrl Pts',(43.236566178198,8.5,-21.7456090006419));
#6559=CARTESIAN_POINT('',(43.2365661781979,-2.,-21.7456090006419));
#6560=CARTESIAN_POINT('',(43.2365661781996,8.5,-21.7456090006392));
#6561=CARTESIAN_POINT('',(44.6866801789934,-2.,-10.6313088226967));
#6562=CARTESIAN_POINT('Ctrl Pts',(44.6866801789934,-2.,-10.6313088226967));
#6563=CARTESIAN_POINT('Ctrl Pts',(44.8995520866858,-2.,-11.4158240207997));
#6564=CARTESIAN_POINT('Ctrl Pts',(45.2614903392752,-2.,-13.103626795151));
#6565=CARTESIAN_POINT('Ctrl Pts',(45.451690835818,-2.,-15.4421863933686));
#6566=CARTESIAN_POINT('Ctrl Pts',(45.1530330867345,-2.,-17.6629660221537));
#6567=CARTESIAN_POINT('Ctrl Pts',(44.3665436205913,-2.,-19.766213001673));
#6568=CARTESIAN_POINT('Ctrl Pts',(43.6132016871378,-2.,-21.1442179209099));
#6569=CARTESIAN_POINT('Ctrl Pts',(43.2365661781996,-2.,-21.7456090006392));
#6570=CARTESIAN_POINT('',(44.6866801789934,8.5,-10.6313088226967));
#6571=CARTESIAN_POINT('Ctrl Pts',(65.3359663295379,8.5,-21.8985479107183));
#6572=CARTESIAN_POINT('Ctrl Pts',(65.3359663295379,-2.,-21.8985479107183));
#6573=CARTESIAN_POINT('Ctrl Pts',(64.9031525174308,8.5,-21.286415667274));
#6574=CARTESIAN_POINT('Ctrl Pts',(64.9031525174308,-2.,-21.286415667274));
#6575=CARTESIAN_POINT('Ctrl Pts',(64.052419037842,8.5,-19.9069632249623));
#6576=CARTESIAN_POINT('Ctrl Pts',(64.052419037842,-2.,-19.9069632249623));
#6577=CARTESIAN_POINT('Ctrl Pts',(63.1368710555364,8.5,-17.7451792011682));
#6578=CARTESIAN_POINT('Ctrl Pts',(63.1368710555364,-2.,-17.7451792011682));
#6579=CARTESIAN_POINT('Ctrl Pts',(62.7992735812005,8.5,-15.4608123311147));
#6580=CARTESIAN_POINT('Ctrl Pts',(62.7992735812005,-2.,-15.4608123311147));
#6581=CARTESIAN_POINT('Ctrl Pts',(63.043586957184,8.5,-13.0530226293171));
#6582=CARTESIAN_POINT('Ctrl Pts',(63.043586957184,-2.,-13.0530226293171));
#6583=CARTESIAN_POINT('Ctrl Pts',(63.4896153025263,8.5,-11.3063810529826));
#6584=CARTESIAN_POINT('Ctrl Pts',(63.4896153025263,-2.,-11.3063810529826));
#6585=CARTESIAN_POINT('Ctrl Pts',(63.7668542345728,8.5,-10.4515002081498));
#6586=CARTESIAN_POINT('Ctrl Pts',(63.7668542345728,-2.,-10.4515002081498));
#6587=CARTESIAN_POINT('',(65.3359663295379,8.5,-21.8985479107183));
#6588=CARTESIAN_POINT('',(63.7668542345741,8.5,-10.4515002081458));
#6589=CARTESIAN_POINT('Ctrl Pts',(65.3359663295379,8.5,-21.8985479107183));
#6590=CARTESIAN_POINT('Ctrl Pts',(64.9031525174308,8.5,-21.286415667274));
#6591=CARTESIAN_POINT('Ctrl Pts',(64.052419037842,8.5,-19.9069632249623));
#6592=CARTESIAN_POINT('Ctrl Pts',(63.1368710555361,8.5,-17.7451792011675));
#6593=CARTESIAN_POINT('Ctrl Pts',(62.7992735812002,8.5,-15.4608123311132));
#6594=CARTESIAN_POINT('Ctrl Pts',(63.0435869571842,8.5,-13.0530226293148));
#6595=CARTESIAN_POINT('Ctrl Pts',(63.4896153025271,8.5,-11.3063810529794));
#6596=CARTESIAN_POINT('Ctrl Pts',(63.7668542345741,8.5,-10.4515002081458));
#6597=CARTESIAN_POINT('',(63.7668542345741,-2.,-10.4515002081458));
#6598=CARTESIAN_POINT('',(63.7668542345728,8.5,-10.4515002081498));
#6599=CARTESIAN_POINT('',(65.3359663295379,-2.,-21.8985479107183));
#6600=CARTESIAN_POINT('Ctrl Pts',(65.3359663295379,-2.,-21.8985479107183));
#6601=CARTESIAN_POINT('Ctrl Pts',(64.9031525174308,-2.,-21.286415667274));
#6602=CARTESIAN_POINT('Ctrl Pts',(64.052419037842,-2.,-19.9069632249623));
#6603=CARTESIAN_POINT('Ctrl Pts',(63.1368710555364,-2.,-17.7451792011682));
#6604=CARTESIAN_POINT('Ctrl Pts',(62.7992735812005,-2.,-15.4608123311147));
#6605=CARTESIAN_POINT('Ctrl Pts',(63.043586957184,-2.,-13.0530226293171));
#6606=CARTESIAN_POINT('Ctrl Pts',(63.4896153025263,-2.,-11.3063810529826));
#6607=CARTESIAN_POINT('Ctrl Pts',(63.7668542345728,-2.,-10.4515002081498));
#6608=CARTESIAN_POINT('',(65.3359663295379,8.5,-21.8985479107183));
#6609=CARTESIAN_POINT('Origin',(7.38567585546266,7.5,-30.2227822732227));
#6610=CARTESIAN_POINT('',(26.,8.5,-25.8213057769707));
#6611=CARTESIAN_POINT('',(7.27235913972906,8.5,-30.2495767384454));
#6612=CARTESIAN_POINT('',(26.,-2.,-25.8213057769707));
#6613=CARTESIAN_POINT('',(26.,8.,-25.8213057769707));
#6614=CARTESIAN_POINT('',(7.27235913972906,-2.,-30.2495767384454));
#6615=CARTESIAN_POINT('Origin',(54.3063318612339,7.5,-54.2711777621161));
#6616=CARTESIAN_POINT('',(80.5,-2.,-32.281822395571));
#6617=CARTESIAN_POINT('Origin',(54.3063318612339,-2.,-54.2711777621161));
#6618=CARTESIAN_POINT('',(80.5,8.5,-32.281822395571));
#6619=CARTESIAN_POINT('',(80.5,7.5,-32.281822395571));
#6620=CARTESIAN_POINT('Origin',(54.3063318612339,8.5,-54.2711777621161));
#6621=CARTESIAN_POINT('Ctrl Pts',(75.6469855566854,8.51936233976048,0.844432317293175));
#6622=CARTESIAN_POINT('Ctrl Pts',(75.6469855566854,-26.538724679521,0.844432317293175));
#6623=CARTESIAN_POINT('Ctrl Pts',(73.3822201458829,8.51936233976048,-3.66911401837186));
#6624=CARTESIAN_POINT('Ctrl Pts',(73.3822201458829,-26.538724679521,-3.66911401837186));
#6625=CARTESIAN_POINT('Ctrl Pts',(69.6657733206062,8.51936233976048,-7.44047819618309));
#6626=CARTESIAN_POINT('Ctrl Pts',(69.6657733206062,-26.538724679521,-7.44047819618309));
#6627=CARTESIAN_POINT('Ctrl Pts',(65.1854561241741,8.51936233976048,-9.77117893395507));
#6628=CARTESIAN_POINT('Ctrl Pts',(65.1854561241741,-26.538724679521,-9.77117893395507));
#6629=CARTESIAN_POINT('Ctrl Pts',(60.874421039399,8.51936233976048,-12.0138176160215));
#6630=CARTESIAN_POINT('Ctrl Pts',(60.874421039399,-26.538724679521,-12.0138176160215));
#6631=CARTESIAN_POINT('Ctrl Pts',(55.8778147829714,8.51936233976048,-12.9151661340817));
#6632=CARTESIAN_POINT('Ctrl Pts',(55.8778147829714,-26.538724679521,-12.9151661340817));
#6633=CARTESIAN_POINT('Ctrl Pts',(51.0551580247023,8.51936233976048,-12.3204106477523));
#6634=CARTESIAN_POINT('Ctrl Pts',(51.0551580247023,-26.538724679521,-12.3204106477523));
#6635=CARTESIAN_POINT('Ctrl Pts',(46.2572452985055,8.51936233976048,-11.7287067260617));
#6636=CARTESIAN_POINT('Ctrl Pts',(46.2572452985055,-26.538724679521,-11.7287067260617));
#6637=CARTESIAN_POINT('Ctrl Pts',(41.6516323085271,8.51936233976048,-9.65898221840084));
#6638=CARTESIAN_POINT('Ctrl Pts',(41.6516323085271,-26.538724679521,-9.65898221840084));
#6639=CARTESIAN_POINT('Ctrl Pts',(38.023484953725,8.51936233976048,-6.46390495595824));
#6640=CARTESIAN_POINT('Ctrl Pts',(38.023484953725,-26.538724679521,-6.46390495595824));
#6641=CARTESIAN_POINT('Ctrl Pts',(34.3835498586401,8.51936233976048,-3.25844698477652));
#6642=CARTESIAN_POINT('Ctrl Pts',(34.3835498586401,-26.538724679521,-3.25844698477652));
#6643=CARTESIAN_POINT('Ctrl Pts',(31.7432003370605,8.51936233976048,1.06594923419975));
#6644=CARTESIAN_POINT('Ctrl Pts',(31.7432003370605,-26.538724679521,1.06594923419975));
#6645=CARTESIAN_POINT('Ctrl Pts',(30.5548426108906,8.51936233976048,5.76818848175228));
#6646=CARTESIAN_POINT('Ctrl Pts',(30.5548426108906,-26.538724679521,5.76818848175228));
#6647=CARTESIAN_POINT('Ctrl Pts',(30.4191466575123,8.51936233976048,6.30512683260225));
#6648=CARTESIAN_POINT('Ctrl Pts',(30.4191466575123,-26.538724679521,6.30512683260225));
#6649=CARTESIAN_POINT('Ctrl Pts',(30.3018864781378,8.51936233976048,6.846738965613));
#6650=CARTESIAN_POINT('Ctrl Pts',(30.3018864781378,-26.538724679521,6.846738965613));
#6651=CARTESIAN_POINT('Ctrl Pts',(30.2033420330831,8.51936233976048,7.3917418637642));
#6652=CARTESIAN_POINT('Ctrl Pts',(30.2033420330831,-26.538724679521,7.3917418637642));
#6653=CARTESIAN_POINT('',(30.2033420330831,-2.,7.3917418637642));
#6654=CARTESIAN_POINT('Ctrl Pts',(30.2033420330831,-2.,7.3917418637642));
#6655=CARTESIAN_POINT('Ctrl Pts',(30.3018864781378,-2.,6.846738965613));
#6656=CARTESIAN_POINT('Ctrl Pts',(30.4191466575123,-2.,6.30512683260225));
#6657=CARTESIAN_POINT('Ctrl Pts',(30.5548426108906,-2.,5.76818848175228));
#6658=CARTESIAN_POINT('Ctrl Pts',(31.7432003370605,-2.,1.06594923419975));
#6659=CARTESIAN_POINT('Ctrl Pts',(34.3835498586401,-2.,-3.25844698477652));
#6660=CARTESIAN_POINT('Ctrl Pts',(38.023484953725,-2.,-6.46390495595824));
#6661=CARTESIAN_POINT('Ctrl Pts',(39.9982839324341,-2.,-8.20298407754277));
#6662=CARTESIAN_POINT('Ctrl Pts',(42.2626688370848,-2.,-9.6086639390648));
#6663=CARTESIAN_POINT('Ctrl Pts',(44.6900275248289,-2.,-10.6240749924713));
#6664=CARTESIAN_POINT('',(30.2033420330831,8.5,7.3917418637642));
#6665=CARTESIAN_POINT('',(30.2033420330831,7.5,7.3917418637642));
#6666=CARTESIAN_POINT('Ctrl Pts',(44.6900275248289,8.5,-10.6240749924713));
#6667=CARTESIAN_POINT('Ctrl Pts',(42.2626688370848,8.5,-9.60866393906478));
#6668=CARTESIAN_POINT('Ctrl Pts',(39.9982839324341,8.5,-8.20298407754276));
#6669=CARTESIAN_POINT('Ctrl Pts',(38.023484953725,8.5,-6.46390495595824));
#6670=CARTESIAN_POINT('Ctrl Pts',(34.3835498586401,8.5,-3.25844698477652));
#6671=CARTESIAN_POINT('Ctrl Pts',(31.7432003370605,8.5,1.06594923419975));
#6672=CARTESIAN_POINT('Ctrl Pts',(30.5548426108906,8.5,5.76818848175228));
#6673=CARTESIAN_POINT('Ctrl Pts',(30.4191466575123,8.5,6.30512683260225));
#6674=CARTESIAN_POINT('Ctrl Pts',(30.3018864781378,8.5,6.846738965613));
#6675=CARTESIAN_POINT('Ctrl Pts',(30.2033420330831,8.5,7.3917418637642));
#6676=CARTESIAN_POINT('Ctrl Pts',(75.6469855566854,8.51936233976048,0.844432317293175));
#6677=CARTESIAN_POINT('Ctrl Pts',(75.6469855566854,-26.538724679521,0.844432317293175));
#6678=CARTESIAN_POINT('Ctrl Pts',(73.3822201458829,8.51936233976048,-3.66911401837186));
#6679=CARTESIAN_POINT('Ctrl Pts',(73.3822201458829,-26.538724679521,-3.66911401837186));
#6680=CARTESIAN_POINT('Ctrl Pts',(69.6657733206062,8.51936233976048,-7.44047819618309));
#6681=CARTESIAN_POINT('Ctrl Pts',(69.6657733206062,-26.538724679521,-7.44047819618309));
#6682=CARTESIAN_POINT('Ctrl Pts',(65.1854561241741,8.51936233976048,-9.77117893395507));
#6683=CARTESIAN_POINT('Ctrl Pts',(65.1854561241741,-26.538724679521,-9.77117893395507));
#6684=CARTESIAN_POINT('Ctrl Pts',(60.874421039399,8.51936233976048,-12.0138176160215));
#6685=CARTESIAN_POINT('Ctrl Pts',(60.874421039399,-26.538724679521,-12.0138176160215));
#6686=CARTESIAN_POINT('Ctrl Pts',(55.8778147829714,8.51936233976048,-12.9151661340817));
#6687=CARTESIAN_POINT('Ctrl Pts',(55.8778147829714,-26.538724679521,-12.9151661340817));
#6688=CARTESIAN_POINT('Ctrl Pts',(51.0551580247023,8.51936233976048,-12.3204106477523));
#6689=CARTESIAN_POINT('Ctrl Pts',(51.0551580247023,-26.538724679521,-12.3204106477523));
#6690=CARTESIAN_POINT('Ctrl Pts',(46.2572452985055,8.51936233976048,-11.7287067260617));
#6691=CARTESIAN_POINT('Ctrl Pts',(46.2572452985055,-26.538724679521,-11.7287067260617));
#6692=CARTESIAN_POINT('Ctrl Pts',(41.6516323085271,8.51936233976048,-9.65898221840084));
#6693=CARTESIAN_POINT('Ctrl Pts',(41.6516323085271,-26.538724679521,-9.65898221840084));
#6694=CARTESIAN_POINT('Ctrl Pts',(38.023484953725,8.51936233976048,-6.46390495595824));
#6695=CARTESIAN_POINT('Ctrl Pts',(38.023484953725,-26.538724679521,-6.46390495595824));
#6696=CARTESIAN_POINT('Ctrl Pts',(34.3835498586401,8.51936233976048,-3.25844698477652));
#6697=CARTESIAN_POINT('Ctrl Pts',(34.3835498586401,-26.538724679521,-3.25844698477652));
#6698=CARTESIAN_POINT('Ctrl Pts',(31.7432003370605,8.51936233976048,1.06594923419975));
#6699=CARTESIAN_POINT('Ctrl Pts',(31.7432003370605,-26.538724679521,1.06594923419975));
#6700=CARTESIAN_POINT('Ctrl Pts',(30.5548426108906,8.51936233976048,5.76818848175228));
#6701=CARTESIAN_POINT('Ctrl Pts',(30.5548426108906,-26.538724679521,5.76818848175228));
#6702=CARTESIAN_POINT('Ctrl Pts',(30.4191466575123,8.51936233976048,6.30512683260225));
#6703=CARTESIAN_POINT('Ctrl Pts',(30.4191466575123,-26.538724679521,6.30512683260225));
#6704=CARTESIAN_POINT('Ctrl Pts',(30.3018864781378,8.51936233976048,6.846738965613));
#6705=CARTESIAN_POINT('Ctrl Pts',(30.3018864781378,-26.538724679521,6.846738965613));
#6706=CARTESIAN_POINT('Ctrl Pts',(30.2033420330831,8.51936233976048,7.3917418637642));
#6707=CARTESIAN_POINT('Ctrl Pts',(30.2033420330831,-26.538724679521,7.3917418637642));
#6708=CARTESIAN_POINT('',(75.6469855566854,8.5,0.844432317293175));
#6709=CARTESIAN_POINT('Ctrl Pts',(75.6469855566854,8.5,0.844432317293175));
#6710=CARTESIAN_POINT('Ctrl Pts',(73.3822201458829,8.5,-3.66911401837186));
#6711=CARTESIAN_POINT('Ctrl Pts',(69.6657733206062,8.5,-7.44047819618309));
#6712=CARTESIAN_POINT('Ctrl Pts',(65.1854561241741,8.5,-9.77117893395507));
#6713=CARTESIAN_POINT('Ctrl Pts',(64.7201202720531,8.5,-10.0132507709031));
#6714=CARTESIAN_POINT('Ctrl Pts',(64.2467967067663,8.5,-10.2396949946357));
#6715=CARTESIAN_POINT('Ctrl Pts',(63.7665663922279,8.5,-10.450316905734));
#6716=CARTESIAN_POINT('',(75.6469855566854,-2.,0.844432317293178));
#6717=CARTESIAN_POINT('',(75.6469855566854,7.5,0.844432317293178));
#6718=CARTESIAN_POINT('Ctrl Pts',(63.766566392228,-2.,-10.450316905734));
#6719=CARTESIAN_POINT('Ctrl Pts',(64.2467967067663,-2.,-10.2396949946357));
#6720=CARTESIAN_POINT('Ctrl Pts',(64.7201202720531,-2.,-10.0132507709031));
#6721=CARTESIAN_POINT('Ctrl Pts',(65.1854561241741,-2.,-9.77117893395508));
#6722=CARTESIAN_POINT('Ctrl Pts',(69.6657733206062,-2.,-7.4404781961831));
#6723=CARTESIAN_POINT('Ctrl Pts',(73.3822201458829,-2.,-3.66911401837186));
#6724=CARTESIAN_POINT('Ctrl Pts',(75.6469855566854,-2.,0.844432317293175));
#6725=CARTESIAN_POINT('Origin',(7.38567585546266,7.5,-30.2227822732227));
#6726=CARTESIAN_POINT('',(25.2442826417326,-2.,-26.));
#6727=CARTESIAN_POINT('',(25.2442826417326,8.5,-26.));
#6728=CARTESIAN_POINT('',(25.2442826417326,5.5,-26.));
#6729=CARTESIAN_POINT('',(7.27235913972906,8.5,-30.2495767384454));
#6730=CARTESIAN_POINT('',(7.27235913972906,-2.,-30.2495767384454));
#6731=CARTESIAN_POINT('Origin',(30.2033420330832,7.5,7.39174186376424));
#6732=CARTESIAN_POINT('',(26.,-2.,25.168113389961));
#6733=CARTESIAN_POINT('',(26.,8.5,25.168113389961));
#6734=CARTESIAN_POINT('',(26.,5.5,25.1681133899609));
#6735=CARTESIAN_POINT('',(30.2313294997864,8.5,7.27337995024947));
#6736=CARTESIAN_POINT('',(30.2313294997864,-2.,7.27337995024947));
#6737=CARTESIAN_POINT('Origin',(-30.2227849980514,7.5,-7.38567585546414));
#6738=CARTESIAN_POINT('',(-26.,-2.,-25.2442941653319));
#6739=CARTESIAN_POINT('',(-26.,8.5,-25.2442941653319));
#6740=CARTESIAN_POINT('',(-26.,5.5,-25.2442941653319));
#6741=CARTESIAN_POINT('',(-30.2495793911329,8.5,-7.27235944482319));
#6742=CARTESIAN_POINT('',(-30.2495793911329,-2.,-7.27235944482319));
#6743=CARTESIAN_POINT('Origin',(-26.,8.5,-26.));
#6744=CARTESIAN_POINT('',(-26.,8.5,-26.));
#6745=CARTESIAN_POINT('',(-13.,8.5,-26.));
#6746=CARTESIAN_POINT('',(-26.,-2.,-26.));
#6747=CARTESIAN_POINT('',(-26.,8.5,-26.));
#6748=CARTESIAN_POINT('',(-13.,-2.,-26.));
#6749=CARTESIAN_POINT('Origin',(-26.,8.5,-26.));
#6750=CARTESIAN_POINT('',(26.,-2.,-26.));
#6751=CARTESIAN_POINT('',(-13.,-2.,-26.));
#6752=CARTESIAN_POINT('',(26.,8.5,-26.));
#6753=CARTESIAN_POINT('',(26.,8.5,-26.));
#6754=CARTESIAN_POINT('',(-13.,8.5,-26.));
#6755=CARTESIAN_POINT('Origin',(-26.,8.5,26.));
#6756=CARTESIAN_POINT('',(-26.,8.5,26.));
#6757=CARTESIAN_POINT('',(-26.,8.5,13.));
#6758=CARTESIAN_POINT('',(-26.,-2.,26.));
#6759=CARTESIAN_POINT('',(-26.,8.5,26.));
#6760=CARTESIAN_POINT('',(-26.,-2.,13.));
#6761=CARTESIAN_POINT('Origin',(-26.,8.5,26.));
#6762=CARTESIAN_POINT('',(-26.,-2.,13.));
#6763=CARTESIAN_POINT('',(-26.,8.5,13.));
#6764=CARTESIAN_POINT('Origin',(-7.38567585546255,7.5,30.2227822732176));
#6765=CARTESIAN_POINT('',(-25.2442826417178,-2.,26.));
#6766=CARTESIAN_POINT('',(-25.2442826417178,8.5,26.));
#6767=CARTESIAN_POINT('',(-25.2442826417177,5.5,26.));
#6768=CARTESIAN_POINT('',(-7.27235913972715,8.5,30.2495767384407));
#6769=CARTESIAN_POINT('',(-7.27235913972715,-2.,30.2495767384407));
#6770=CARTESIAN_POINT('Origin',(26.,8.5,26.));
#6771=CARTESIAN_POINT('',(26.,8.5,26.));
#6772=CARTESIAN_POINT('',(13.,8.5,26.));
#6773=CARTESIAN_POINT('',(26.,-2.,26.));
#6774=CARTESIAN_POINT('',(26.,8.5,26.));
#6775=CARTESIAN_POINT('',(13.,-2.,26.));
#6776=CARTESIAN_POINT('Origin',(26.,8.5,26.));
#6777=CARTESIAN_POINT('',(13.,-2.,26.));
#6778=CARTESIAN_POINT('',(13.,8.5,26.));
#6779=CARTESIAN_POINT('Origin',(26.,8.5,-26.));
#6780=CARTESIAN_POINT('',(26.,8.5,-13.));
#6781=CARTESIAN_POINT('',(26.,-2.,-13.));
#6782=CARTESIAN_POINT('Origin',(26.,8.5,-26.));
#6783=CARTESIAN_POINT('',(26.,-2.,-13.));
#6784=CARTESIAN_POINT('',(26.,8.5,-13.));
#6785=CARTESIAN_POINT('Origin',(80.5,7.5,10.5162091172535));
#6786=CARTESIAN_POINT('',(80.5,-2.,10.5162091172535));
#6787=CARTESIAN_POINT('',(70.2966708095329,-2.,-9.81843519493545));
#6788=CARTESIAN_POINT('',(80.5,8.5,10.5162091172535));
#6789=CARTESIAN_POINT('',(70.2966708095329,8.5,-9.81843519493545));
#6790=CARTESIAN_POINT('',(80.5,7.5,10.5162091172535));
#6791=CARTESIAN_POINT('Origin',(80.5,7.5,-32.281822395571));
#6792=CARTESIAN_POINT('',(80.5,-2.,-16.1409111977855));
#6793=CARTESIAN_POINT('',(80.5,8.5,-16.1409111977855));
#6794=CARTESIAN_POINT('Origin',(10.4713882340847,7.5,-80.5));
#6795=CARTESIAN_POINT('',(10.4713882340847,-2.,-80.5));
#6796=CARTESIAN_POINT('',(-9.84535691436188,-2.,-70.3056472409528));
#6797=CARTESIAN_POINT('',(10.4713882340847,8.5,-80.5));
#6798=CARTESIAN_POINT('',(-9.84535691436188,8.5,-70.3056472409528));
#6799=CARTESIAN_POINT('',(10.4713882340847,7.5,-80.5));
#6800=CARTESIAN_POINT('Origin',(-32.2818251204005,7.5,-80.5));
#6801=CARTESIAN_POINT('',(-16.1409125602003,-2.,-80.5));
#6802=CARTESIAN_POINT('',(-16.1409125602003,8.5,-80.5));
#6803=CARTESIAN_POINT('Origin',(-80.5,7.5,-10.4713828036615));
#6804=CARTESIAN_POINT('',(-80.5,-2.,-10.4713828036615));
#6805=CARTESIAN_POINT('',(-70.3056483293397,-2.,9.84536017569424));
#6806=CARTESIAN_POINT('',(-80.5,8.5,-10.4713828036615));
#6807=CARTESIAN_POINT('',(-70.3056483293397,8.5,9.84536017569424));
#6808=CARTESIAN_POINT('',(-80.5,7.5,-10.4713828036615));
#6809=CARTESIAN_POINT('Origin',(-80.5,7.5,32.2818223955713));
#6810=CARTESIAN_POINT('',(-80.5,-2.,16.1409111977856));
#6811=CARTESIAN_POINT('',(-80.5,8.5,16.1409111977856));
#6812=CARTESIAN_POINT('Origin',(-10.4713882345271,7.5,80.5));
#6813=CARTESIAN_POINT('',(-10.4713882345271,-2.,80.5));
#6814=CARTESIAN_POINT('',(9.84535691373715,-2.,70.305647241504));
#6815=CARTESIAN_POINT('',(-10.4713882345271,8.5,80.5));
#6816=CARTESIAN_POINT('',(9.84535691373715,8.5,70.305647241504));
#6817=CARTESIAN_POINT('',(-10.4713882345271,7.5,80.5));
#6818=CARTESIAN_POINT('Origin',(32.2551483795311,7.5,80.5));
#6819=CARTESIAN_POINT('',(16.1275741897656,-2.,80.5));
#6820=CARTESIAN_POINT('',(16.1275741897656,8.5,80.5));
#6821=CARTESIAN_POINT('Origin',(76.931057402397,11.4415154537021,-33.3592074849806));
#6822=CARTESIAN_POINT('',(76.664948222722,8.49999999998359,-34.4265340069469));
#6823=CARTESIAN_POINT('Origin',(76.9310574023964,8.4999999999836,-33.3592074849805));
#6824=CARTESIAN_POINT('',(76.664948222721,3.44151545370208,-34.4265340069467));
#6825=CARTESIAN_POINT('',(76.6649482227226,11.4415154537021,-34.4265340069471));
#6826=CARTESIAN_POINT('Origin',(76.9310574023954,3.44151545370208,-33.3592074849802));
#6827=CARTESIAN_POINT('Origin',(76.9310574023954,3.44151545370208,-33.3592074849802));
#6828=CARTESIAN_POINT('Origin',(-2.8594381987947,11.4415154537171,-39.2309032976236));
#6829=CARTESIAN_POINT('',(-3.12554737846966,8.49999999999863,-40.2982298195899));
#6830=CARTESIAN_POINT('Origin',(-2.85943819879526,8.49999999999863,-39.2309032976234));
#6831=CARTESIAN_POINT('',(-3.12554737847063,3.44151545371711,-40.2982298195897));
#6832=CARTESIAN_POINT('',(-3.1255473784691,11.4415154537171,-40.29822981959));
#6833=CARTESIAN_POINT('Origin',(-2.85943819879623,3.44151545371711,-39.2309032976232));
#6834=CARTESIAN_POINT('Origin',(-2.85943819879623,3.44151545371711,-39.2309032976232));
#6835=CARTESIAN_POINT('Origin',(5.04491197549604,11.4415154537139,-73.6659326764726));
#6836=CARTESIAN_POINT('',(4.77880279582108,8.49999999999543,-74.7332591984389));
#6837=CARTESIAN_POINT('Origin',(5.04491197549548,8.49999999999543,-73.6659326764724));
#6838=CARTESIAN_POINT('',(4.77880279582011,3.44151545371391,-74.7332591984386));
#6839=CARTESIAN_POINT('',(4.77880279582164,11.4415154537139,-74.733259198439));
#6840=CARTESIAN_POINT('Origin',(5.04491197549451,3.44151545371391,-73.6659326764722));
#6841=CARTESIAN_POINT('Origin',(5.04491197549451,3.44151545371391,-73.6659326764722));
#6842=CARTESIAN_POINT('Origin',(11.0823395016637,11.4415154537147,-32.9160925679976));
#6843=CARTESIAN_POINT('',(10.8162303219888,8.49999999999626,-33.9834190899639));
#6844=CARTESIAN_POINT('Origin',(11.0823395016632,8.49999999999626,-32.9160925679975));
#6845=CARTESIAN_POINT('',(10.8162303219878,3.44151545371474,-33.9834190899637));
#6846=CARTESIAN_POINT('',(10.8162303219893,11.4415154537147,-33.9834190899641));
#6847=CARTESIAN_POINT('Origin',(11.0823395016622,3.44151545371474,-32.9160925679972));
#6848=CARTESIAN_POINT('Origin',(11.0823395016622,3.44151545371474,-32.9160925679972));
#6849=CARTESIAN_POINT('Origin',(46.7676760160031,11.4415154537054,-84.0683824273808));
#6850=CARTESIAN_POINT('',(46.5015668363281,8.49999999998691,-85.1357089493471));
#6851=CARTESIAN_POINT('Origin',(46.7676760160025,8.49999999998691,-84.0683824273806));
#6852=CARTESIAN_POINT('',(46.5015668363272,3.4415154537054,-85.1357089493468));
#6853=CARTESIAN_POINT('',(46.5015668363287,11.4415154537054,-85.1357089493472));
#6854=CARTESIAN_POINT('Origin',(46.7676760160016,3.4415154537054,-84.0683824273804));
#6855=CARTESIAN_POINT('Origin',(46.7676760160016,3.4415154537054,-84.0683824273804));
#6856=CARTESIAN_POINT('Origin',(61.6455983341626,11.4415154537055,-24.3951268810742));
#6857=CARTESIAN_POINT('',(61.3794891544876,8.49999999998697,-25.4624534030405));
#6858=CARTESIAN_POINT('Origin',(61.645598334162,8.49999999998697,-24.395126881074));
#6859=CARTESIAN_POINT('',(61.3794891544866,3.44151545370545,-25.4624534030403));
#6860=CARTESIAN_POINT('',(61.3794891544882,11.4415154537055,-25.4624534030406));
#6861=CARTESIAN_POINT('Origin',(61.6455983341611,3.44151545370545,-24.3951268810738));
#6862=CARTESIAN_POINT('Origin',(61.6455983341611,3.44151545370545,-24.3951268810738));
#6863=CARTESIAN_POINT('Origin',(-9.15717281819555,11.4415154537177,-52.0893067235393));
#6864=CARTESIAN_POINT('',(-9.42328199787052,8.49999999999921,-53.1566332455056));
#6865=CARTESIAN_POINT('Origin',(-9.15717281819612,8.49999999999921,-52.0893067235391));
#6866=CARTESIAN_POINT('',(-9.42328199787149,3.44151545371769,-53.1566332455054));
#6867=CARTESIAN_POINT('',(-9.42328199786995,11.4415154537177,-53.1566332455057));
#6868=CARTESIAN_POINT('Origin',(-9.15717281819709,3.4415154537177,-52.0893067235389));
#6869=CARTESIAN_POINT('Origin',(-9.15717281819709,3.4415154537177,-52.0893067235389));
#6870=CARTESIAN_POINT('Origin',(-4.53972478186418,11.4415154537161,-66.6385051080476));
#6871=CARTESIAN_POINT('',(-4.80583396153914,8.49999999999762,-67.7058316300139));
#6872=CARTESIAN_POINT('Origin',(-4.53972478186474,8.49999999999762,-66.6385051080475));
#6873=CARTESIAN_POINT('',(-4.80583396154011,3.4415154537161,-67.7058316300137));
#6874=CARTESIAN_POINT('',(-4.80583396153858,11.4415154537161,-67.7058316300141));
#6875=CARTESIAN_POINT('Origin',(-4.53972478186571,3.4415154537161,-66.6385051080472));
#6876=CARTESIAN_POINT('Origin',(-4.53972478186571,3.4415154537161,-66.6385051080472));
#6877=CARTESIAN_POINT('Origin',(43.9409649052519,11.4415154537088,-25.134014658681));
#6878=CARTESIAN_POINT('',(43.6748557255769,8.49999999999033,-26.2013411806474));
#6879=CARTESIAN_POINT('Origin',(43.9409649052513,8.49999999999033,-25.1340146586809));
#6880=CARTESIAN_POINT('',(43.6748557255759,3.44151545370881,-26.2013411806471));
#6881=CARTESIAN_POINT('',(43.6748557255775,11.4415154537088,-26.2013411806475));
#6882=CARTESIAN_POINT('Origin',(43.9409649052503,3.44151545370881,-25.1340146586806));
#6883=CARTESIAN_POINT('Origin',(43.9409649052503,3.44151545370881,-25.1340146586806));
#6884=CARTESIAN_POINT('Origin',(64.5932681629477,11.441515453702,-82.8443462306982));
#6885=CARTESIAN_POINT('',(64.3271589832727,8.49999999998355,-83.9116727526646));
#6886=CARTESIAN_POINT('Origin',(64.5932681629471,8.49999999998355,-82.8443462306981));
#6887=CARTESIAN_POINT('',(64.3271589832717,3.44151545370203,-83.9116727526643));
#6888=CARTESIAN_POINT('',(64.3271589832733,11.441515453702,-83.9116727526647));
#6889=CARTESIAN_POINT('Origin',(64.5932681629461,3.44151545370203,-82.8443462306979));
#6890=CARTESIAN_POINT('Origin',(64.5932681629461,3.44151545370203,-82.8443462306979));
#6891=CARTESIAN_POINT('Origin',(-73.6659354013013,11.4472336656594,-5.0449119754959));
#6892=CARTESIAN_POINT('',(-74.7332619232676,8.49999999999543,-4.77880279582094));
#6893=CARTESIAN_POINT('Origin',(-73.6659354013011,8.49999999999543,-5.04491197549534));
#6894=CARTESIAN_POINT('',(-74.7332619232673,3.44723366565943,-4.77880279581997));
#6895=CARTESIAN_POINT('',(-74.7332619232677,11.4472336656594,-4.7788027958215));
#6896=CARTESIAN_POINT('Origin',(-73.6659354013009,3.44723366565943,-5.04491197549437));
#6897=CARTESIAN_POINT('Origin',(-73.6659354013009,3.44723366565943,-5.04491197549437));
#6898=CARTESIAN_POINT('Origin',(-32.9160952928264,11.4472336656603,-11.0823395016637));
#6899=CARTESIAN_POINT('',(-33.9834218147927,8.49999999999626,-10.8162303219887));
#6900=CARTESIAN_POINT('Origin',(-32.9160952928262,8.49999999999626,-11.0823395016631));
#6901=CARTESIAN_POINT('',(-33.9834218147924,3.44723366566026,-10.8162303219877));
#6902=CARTESIAN_POINT('',(-33.9834218147928,11.4472336656603,-10.8162303219893));
#6903=CARTESIAN_POINT('Origin',(-32.916095292826,3.44723366566026,-11.0823395016621));
#6904=CARTESIAN_POINT('Origin',(-32.916095292826,3.44723366566026,-11.0823395016621));
#6905=CARTESIAN_POINT('Origin',(-24.395129605903,11.447233665651,-61.6455983341625));
#6906=CARTESIAN_POINT('',(-25.4624561278693,8.49999999998697,-61.3794891544876));
#6907=CARTESIAN_POINT('Origin',(-24.3951296059028,8.49999999998697,-61.645598334162));
#6908=CARTESIAN_POINT('',(-25.462456127869,3.44723366565097,-61.3794891544866));
#6909=CARTESIAN_POINT('',(-25.4624561278694,11.447233665651,-61.3794891544881));
#6910=CARTESIAN_POINT('Origin',(-24.3951296059026,3.44723366565097,-61.645598334161));
#6911=CARTESIAN_POINT('Origin',(-24.3951296059026,3.44723366565097,-61.645598334161));
#6912=CARTESIAN_POINT('Origin',(-39.2309060224523,11.4472336656626,2.85943819879479));
#6913=CARTESIAN_POINT('',(-40.2982325444186,8.49999999999863,3.12554737846976));
#6914=CARTESIAN_POINT('Origin',(-39.2309060224521,8.49999999999863,2.85943819879536));
#6915=CARTESIAN_POINT('',(-40.2982325444184,3.44723366566263,3.12554737847073));
#6916=CARTESIAN_POINT('',(-40.2982325444187,11.4472336656626,3.12554737846919));
#6917=CARTESIAN_POINT('Origin',(-39.2309060224519,3.44723366566263,2.85943819879633));
#6918=CARTESIAN_POINT('Origin',(-39.2309060224519,3.44723366566263,2.85943819879633));
#6919=CARTESIAN_POINT('Origin',(-84.0683851522096,11.4472336656509,-46.767676016003));
#6920=CARTESIAN_POINT('',(-85.1357116741759,8.49999999998691,-46.501566836328));
#6921=CARTESIAN_POINT('Origin',(-84.0683851522094,8.49999999998691,-46.7676760160024));
#6922=CARTESIAN_POINT('',(-85.1357116741756,3.44723366565091,-46.501566836327));
#6923=CARTESIAN_POINT('',(-85.135711674176,11.4472336656509,-46.5015668363286));
#6924=CARTESIAN_POINT('Origin',(-84.0683851522092,3.44723366565091,-46.7676760160014));
#6925=CARTESIAN_POINT('Origin',(-84.0683851522092,3.44723366565091,-46.7676760160014));
#6926=CARTESIAN_POINT('Origin',(-66.6385078328763,11.4472336656616,4.53972478186431));
#6927=CARTESIAN_POINT('',(-67.7058343548426,8.49999999999762,4.80583396153927));
#6928=CARTESIAN_POINT('Origin',(-66.6385078328762,8.49999999999762,4.53972478186487));
#6929=CARTESIAN_POINT('',(-67.7058343548424,3.44723366566161,4.80583396154025));
#6930=CARTESIAN_POINT('',(-67.7058343548428,11.4472336656616,4.80583396153871));
#6931=CARTESIAN_POINT('Origin',(-66.6385078328759,3.44723366566161,4.53972478186585));
#6932=CARTESIAN_POINT('Origin',(-66.6385078328759,3.44723366566161,4.53972478186585));
#6933=CARTESIAN_POINT('Origin',(-33.3592102098094,11.4472336656476,-76.9310574023969));
#6934=CARTESIAN_POINT('',(-34.4265367317757,8.49999999998359,-76.6649482227219));
#6935=CARTESIAN_POINT('Origin',(-33.3592102098093,8.4999999999836,-76.9310574023963));
#6936=CARTESIAN_POINT('',(-34.4265367317755,3.44723366564759,-76.664948222721));
#6937=CARTESIAN_POINT('',(-34.4265367317759,11.4472336656476,-76.6649482227225));
#6938=CARTESIAN_POINT('Origin',(-33.359210209809,3.44723366564759,-76.9310574023953));
#6939=CARTESIAN_POINT('Origin',(-33.359210209809,3.44723366564759,-76.9310574023953));
#6940=CARTESIAN_POINT('Origin',(-25.1340173835098,11.4472336656543,-43.9409649052518));
#6941=CARTESIAN_POINT('',(-26.2013439054761,8.49999999999033,-43.6748557255768));
#6942=CARTESIAN_POINT('Origin',(-25.1340173835097,8.49999999999033,-43.9409649052512));
#6943=CARTESIAN_POINT('',(-26.2013439054759,3.44723366565433,-43.6748557255759));
#6944=CARTESIAN_POINT('',(-26.2013439054763,11.4472336656543,-43.6748557255774));
#6945=CARTESIAN_POINT('Origin',(-25.1340173835094,3.44723366565433,-43.9409649052503));
#6946=CARTESIAN_POINT('Origin',(-25.1340173835094,3.44723366565433,-43.9409649052503));
#6947=CARTESIAN_POINT('Origin',(-52.089309448368,11.4472336656632,9.15717281819567));
#6948=CARTESIAN_POINT('',(-53.1566359703343,8.49999999999921,9.42328199787063));
#6949=CARTESIAN_POINT('Origin',(-52.0893094483678,8.49999999999921,9.15717281819623));
#6950=CARTESIAN_POINT('',(-53.1566359703341,3.44723366566321,9.4232819978716));
#6951=CARTESIAN_POINT('',(-53.1566359703344,11.4472336656632,9.42328199787007));
#6952=CARTESIAN_POINT('Origin',(-52.0893094483676,3.44723366566321,9.1571728181972));
#6953=CARTESIAN_POINT('Origin',(-52.0893094483676,3.44723366566321,9.1571728181972));
#6954=CARTESIAN_POINT('Origin',(-82.8443489555271,11.4472336656475,-64.5932681629475));
#6955=CARTESIAN_POINT('',(-83.9116754774934,8.49999999998355,-64.3271589832725));
#6956=CARTESIAN_POINT('Origin',(-82.8443489555269,8.49999999998355,-64.5932681629469));
#6957=CARTESIAN_POINT('',(-83.9116754774931,3.44723366564755,-64.3271589832716));
#6958=CARTESIAN_POINT('',(-83.9116754774935,11.4472336656475,-64.3271589832731));
#6959=CARTESIAN_POINT('Origin',(-82.8443489555267,3.44723366564755,-64.593268162946));
#6960=CARTESIAN_POINT('Origin',(-82.8443489555267,3.44723366564755,-64.593268162946));
#6961=CARTESIAN_POINT('Origin',(-43.9409649052527,11.4415154537087,25.1340146586784));
#6962=CARTESIAN_POINT('',(-43.6748557255777,8.49999999999033,26.2013411806447));
#6963=CARTESIAN_POINT('Origin',(-43.9409649052522,8.49999999999033,25.1340146586783));
#6964=CARTESIAN_POINT('',(-43.6748557255767,3.44151545370871,26.2013411806445));
#6965=CARTESIAN_POINT('',(-43.6748557255783,11.4415154537087,26.2013411806448));
#6966=CARTESIAN_POINT('Origin',(-43.9409649052512,3.44151545370871,25.134014658678));
#6967=CARTESIAN_POINT('Origin',(-43.9409649052512,3.44151545370871,25.134014658678));
#6968=CARTESIAN_POINT('Origin',(-11.082339501664,11.4415154537146,32.9160925679923));
#6969=CARTESIAN_POINT('',(-10.8162303219889,8.49999999999626,33.9834190899585));
#6970=CARTESIAN_POINT('Origin',(-11.0823395016634,8.49999999999626,32.9160925679921));
#6971=CARTESIAN_POINT('',(-10.8162303219879,3.44151545371464,33.9834190899583));
#6972=CARTESIAN_POINT('',(-10.8162303219895,11.4415154537146,33.9834190899587));
#6973=CARTESIAN_POINT('Origin',(-11.0823395016624,3.44151545371464,32.9160925679919));
#6974=CARTESIAN_POINT('Origin',(-11.0823395016624,3.44151545371464,32.9160925679919));
#6975=CARTESIAN_POINT('Origin',(-5.04491197549284,11.4415154537138,73.6659326764667));
#6976=CARTESIAN_POINT('',(-4.77880279581779,8.49999999999543,74.733259198433));
#6977=CARTESIAN_POINT('Origin',(-5.04491197549228,8.49999999999543,73.6659326764665));
#6978=CARTESIAN_POINT('',(-4.77880279581682,3.44151545371381,74.7332591984327));
#6979=CARTESIAN_POINT('',(-4.77880279581836,11.4415154537138,74.7332591984331));
#6980=CARTESIAN_POINT('Origin',(-5.04491197549131,3.44151545371381,73.6659326764663));
#6981=CARTESIAN_POINT('Origin',(-5.04491197549131,3.44151545371381,73.6659326764663));
#6982=CARTESIAN_POINT('Origin',(2.85943819879501,11.441515453717,39.230903297617));
#6983=CARTESIAN_POINT('',(3.12554737847006,8.49999999999863,40.2982298195833));
#6984=CARTESIAN_POINT('Origin',(2.85943819879557,8.49999999999863,39.2309032976169));
#6985=CARTESIAN_POINT('',(3.12554737847103,3.44151545371701,40.2982298195831));
#6986=CARTESIAN_POINT('',(3.12554737846949,11.441515453717,40.2982298195835));
#6987=CARTESIAN_POINT('Origin',(2.85943819879654,3.44151545371701,39.2309032976166));
#6988=CARTESIAN_POINT('Origin',(2.85943819879654,3.44151545371701,39.2309032976166));
#6989=CARTESIAN_POINT('Origin',(-61.6455983341635,11.4415154537053,24.395126881073));
#6990=CARTESIAN_POINT('',(-61.3794891544885,8.49999999998697,25.4624534030393));
#6991=CARTESIAN_POINT('Origin',(-61.645598334163,8.49999999998697,24.3951268810729));
#6992=CARTESIAN_POINT('',(-61.3794891544875,3.44151545370535,25.4624534030391));
#6993=CARTESIAN_POINT('',(-61.379489154489,11.4415154537053,25.4624534030395));
#6994=CARTESIAN_POINT('Origin',(-61.645598334162,3.44151545370535,24.3951268810726));
#6995=CARTESIAN_POINT('Origin',(-61.645598334162,3.44151545370535,24.3951268810726));
#6996=CARTESIAN_POINT('Origin',(-64.5932681629437,11.4415154537019,82.8443462306974));
#6997=CARTESIAN_POINT('',(-64.3271589832686,8.49999999998355,83.9116727526637));
#6998=CARTESIAN_POINT('Origin',(-64.5932681629431,8.49999999998355,82.8443462306972));
#6999=CARTESIAN_POINT('',(-64.3271589832677,3.44151545370192,83.9116727526634));
#7000=CARTESIAN_POINT('',(-64.3271589832692,11.4415154537019,83.9116727526638));
#7001=CARTESIAN_POINT('Origin',(-64.5932681629422,3.44151545370192,82.844346230697));
#7002=CARTESIAN_POINT('Origin',(-64.5932681629422,3.44151545370192,82.844346230697));
#7003=CARTESIAN_POINT('Origin',(9.15717281819694,11.4415154537176,52.0893067235322));
#7004=CARTESIAN_POINT('',(9.423281997872,8.49999999999921,53.1566332454985));
#7005=CARTESIAN_POINT('Origin',(9.15717281819751,8.49999999999921,52.0893067235321));
#7006=CARTESIAN_POINT('',(9.42328199787297,3.44151545371759,53.1566332454983));
#7007=CARTESIAN_POINT('',(9.42328199787143,11.4415154537176,53.1566332454986));
#7008=CARTESIAN_POINT('Origin',(9.15717281819848,3.44151545371759,52.0893067235318));
#7009=CARTESIAN_POINT('Origin',(9.15717281819848,3.44151545371759,52.0893067235318));
#7010=CARTESIAN_POINT('Origin',(4.53972478186679,11.441515453716,66.6385051080409));
#7011=CARTESIAN_POINT('',(4.80583396154184,8.49999999999762,67.7058316300072));
#7012=CARTESIAN_POINT('Origin',(4.53972478186735,8.49999999999762,66.6385051080408));
#7013=CARTESIAN_POINT('',(4.80583396154281,3.44151545371599,67.705831630007));
#7014=CARTESIAN_POINT('',(4.80583396154127,11.441515453716,67.7058316300074));
#7015=CARTESIAN_POINT('Origin',(4.53972478186832,3.44151545371599,66.6385051080405));
#7016=CARTESIAN_POINT('Origin',(4.53972478186832,3.44151545371599,66.6385051080405));
#7017=CARTESIAN_POINT('Origin',(-46.767676015999,11.4415154537053,84.0683824273784));
#7018=CARTESIAN_POINT('',(-46.501566836324,8.49999999998691,85.1357089493447));
#7019=CARTESIAN_POINT('Origin',(-46.7676760159985,8.49999999998691,84.0683824273783));
#7020=CARTESIAN_POINT('',(-46.501566836323,3.44151545370529,85.1357089493444));
#7021=CARTESIAN_POINT('',(-46.5015668363246,11.4415154537053,85.1357089493449));
#7022=CARTESIAN_POINT('Origin',(-46.7676760159975,3.44151545370529,84.068382427378));
#7023=CARTESIAN_POINT('Origin',(-46.7676760159975,3.44151545370529,84.068382427378));
#7024=CARTESIAN_POINT('Origin',(-76.9310574023971,11.441515453702,33.3592074849807));
#7025=CARTESIAN_POINT('',(-76.6649482227221,8.49999999998359,34.426534006947));
#7026=CARTESIAN_POINT('Origin',(-76.9310574023966,8.4999999999836,33.3592074849806));
#7027=CARTESIAN_POINT('',(-76.6649482227211,3.44151545370197,34.4265340069468));
#7028=CARTESIAN_POINT('',(-76.6649482227227,11.441515453702,34.4265340069472));
#7029=CARTESIAN_POINT('Origin',(-76.9310574023956,3.44151545370197,33.3592074849803));
#7030=CARTESIAN_POINT('Origin',(-76.9310574023956,3.44151545370197,33.3592074849803));
#7031=CARTESIAN_POINT('Origin',(73.6406246676189,11.4160772970797,5.04810572157761));
#7032=CARTESIAN_POINT('',(74.7082764787866,8.5,4.78330123103625));
#7033=CARTESIAN_POINT('Origin',(73.6409499634611,8.5,5.04941043734631));
#7034=CARTESIAN_POINT('',(74.7088436032048,3.41607814759959,4.78557588713481));
#7035=CARTESIAN_POINT('',(74.7079511829445,11.4160772970797,4.78199651526754));
#7036=CARTESIAN_POINT('Origin',(73.6415170878792,3.41607814759959,5.05168509344488));
#7037=CARTESIAN_POINT('Origin',(73.6415170878792,3.41607814759959,5.05168509344488));
#7038=CARTESIAN_POINT('Origin',(39.2055955030241,11.4086994066264,-2.85624194285626));
#7039=CARTESIAN_POINT('',(40.2732464911694,8.5,-3.12104973442466));
#7040=CARTESIAN_POINT('Origin',(39.2059199758438,8.5,-2.8549405281146));
#7041=CARTESIAN_POINT('',(40.27381443861,3.40870025714628,-3.11877177729906));
#7042=CARTESIAN_POINT('',(40.2729220183497,11.4086994066264,-3.12235114916633));
#7043=CARTESIAN_POINT('Origin',(39.2064879232844,3.40870025714628,-2.85266257098899));
#7044=CARTESIAN_POINT('Origin',(39.2064879232844,3.40870025714628,-2.85266257098899));
#7045=CARTESIAN_POINT('Origin',(33.3338997269148,11.4437443862797,76.9342459649277));
#7046=CARTESIAN_POINT('',(34.4015546244167,8.5,76.6694538532377));
#7047=CARTESIAN_POINT('Origin',(33.3342281090911,8.5,76.9355630595478));
#7048=CARTESIAN_POINT('',(34.4021186625007,3.44374523679953,76.6717161304849));
#7049=CARTESIAN_POINT('',(34.4012262422403,11.4437443862797,76.6681367586176));
#7050=CARTESIAN_POINT('Origin',(33.3347921471751,3.44374523679953,76.937825336795));
#7051=CARTESIAN_POINT('Origin',(33.3347921471751,3.44374523679953,76.937825336795));
#7052=CARTESIAN_POINT('Origin',(32.8907848126888,11.4142328244664,11.0855346773064));
#7053=CARTESIAN_POINT('',(33.9584364181009,8.5,10.8207293615082));
#7054=CARTESIAN_POINT('Origin',(32.8911099027754,8.5,11.0868385678183));
#7055=CARTESIAN_POINT('',(33.9590037482747,3.41423367498626,10.8230048428636));
#7056=CARTESIAN_POINT('',(33.9581113280144,11.4142328244664,10.8194254709963));
#7057=CARTESIAN_POINT('Origin',(32.8916772329492,3.41423367498626,11.0891140491736));
#7058=CARTESIAN_POINT('Origin',(32.8916772329492,3.41423367498626,11.0891140491736));
#7059=CARTESIAN_POINT('Origin',(84.0430743538033,11.435905377673,46.7708650667315));
#7060=CARTESIAN_POINT('',(85.1107283768439,8.5,46.5060694477003));
#7061=CARTESIAN_POINT('Origin',(84.0434018615183,8.5,46.7721786540103));
#7062=CARTESIAN_POINT('',(85.1112932893892,3.43590622819288,46.5083352322887));
#7063=CARTESIAN_POINT('',(85.1104008691289,11.435905377673,46.5047558604214));
#7064=CARTESIAN_POINT('Origin',(84.0439667740636,3.43590622819288,46.7744444385987));
#7065=CARTESIAN_POINT('Origin',(84.0439667740636,3.43590622819288,46.7744444385987));
#7066=CARTESIAN_POINT('Origin',(66.6131971429185,11.4110049973931,-4.53652972568165));
#7067=CARTESIAN_POINT('',(67.6808483882583,8.5,-4.8013364856791));
#7068=CARTESIAN_POINT('Origin',(66.6135218729327,8.5,-4.53522727936903));
#7069=CARTESIAN_POINT('',(67.6814160785044,3.41100584791294,-4.79905956012444));
#7070=CARTESIAN_POINT('',(67.6805236582441,11.4110049973931,-4.80263893199171));
#7071=CARTESIAN_POINT('Origin',(66.6140895631788,3.41100584791294,-4.53295035381438));
#7072=CARTESIAN_POINT('Origin',(66.6140895631788,3.41100584791294,-4.53295035381438));
#7073=CARTESIAN_POINT('Origin',(25.1087069517922,11.4280663690664,43.9441571803875));
#7074=CARTESIAN_POINT('',(26.1763601003714,8.5,43.679358054015));
#7075=CARTESIAN_POINT('Origin',(25.1090335850458,8.5,43.9454672603251));
#7076=CARTESIAN_POINT('',(26.1769258873781,3.42806721958623,43.6816273459447));
#7077=CARTESIAN_POINT('',(26.1760334671178,11.4280663690664,43.6780479740774));
#7078=CARTESIAN_POINT('Origin',(25.1095993720525,3.42806721958623,43.9477365522547));
#7079=CARTESIAN_POINT('Origin',(25.1095993720525,3.42806721958623,43.9477365522547));
#7080=CARTESIAN_POINT('Origin',(24.3698191787827,11.435905377673,61.648788874067));
#7081=CARTESIAN_POINT('',(25.4374732018233,8.5,61.3839932550358));
#7082=CARTESIAN_POINT('Origin',(24.3701466864977,8.5,61.6501024613459));
#7083=CARTESIAN_POINT('',(25.4380381143686,3.43590622819288,61.3862590396242));
#7084=CARTESIAN_POINT('',(25.4371456941083,11.435905377673,61.3826796677569));
#7085=CARTESIAN_POINT('Origin',(24.3707115990431,3.43590622819288,61.6523682459342));
#7086=CARTESIAN_POINT('Origin',(24.3707115990431,3.43590622819288,61.6523682459342));
#7087=CARTESIAN_POINT('Origin',(52.063998848935,11.4073160521664,-9.15397657367376));
#7088=CARTESIAN_POINT('',(53.1316496827636,8.5,-9.41878498418473));
#7089=CARTESIAN_POINT('Origin',(52.064323167438,8.5,-9.15267577787467));
#7090=CARTESIAN_POINT('',(53.132217784521,3.40731690268628,-9.41650640811656));
#7091=CARTESIAN_POINT('',(53.1313253642606,11.4073160521664,-9.42008577998383));
#7092=CARTESIAN_POINT('Origin',(52.0648912691954,3.40731690268628,-9.15039720180649));
#7093=CARTESIAN_POINT('Origin',(52.0648912691954,3.40731690268628,-9.15039720180649));
#7094=CARTESIAN_POINT('Origin',(82.8190381647367,11.4437443862797,64.5964554905519));
#7095=CARTESIAN_POINT('',(83.8866930622386,8.5,64.3316633788619));
#7096=CARTESIAN_POINT('Origin',(82.8193665469131,8.5,64.597772585172));
#7097=CARTESIAN_POINT('',(83.8872571003226,3.44374523679953,64.3339256561091));
#7098=CARTESIAN_POINT('',(83.8863646800623,11.4437443862797,64.3303462842418));
#7099=CARTESIAN_POINT('Origin',(82.8199305849971,3.44374523679952,64.6000348624192));
#7100=CARTESIAN_POINT('Origin',(82.8199305849971,3.44374523679952,64.6000348624192));
#7101=CARTESIAN_POINT('Origin',(-11.691559476654,8.3,54.0366304763276));
#7102=CARTESIAN_POINT('',(-8.43917781976557,8.3,35.3170681535076));
#7103=CARTESIAN_POINT('',(-3.17044999720054,8.3,71.0187002335502));
#7104=CARTESIAN_POINT('Origin',(-11.691559476654,8.3,54.0366304763276));
#7105=CARTESIAN_POINT('',(-3.08075410794314,8.5,71.1974588625736));
#7106=CARTESIAN_POINT('Origin',(-3.08075410794314,8.3,71.1974588625736));
#7107=CARTESIAN_POINT('',(-8.39899723944332,8.5,35.1210539872513));
#7108=CARTESIAN_POINT('Origin',(-11.691559476654,8.5,54.0366304763276));
#7109=CARTESIAN_POINT('Ctrl Pts',(-8.3989972394433,8.5,35.1210539872512));
#7110=CARTESIAN_POINT('Ctrl Pts',(-8.39913317809031,8.5,35.1217168768839));
#7111=CARTESIAN_POINT('Ctrl Pts',(-8.39926911534473,8.49999656880987,35.1223797623737));
#7112=CARTESIAN_POINT('Ctrl Pts',(-8.40468303037484,8.49972325562797,35.1487803270433));
#7113=CARTESIAN_POINT('Ctrl Pts',(-8.4098985053919,8.49428660535245,35.1742173738313));
#7114=CARTESIAN_POINT('Ctrl Pts',(-8.41956643426404,8.47378094084208,35.221376641691));
#7115=CARTESIAN_POINT('Ctrl Pts',(-8.42393280211763,8.4589899330411,35.2426788096054));
#7116=CARTESIAN_POINT('Ctrl Pts',(-8.43127878574482,8.42191376039998,35.2785210077522));
#7117=CARTESIAN_POINT('Ctrl Pts',(-8.43418886598469,8.39998639663597,35.2927216610729));
#7118=CARTESIAN_POINT('Ctrl Pts',(-8.43815715986918,8.35181431099544,35.3120869007609));
#7119=CARTESIAN_POINT('Ctrl Pts',(-8.4391778197652,8.32603193285645,35.3170681535077));
#7120=CARTESIAN_POINT('Ctrl Pts',(-8.43917781976585,8.3,35.3170681535075));
#7121=CARTESIAN_POINT('Origin',(12.4194753613116,8.3,63.4198938099983));
#7122=CARTESIAN_POINT('',(-20.167650500938,8.3,79.5474018826251));
#7123=CARTESIAN_POINT('',(-20.0779546118355,8.5,79.7261605113399));
#7124=CARTESIAN_POINT('Origin',(-20.0779546118355,8.3,79.7261605113399));
#7125=CARTESIAN_POINT('',(12.4194753613116,8.5,63.4198938099983));
#7126=CARTESIAN_POINT('',(12.3297794720542,8.3,63.2411351809749));
#7127=CARTESIAN_POINT('Origin',(-25.5494040961758,8.3,68.8218842615446));
#7128=CARTESIAN_POINT('',(-24.5042710693118,8.3,80.7762849975143));
#7129=CARTESIAN_POINT('',(-24.4868521855308,8.5,80.9755250097791));
#7130=CARTESIAN_POINT('Origin',(-24.4868521855308,8.3,80.9755250097791));
#7131=CARTESIAN_POINT('Origin',(-25.5494040961758,8.5,68.8218842615446));
#7132=CARTESIAN_POINT('Origin',(-25.5494040961758,8.3,68.8218842615446));
#7133=CARTESIAN_POINT('Origin',(-8.8234152321082,8.3,79.6061134098899));
#7134=CARTESIAN_POINT('',(-51.7805753751992,8.3,83.1609779374929));
#7135=CARTESIAN_POINT('',(-51.7631563649507,8.5,83.3602179387024));
#7136=CARTESIAN_POINT('Origin',(-51.7631563649507,8.3,83.3602179387024));
#7137=CARTESIAN_POINT('',(-8.8234152321082,8.5,79.6061134098899));
#7138=CARTESIAN_POINT('',(-8.8408342423567,8.3,79.4068734086804));
#7139=CARTESIAN_POINT('Origin',(-54.3063318612326,8.3,54.2711777621148));
#7140=CARTESIAN_POINT('',(-47.6331136857386,8.3,26.0494102912021));
#7141=CARTESIAN_POINT('',(-47.5870914914248,8.5,25.8547774120923));
#7142=CARTESIAN_POINT('Origin',(-47.5870914914248,8.3,25.8547774120923));
#7143=CARTESIAN_POINT('Origin',(-54.3063318612326,8.5,54.2711777621148));
#7144=CARTESIAN_POINT('Origin',(-54.3063318612326,8.3,54.2711777621148));
#7145=CARTESIAN_POINT('Origin',(-27.9483443866302,8.3,30.4984852967499));
#7146=CARTESIAN_POINT('',(-27.9483443866302,8.5,30.4984852967499));
#7147=CARTESIAN_POINT('',(-27.994366580944,8.3,30.6931181758596));
#7148=CARTESIAN_POINT('Origin',(-25.5494040961758,0.,68.8218842615446));
#7149=CARTESIAN_POINT('',(-20.1676505009383,0.,79.5474018826252));
#7150=CARTESIAN_POINT('',(-20.167650500938,0.,79.5474018826251));
#7151=CARTESIAN_POINT('',(-24.5042710693119,0.,80.7762849975129));
#7152=CARTESIAN_POINT('Origin',(-25.5494040961758,0.,68.8218842615446));
#7153=CARTESIAN_POINT('',(-24.5042710693118,0.,80.7762849975143));
#7154=CARTESIAN_POINT('Origin',(-3.17044999720054,0.,71.0187002335502));
#7155=CARTESIAN_POINT('',(-3.17044999720055,0.,71.0187002335502));
#7156=CARTESIAN_POINT('',(-3.17044999720054,0.,71.0187002335502));
#7157=CARTESIAN_POINT('',(-13.7254995243075,0.,76.3149175891101));
#7158=CARTESIAN_POINT('Origin',(-11.691559476654,0.,54.0366304763276));
#7159=CARTESIAN_POINT('',(-8.43917781976556,0.,35.3170681535076));
#7160=CARTESIAN_POINT('',(-8.43917781976557,0.,35.3170681535076));
#7161=CARTESIAN_POINT('Origin',(-11.691559476654,0.,54.0366304763276));
#7162=CARTESIAN_POINT('Origin',(0.,8.5,0.));
#7163=CARTESIAN_POINT('',(-85.5,8.5,56.5));
#7164=CARTESIAN_POINT('',(-56.5,8.5,85.5));
#7165=CARTESIAN_POINT('Origin',(-56.5,8.5,56.5));
#7166=CARTESIAN_POINT('',(56.5,8.5,85.5));
#7167=CARTESIAN_POINT('',(56.5,8.5,85.5));
#7168=CARTESIAN_POINT('',(85.5,8.5,56.5));
#7169=CARTESIAN_POINT('Origin',(56.5000000000001,8.5,56.5));
#7170=CARTESIAN_POINT('',(85.5,8.5,-56.5));
#7171=CARTESIAN_POINT('',(85.5,8.5,-56.5));
#7172=CARTESIAN_POINT('',(56.5,8.5,-85.5));
#7173=CARTESIAN_POINT('Origin',(56.5000000000001,8.5,-56.5));
#7174=CARTESIAN_POINT('',(-56.5,8.5,-85.5));
#7175=CARTESIAN_POINT('',(-56.5,8.5,-85.5));
#7176=CARTESIAN_POINT('',(-85.5,8.5,-56.5));
#7177=CARTESIAN_POINT('Origin',(-56.5,8.5,-56.5));
#7178=CARTESIAN_POINT('',(-85.5,8.5,56.5));
#7179=CARTESIAN_POINT('',(3.08075410794595,8.5,-71.1974588625791));
#7180=CARTESIAN_POINT('',(8.39899723944401,8.5,-35.1210539872561));
#7181=CARTESIAN_POINT('Origin',(11.6915594766554,8.5,-54.0366304763324));
#7182=CARTESIAN_POINT('',(20.077954611839,8.5,-79.7261605113439));
#7183=CARTESIAN_POINT('',(-12.4194753613093,8.5,-63.4198938100051));
#7184=CARTESIAN_POINT('',(24.4868521855344,8.5,-80.9755250097828));
#7185=CARTESIAN_POINT('Origin',(25.5494040961786,8.5,-68.821884261547));
#7186=CARTESIAN_POINT('',(51.7631563649544,8.5,-83.3602179387038));
#7187=CARTESIAN_POINT('',(8.82341523211297,8.5,-79.606113409895));
#7188=CARTESIAN_POINT('',(47.5870914914237,8.5,-25.8547774120942));
#7189=CARTESIAN_POINT('Origin',(54.3063318612339,8.5,-54.2711777621161));
#7190=CARTESIAN_POINT('',(27.9483443866317,8.5,-30.4984852967528));
#7191=CARTESIAN_POINT('',(71.1780194039529,8.5,3.08682869744789));
#7192=CARTESIAN_POINT('',(35.1016134890106,8.5,8.40506449651525));
#7193=CARTESIAN_POINT('Ctrl Pts',(71.1780194039529,8.5,3.08682869744788));
#7194=CARTESIAN_POINT('Ctrl Pts',(70.8670971535711,8.5,2.46717865458084));
#7195=CARTESIAN_POINT('Ctrl Pts',(70.5220372613442,8.50000000008998,1.86481992191687));
#7196=CARTESIAN_POINT('Ctrl Pts',(70.145425803067,8.49999999991003,1.28284850004767));
#7197=CARTESIAN_POINT('Ctrl Pts',(69.7663610407695,8.49999999972892,0.69708602828451));
#7198=CARTESIAN_POINT('Ctrl Pts',(69.3553328111441,8.50000000001898,0.131978083790801));
#7199=CARTESIAN_POINT('Ctrl Pts',(68.9150251010667,8.49999999412854,-0.409342489748803));
#7200=CARTESIAN_POINT('Ctrl Pts',(68.4777410782311,8.49999998827856,-0.946945699103166));
#7201=CARTESIAN_POINT('Ctrl Pts',(68.0115789268681,8.49999997776046,-1.46108645264484));
#7202=CARTESIAN_POINT('Ctrl Pts',(67.5192056016654,8.49999993361097,-1.94873011001684));
#7203=CARTESIAN_POINT('Ctrl Pts',(67.3733300973069,8.49999992053079,-2.09320435511744));
#7204=CARTESIAN_POINT('Ctrl Pts',(67.2251541030058,8.49999990426314,-2.23535305708105));
#7205=CARTESIAN_POINT('Ctrl Pts',(67.0747475005304,8.49999988334009,-2.375098012155));
#7206=CARTESIAN_POINT('Ctrl Pts',(66.9262158659507,8.49999986267786,-2.51310090737235));
#7207=CARTESIAN_POINT('Ctrl Pts',(66.7755088936542,8.49999983747983,-2.64875961234219));
#7208=CARTESIAN_POINT('Ctrl Pts',(66.6227124220327,8.49999980589922,-2.78200667927825));
#7209=CARTESIAN_POINT('Ctrl Pts',(66.2607368881373,8.49999973108461,-3.09766958485667));
#7210=CARTESIAN_POINT('Ctrl Pts',(65.8866591161785,8.4999994967718,-3.399667060356));
#7211=CARTESIAN_POINT('Ctrl Pts',(65.5017317578829,8.49999542486826,-3.68719300588134));
#7212=CARTESIAN_POINT('Ctrl Pts',(65.1170674430166,8.49999135574729,-3.97452246807267));
#7213=CARTESIAN_POINT('Ctrl Pts',(64.7215688425443,8.49998279270241,-4.24740064423787));
#7214=CARTESIAN_POINT('Ctrl Pts',(64.3164510390094,8.49996890603109,-4.50506117617898));
#7215=CARTESIAN_POINT('Ctrl Pts',(63.9112172402359,8.49995501538368,-4.76279548269784));
#7216=CARTESIAN_POINT('Ctrl Pts',(63.4963591247801,8.49993579097377,-5.00530396630912));
#7217=CARTESIAN_POINT('Ctrl Pts',(63.0730512116682,8.49991824903906,-5.23185015177043));
#7218=CARTESIAN_POINT('Ctrl Pts',(62.650233755956,8.49990072742896,-5.45813385394338));
#7219=CARTESIAN_POINT('Ctrl Pts',(62.2189863565659,8.49988551548886,-5.66849280044842));
#7220=CARTESIAN_POINT('Ctrl Pts',(61.7804328673779,8.49988273223996,-5.86221515921455));
#7221=CARTESIAN_POINT('Ctrl Pts',(61.6277169772971,8.49988176303929,-5.92967439321196));
#7222=CARTESIAN_POINT('Ctrl Pts',(61.4741147059663,8.49988227867201,-5.99511640382828));
#7223=CARTESIAN_POINT('Ctrl Pts',(61.3196720943331,8.49988450092797,-6.05851156285389));
#7224=CARTESIAN_POINT('Ctrl Pts',(60.945054288635,8.49988989125803,-6.21228360228605));
#7225=CARTESIAN_POINT('Ctrl Pts',(60.5654941078644,8.49990631806636,-6.35401255508954));
#7226=CARTESIAN_POINT('Ctrl Pts',(60.1817959230359,8.49992927256207,-6.483778151295));
#7227=CARTESIAN_POINT('Ctrl Pts',(59.6283911436625,8.49996237964502,-6.67093801802836));
#7228=CARTESIAN_POINT('Ctrl Pts',(59.0663715735639,8.49997699140176,-6.83204637936559));
#7229=CARTESIAN_POINT('Ctrl Pts',(58.4981850516477,8.49998569059229,-6.96714073269098));
#7230=CARTESIAN_POINT('Ctrl Pts',(57.9172187572613,8.49999458544687,-7.10527365703297));
#7231=CARTESIAN_POINT('Ctrl Pts',(57.3298045768661,8.49999701995959,-7.21620971885605));
#7232=CARTESIAN_POINT('Ctrl Pts',(56.7385151327732,8.49999837853354,-7.29995836169689));
#7233=CARTESIAN_POINT('Ctrl Pts',(56.1426556560085,8.49999974760781,-7.3843542916453));
#7234=CARTESIAN_POINT('Ctrl Pts',(55.5428601492146,8.49999979157953,-7.44114139830185));
#7235=CARTESIAN_POINT('Ctrl Pts',(54.9417250227962,8.49999986949217,-7.47029100121185));
#7236=CARTESIAN_POINT('Ctrl Pts',(54.3410291316663,8.49999994734789,-7.49941930519307));
#7237=CARTESIAN_POINT('Ctrl Pts',(53.7389948144492,8.49999991686175,-7.500950905302));
#7238=CARTESIAN_POINT('Ctrl Pts',(53.1381872323977,8.49999983859489,-7.47481232319581));
#7239=CARTESIAN_POINT('Ctrl Pts',(53.0314032943008,8.49999982468421,-7.47016660829981));
#7240=CARTESIAN_POINT('Ctrl Pts',(52.9246580601947,8.49999980867397,-7.46464668560735));
#7241=CARTESIAN_POINT('Ctrl Pts',(52.8179658770007,8.49999979071812,-7.45825197813779));
#7242=CARTESIAN_POINT('Ctrl Pts',(52.3685610770058,8.49999971508514,-7.43131643192107));
#7243=CARTESIAN_POINT('Ctrl Pts',(51.9199049102401,8.49999951153236,-7.38848651429443));
#7244=CARTESIAN_POINT('Ctrl Pts',(51.4732724455072,8.49999506326298,-7.32984264206503));
#7245=CARTESIAN_POINT('Ctrl Pts',(51.0278056908369,8.49999062660358,-7.27135183025415));
#7246=CARTESIAN_POINT('Ctrl Pts',(50.5843523680906,8.49998126432389,-7.19713005832152));
#7247=CARTESIAN_POINT('Ctrl Pts',(50.1441327700813,8.49996522073966,-7.10728278914911));
#7248=CARTESIAN_POINT('Ctrl Pts',(49.7039456940454,8.49994917834069,-7.01744215759692));
#7249=CARTESIAN_POINT('Ctrl Pts',(49.2669920702423,8.49992636443559,-6.91197888747864));
#7250=CARTESIAN_POINT('Ctrl Pts',(48.8344433907072,8.49990328717389,-6.79101584410014));
#7251=CARTESIAN_POINT('Ctrl Pts',(48.5132779049302,8.49988615240891,-6.70120131818485));
#7252=CARTESIAN_POINT('Ctrl Pts',(48.1945398632071,8.49986915799636,-6.60284216869355));
#7253=CARTESIAN_POINT('Ctrl Pts',(47.87869066141,8.49985705776293,-6.49599223755457));
#7254=CARTESIAN_POINT('Ctrl Pts',(47.4604223906093,8.4998410338386,-6.35449453650487));
#7255=CARTESIAN_POINT('Ctrl Pts',(47.0472219756086,8.49983432984467,-6.19810705053708));
#7256=CARTESIAN_POINT('Ctrl Pts',(46.6398786005601,8.49984491609586,-6.0276865463525));
#7257=CARTESIAN_POINT('Ctrl Pts',(46.3001652214544,8.49985374474359,-5.88556044613408));
#7258=CARTESIAN_POINT('Ctrl Pts',(45.9645246098583,8.49987501280847,-5.73367443935072));
#7259=CARTESIAN_POINT('Ctrl Pts',(45.6333886592665,8.49990348500959,-5.57252253432575));
#7260=CARTESIAN_POINT('Ctrl Pts',(45.1259179615205,8.49994711907513,-5.3255548778694));
#7261=CARTESIAN_POINT('Ctrl Pts',(44.6296736211846,8.49996703632909,-5.05579668782655));
#7262=CARTESIAN_POINT('Ctrl Pts',(44.1462631879553,8.49997883744531,-4.76474746718076));
#7263=CARTESIAN_POINT('Ctrl Pts',(43.6501938296768,8.49999094759384,-4.46607662727209));
#7264=CARTESIAN_POINT('Ctrl Pts',(43.167638655619,8.49999431535799,-4.14498506421272));
#7265=CARTESIAN_POINT('Ctrl Pts',(42.7003323535516,8.4999961369705,-3.80303928123479));
#7266=CARTESIAN_POINT('Ctrl Pts',(42.2288286853491,8.49999797494482,-3.45802212591889));
#7267=CARTESIAN_POINT('Ctrl Pts',(41.7728482719004,8.49999802395945,-3.0917742098219));
#7268=CARTESIAN_POINT('Ctrl Pts',(41.3341816099518,8.4999971552363,-2.705852511981));
#7269=CARTESIAN_POINT('Ctrl Pts',(40.8960124697981,8.49999628749843,-2.32036851427196));
#7270=CARTESIAN_POINT('Ctrl Pts',(40.4751170306297,8.49999431391552,-1.91525497966292));
#7271=CARTESIAN_POINT('Ctrl Pts',(40.0733001419326,8.49998869668288,-1.49201639738354));
#7272=CARTESIAN_POINT('Ctrl Pts',(39.9492061837418,8.49998696190107,-1.36130673233086));
#7273=CARTESIAN_POINT('Ctrl Pts',(39.8269320799868,8.49998486586836,-1.22886803117762));
#7274=CARTESIAN_POINT('Ctrl Pts',(39.7065315738644,8.49998230831327,-1.09474378205544));
#7275=CARTESIAN_POINT('Ctrl Pts',(39.3339046784945,8.49997439294939,-0.679643346402946));
#7276=CARTESIAN_POINT('Ctrl Pts',(38.9790683224911,8.49996292405925,-0.248349587969753));
#7277=CARTESIAN_POINT('Ctrl Pts',(38.6437484811283,8.49995009250886,0.197633990343585));
#7278=CARTESIAN_POINT('Ctrl Pts',(38.3097670681845,8.49993731217557,0.641837426172023));
#7279=CARTESIAN_POINT('Ctrl Pts',(37.995146756616,8.49992331718624,1.10061289981668));
#7280=CARTESIAN_POINT('Ctrl Pts',(37.7015416883807,8.49991331485765,1.57247072051234));
#7281=CARTESIAN_POINT('Ctrl Pts',(37.6148564044403,8.49991036172506,1.7117841506666));
#7282=CARTESIAN_POINT('Ctrl Pts',(37.5300026604084,8.49990776734975,1.85223797285055));
#7283=CARTESIAN_POINT('Ctrl Pts',(37.447022157979,8.49990567464984,1.99379392105599));
#7284=CARTESIAN_POINT('Ctrl Pts',(37.1676291340319,8.49989862858797,2.4704088277986));
#7285=CARTESIAN_POINT('Ctrl Pts',(36.9094759054975,8.49989766416414,2.95951688348392));
#7286=CARTESIAN_POINT('Ctrl Pts',(36.6729437929917,8.49990593798211,3.45889375701752));
#7287=CARTESIAN_POINT('Ctrl Pts',(36.4391578070608,8.49991411574144,3.95247288880345));
#7288=CARTESIAN_POINT('Ctrl Pts',(36.2264934037431,8.49993190349684,4.45608307072503));
#7289=CARTESIAN_POINT('Ctrl Pts',(36.0352735403328,8.49995271737128,4.96759680323347));
#7290=CARTESIAN_POINT('Ctrl Pts',(35.9946900441105,8.49995713479832,5.07615778252041));
#7291=CARTESIAN_POINT('Ctrl Pts',(35.9550723356271,8.49996163432002,5.18507486080189));
#7292=CARTESIAN_POINT('Ctrl Pts',(35.9164232638114,8.49996605304596,5.29432786392644));
#7293=CARTESIAN_POINT('Ctrl Pts',(35.7348662848079,8.49998681035,5.80755222514649));
#7294=CARTESIAN_POINT('Ctrl Pts',(35.57519674795,8.49999441589121,6.32851773147677));
#7295=CARTESIAN_POINT('Ctrl Pts',(35.4378928151505,8.4999975831561,6.85533235443834));
#7296=CARTESIAN_POINT('Ctrl Pts',(35.3045428983707,8.50000065921154,7.36697601021685));
#7297=CARTESIAN_POINT('Ctrl Pts',(35.1922894233521,8.49999999999986,7.88413736328696));
#7298=CARTESIAN_POINT('Ctrl Pts',(35.1016134890107,8.5,8.40506449651526));
#7299=CARTESIAN_POINT('',(79.706716951521,8.5,20.084029105141));
#7300=CARTESIAN_POINT('',(63.401197435143,8.5,-12.4119272147609));
#7301=CARTESIAN_POINT('',(80.9560803964116,8.5,24.4929264877558));
#7302=CARTESIAN_POINT('Ctrl Pts',(80.9560803964116,8.5,24.4929264877558));
#7303=CARTESIAN_POINT('Ctrl Pts',(80.8222550002351,8.5,22.9622058927699));
#7304=CARTESIAN_POINT('Ctrl Pts',(80.3958320273941,8.5,21.4573954760626));
#7305=CARTESIAN_POINT('Ctrl Pts',(79.7067169518418,8.5,20.0840291049801));
#7306=CARTESIAN_POINT('',(83.3407668144239,8.5,51.7692283859841));
#7307=CARTESIAN_POINT('',(79.5864834124189,8.5,8.82732763493708));
#7308=CARTESIAN_POINT('',(25.8353276387287,8.5,47.5931530808095));
#7309=CARTESIAN_POINT('Ctrl Pts',(25.8353276387287,8.5,47.5931530808095));
#7310=CARTESIAN_POINT('Ctrl Pts',(24.7279854272586,8.5,52.2762186992871));
#7311=CARTESIAN_POINT('Ctrl Pts',(24.87641680494,8.5,62.1957891240548));
#7312=CARTESIAN_POINT('Ctrl Pts',(32.1321013439436,8.49999999999999,75.1959616774757));
#7313=CARTESIAN_POINT('Ctrl Pts',(44.693285608197,8.5,83.1850744994861));
#7314=CARTESIAN_POINT('Ctrl Pts',(59.5387318910338,8.5,84.2688245923514));
#7315=CARTESIAN_POINT('Ctrl Pts',(73.1203419382081,8.5,78.1695320503698));
#7316=CARTESIAN_POINT('Ctrl Pts',(82.1797481707912,8.50000000000001,66.3579972782811));
#7317=CARTESIAN_POINT('Ctrl Pts',(83.7598848948947,8.5,56.5631464489982));
#7318=CARTESIAN_POINT('Ctrl Pts',(83.3407668144239,8.50000000000001,51.7692283859841));
#7319=CARTESIAN_POINT('',(30.4802331435889,8.5,27.9493636119947));
#7320=CARTESIAN_POINT('',(-71.1974615874078,8.5,-3.08075410794597));
#7321=CARTESIAN_POINT('',(-35.1210567120849,8.5,-8.39899723944511));
#7322=CARTESIAN_POINT('Origin',(-54.0366332011613,8.5,-11.6915594766553));
#7323=CARTESIAN_POINT('',(-79.7261632361726,8.5,-20.0779546118389));
#7324=CARTESIAN_POINT('',(-63.4198962608063,8.5,12.4194759074302));
#7325=CARTESIAN_POINT('',(-80.9755277346115,8.5,-24.4868521855343));
#7326=CARTESIAN_POINT('Origin',(-68.8218869863781,8.5,-25.5494040961782));
#7327=CARTESIAN_POINT('',(-83.3602206635325,8.5,-51.7631563649542));
#7328=CARTESIAN_POINT('',(-79.6061161243891,8.5,-8.82341511390423));
#7329=CARTESIAN_POINT('',(-25.8547801369233,8.5,-47.5870914914236));
#7330=CARTESIAN_POINT('Origin',(-54.271180486945,8.5,-54.3063318612337));
#7331=CARTESIAN_POINT('',(-30.4984879494406,8.5,-27.948344691725));
#7332=CARTESIAN_POINT('Origin',(-54.0366332011613,8.3,-11.6915594766553));
#7333=CARTESIAN_POINT('',(-35.3170708783417,8.3,-8.43917781976537));
#7334=CARTESIAN_POINT('',(-71.0187029583844,8.3,-3.17044999720336));
#7335=CARTESIAN_POINT('Origin',(-54.0366332011613,8.3,-11.6915594766553));
#7336=CARTESIAN_POINT('Origin',(-71.1974615874078,8.3,-3.08075410794597));
#7337=CARTESIAN_POINT('Ctrl Pts',(-35.1210567120849,8.5,-8.39899723944512));
#7338=CARTESIAN_POINT('Ctrl Pts',(-35.1217196017174,8.5,-8.39913317809205));
#7339=CARTESIAN_POINT('Ctrl Pts',(-35.1223824872085,8.49999656880986,-8.39926911534208));
#7340=CARTESIAN_POINT('Ctrl Pts',(-35.1487830518525,8.49972325562806,-8.40468303047102));
#7341=CARTESIAN_POINT('Ctrl Pts',(-35.1742200986651,8.49428660535275,-8.40989850539015));
#7342=CARTESIAN_POINT('Ctrl Pts',(-35.2213793665252,8.47378094084189,-8.41956643426519));
#7343=CARTESIAN_POINT('Ctrl Pts',(-35.2426815344398,8.45898993304091,-8.42393280211738));
#7344=CARTESIAN_POINT('Ctrl Pts',(-35.2785237325863,8.42191376039995,-8.4312787857445));
#7345=CARTESIAN_POINT('Ctrl Pts',(-35.2927243859069,8.39998639663593,-8.43418886598509));
#7346=CARTESIAN_POINT('Ctrl Pts',(-35.312089625595,8.35181431099569,-8.43815715986835));
#7347=CARTESIAN_POINT('Ctrl Pts',(-35.3170708783416,8.32603193285659,-8.43917781976596));
#7348=CARTESIAN_POINT('Ctrl Pts',(-35.3170708783416,8.3,-8.43917781976559));
#7349=CARTESIAN_POINT('Origin',(-63.4198962608063,8.3,12.4194759074302));
#7350=CARTESIAN_POINT('',(-79.5474046071492,8.3,-20.1676505010963));
#7351=CARTESIAN_POINT('Origin',(-79.7261632361726,8.3,-20.0779546118389));
#7352=CARTESIAN_POINT('',(-63.2411376317829,8.3,12.3297800181728));
#7353=CARTESIAN_POINT('Origin',(-68.8218869863781,8.3,-25.5494040961782));
#7354=CARTESIAN_POINT('',(-80.7762877223453,8.3,-24.5042710693153));
#7355=CARTESIAN_POINT('Origin',(-80.9755277346115,8.3,-24.4868521855343));
#7356=CARTESIAN_POINT('Origin',(-68.8218869863781,8.3,-25.5494040961782));
#7357=CARTESIAN_POINT('Origin',(-79.6061161243891,8.3,-8.82341511390423));
#7358=CARTESIAN_POINT('',(-83.1609806623231,8.3,-51.7805753752027));
#7359=CARTESIAN_POINT('Origin',(-83.3602206635325,8.3,-51.7631563649542));
#7360=CARTESIAN_POINT('',(-79.4068761231796,8.3,-8.84083412415272));
#7361=CARTESIAN_POINT('Origin',(-54.271180486945,8.3,-54.3063318612337));
#7362=CARTESIAN_POINT('',(-26.0494130160331,8.3,-47.6331136857373));
#7363=CARTESIAN_POINT('Origin',(-25.8547801369233,8.3,-47.5870914914236));
#7364=CARTESIAN_POINT('Origin',(-54.271180486945,8.3,-54.3063318612337));
#7365=CARTESIAN_POINT('Origin',(-30.4984879494406,8.3,-27.948344691725));
#7366=CARTESIAN_POINT('',(-30.6931208285503,8.3,-27.9943668860388));
#7367=CARTESIAN_POINT('Origin',(-68.8218869863781,0.,-25.5494040961782));
#7368=CARTESIAN_POINT('',(-79.547404607458,0.,-20.1676505009419));
#7369=CARTESIAN_POINT('',(-79.5474046071492,0.,-20.1676505010963));
#7370=CARTESIAN_POINT('',(-80.7762877223453,0.,-24.5042710693153));
#7371=CARTESIAN_POINT('Origin',(-68.8218869863781,0.,-25.5494040961782));
#7372=CARTESIAN_POINT('',(-80.7762877223453,0.,-24.5042710693153));
#7373=CARTESIAN_POINT('Origin',(-71.0187029583844,0.,-3.17044999720336));
#7374=CARTESIAN_POINT('',(-71.0187029583844,0.,-3.17044999720336));
#7375=CARTESIAN_POINT('',(-71.0187029583844,0.,-3.17044999720336));
#7376=CARTESIAN_POINT('',(-76.3149203139433,0.,-13.7254995243104));
#7377=CARTESIAN_POINT('Origin',(-54.0366332011613,0.,-11.6915594766553));
#7378=CARTESIAN_POINT('',(-35.3170708783417,0.,-8.43917781976536));
#7379=CARTESIAN_POINT('',(-35.3170708783417,0.,-8.43917781976537));
#7380=CARTESIAN_POINT('Origin',(-54.0366332011613,0.,-11.6915594766553));
#7381=CARTESIAN_POINT('Origin',(11.6915594766554,8.3,-54.0366304763324));
#7382=CARTESIAN_POINT('',(8.43917781976534,8.3,-35.3170681535127));
#7383=CARTESIAN_POINT('',(3.17044999720334,8.3,-71.0187002335557));
#7384=CARTESIAN_POINT('Origin',(11.6915594766554,8.3,-54.0366304763324));
#7385=CARTESIAN_POINT('Origin',(3.08075410794595,8.3,-71.1974588625791));
#7386=CARTESIAN_POINT('Ctrl Pts',(8.39899723944401,8.5,-35.1210539872561));
#7387=CARTESIAN_POINT('Ctrl Pts',(8.39913317809099,8.5,-35.1217168768888));
#7388=CARTESIAN_POINT('Ctrl Pts',(8.3992691153437,8.49999656880986,-35.122379762379));
#7389=CARTESIAN_POINT('Ctrl Pts',(8.40468303039815,8.49972325562799,-35.1487803270423));
#7390=CARTESIAN_POINT('Ctrl Pts',(8.40989850539099,8.49428660535252,-35.1742173738364));
#7391=CARTESIAN_POINT('Ctrl Pts',(8.41956643426396,8.47378094084202,-35.2213766416962));
#7392=CARTESIAN_POINT('Ctrl Pts',(8.42393280211714,8.45898993304105,-35.2426788096107));
#7393=CARTESIAN_POINT('Ctrl Pts',(8.43127878574431,8.42191376039999,-35.2785210077573));
#7394=CARTESIAN_POINT('Ctrl Pts',(8.4341888659844,8.39998639663597,-35.292721661078));
#7395=CARTESIAN_POINT('Ctrl Pts',(8.43815715986855,8.35181431099553,-35.312086900766));
#7396=CARTESIAN_POINT('Ctrl Pts',(8.43917781976498,8.3260319328565,-35.3170681535128));
#7397=CARTESIAN_POINT('Ctrl Pts',(8.43917781976536,8.3,-35.3170681535127));
#7398=CARTESIAN_POINT('Origin',(-12.4194753613093,8.3,-63.4198938100051));
#7399=CARTESIAN_POINT('',(20.1676505009415,8.3,-79.5474018826292));
#7400=CARTESIAN_POINT('Origin',(20.077954611839,8.3,-79.7261605113439));
#7401=CARTESIAN_POINT('',(-12.3297794720519,8.3,-63.2411351809817));
#7402=CARTESIAN_POINT('Origin',(25.5494040961786,8.3,-68.821884261547));
#7403=CARTESIAN_POINT('',(24.5042710693153,8.3,-80.7762849975179));
#7404=CARTESIAN_POINT('Origin',(24.4868521855344,8.3,-80.9755250097828));
#7405=CARTESIAN_POINT('Origin',(25.5494040961786,8.3,-68.821884261547));
#7406=CARTESIAN_POINT('Origin',(8.82341523211297,8.3,-79.606113409895));
#7407=CARTESIAN_POINT('',(51.7805753752029,8.3,-83.1609779374943));
#7408=CARTESIAN_POINT('Origin',(51.7631563649544,8.3,-83.3602179387038));
#7409=CARTESIAN_POINT('',(8.84083424236145,8.3,-79.4068734086855));
#7410=CARTESIAN_POINT('Origin',(54.3063318612339,8.3,-54.2711777621161));
#7411=CARTESIAN_POINT('',(47.6331136857375,8.3,-26.049410291204));
#7412=CARTESIAN_POINT('Origin',(47.5870914914237,8.3,-25.8547774120942));
#7413=CARTESIAN_POINT('Origin',(54.3063318612339,8.3,-54.2711777621161));
#7414=CARTESIAN_POINT('Origin',(27.9483443866317,8.3,-30.4984852967528));
#7415=CARTESIAN_POINT('',(27.9943665809455,8.3,-30.6931181758626));
#7416=CARTESIAN_POINT('Origin',(25.5494040961786,0.,-68.821884261547));
#7417=CARTESIAN_POINT('',(20.1676505009415,0.,-79.5474018826292));
#7418=CARTESIAN_POINT('',(20.1676505009415,0.,-79.5474018826292));
#7419=CARTESIAN_POINT('',(24.5042710693151,0.,-80.7762849975166));
#7420=CARTESIAN_POINT('Origin',(25.5494040961786,0.,-68.821884261547));
#7421=CARTESIAN_POINT('',(24.5042710693153,0.,-80.7762849975179));
#7422=CARTESIAN_POINT('Origin',(3.17044999720334,0.,-71.0187002335557));
#7423=CARTESIAN_POINT('',(3.17044999720334,0.,-71.0187002335557));
#7424=CARTESIAN_POINT('',(3.17044999720334,0.,-71.0187002335557));
#7425=CARTESIAN_POINT('',(13.7254995243104,0.,-76.3149175891146));
#7426=CARTESIAN_POINT('Origin',(11.6915594766554,0.,-54.0366304763324));
#7427=CARTESIAN_POINT('',(8.43917781976535,0.,-35.3170681535127));
#7428=CARTESIAN_POINT('',(8.43917781976534,0.,-35.3170681535127));
#7429=CARTESIAN_POINT('Origin',(11.6915594766554,0.,-54.0366304763324));
#7430=CARTESIAN_POINT('Ctrl Pts',(35.2976276444073,8.3,8.44524513043921));
#7431=CARTESIAN_POINT('Ctrl Pts',(35.6855292470061,8.3,6.21262358525406));
#7432=CARTESIAN_POINT('Ctrl Pts',(38.033784332604,8.3,-0.288983775415835));
#7433=CARTESIAN_POINT('Ctrl Pts',(47.3997891866015,8.3,-7.92005746497954));
#7434=CARTESIAN_POINT('Ctrl Pts',(59.4683530195921,8.3,-7.51778637460884));
#7435=CARTESIAN_POINT('Ctrl Pts',(67.2153001899718,8.3,-2.52281905964465));
#7436=CARTESIAN_POINT('Ctrl Pts',(69.9830637989647,8.3,1.15130285058098));
#7437=CARTESIAN_POINT('Ctrl Pts',(70.9992607578436,8.3,3.17652455265408));
#7438=CARTESIAN_POINT('Ctrl Pts',(35.2976276444073,8.35235987755983,8.44524513043921));
#7439=CARTESIAN_POINT('Ctrl Pts',(35.6855207181859,8.35235987755983,6.21267267406341));
#7440=CARTESIAN_POINT('Ctrl Pts',(38.0338302519721,8.35235987755983,-0.288971033355536));
#7441=CARTESIAN_POINT('Ctrl Pts',(47.3997765230698,8.35235987755983,-7.92002117921655));
#7442=CARTESIAN_POINT('Ctrl Pts',(59.4683827266591,8.35235987755983,-7.51772542932256));
#7443=CARTESIAN_POINT('Ctrl Pts',(67.2152647404326,8.35235987755983,-2.52281754362612));
#7444=CARTESIAN_POINT('Ctrl Pts',(69.9830861421606,8.35235987755983,1.15134737927681));
#7445=CARTESIAN_POINT('Ctrl Pts',(70.9992607578436,8.35235987755983,3.17652455265408));
#7446=CARTESIAN_POINT('Ctrl Pts',(35.2547977121264,8.45652843079447,8.43780374414302));
#7447=CARTESIAN_POINT('Ctrl Pts',(35.6435882799139,8.45652843079447,6.20006563635613));
#7448=CARTESIAN_POINT('Ctrl Pts',(37.997206832334,8.45652843079448,-0.316411055710848));
#7449=CARTESIAN_POINT('Ctrl Pts',(47.3846508856687,8.45652843079448,-7.96494848330221));
#7450=CARTESIAN_POINT('Ctrl Pts',(59.4808200875341,8.45652843079448,-7.56176121309353));
#7451=CARTESIAN_POINT('Ctrl Pts',(67.2455032142283,8.45652843079448,-2.55535538747689));
#7452=CARTESIAN_POINT('Ctrl Pts',(70.0195895455432,8.45652843079448,1.12716549407069));
#7453=CARTESIAN_POINT('Ctrl Pts',(71.0381153521207,8.45652843079448,3.15702845476886));
#7454=CARTESIAN_POINT('Ctrl Pts',(35.1521666785021,8.5,8.41997235552048));
#7455=CARTESIAN_POINT('Ctrl Pts',(35.5430807382228,8.5,6.17001219500315));
#7456=CARTESIAN_POINT('Ctrl Pts',(37.9095941634951,8.5,-0.382123563153943));
#7457=CARTESIAN_POINT('Ctrl Pts',(47.3483658710853,8.5,-8.07248993570001));
#7458=CARTESIAN_POINT('Ctrl Pts',(59.5107175348004,8.5,-7.66708793963845));
#7459=CARTESIAN_POINT('Ctrl Pts',(67.3178492821847,8.5,-2.63331922887383));
#7460=CARTESIAN_POINT('Ctrl Pts',(70.1071317203055,8.5,1.06936137372379));
#7461=CARTESIAN_POINT('Ctrl Pts',(71.1312204998377,8.5,3.11031101742899));
#7462=CARTESIAN_POINT('Ctrl Pts',(35.1005796285956,8.5,8.41100948432754));
#7463=CARTESIAN_POINT('Ctrl Pts',(35.492564406614,8.5,6.15488665594713));
#7464=CARTESIAN_POINT('Ctrl Pts',(37.8655379714908,8.5,-0.415158684966631));
#7465=CARTESIAN_POINT('Ctrl Pts',(47.3301323440022,8.5,-8.12655945684083));
#7466=CARTESIAN_POINT('Ctrl Pts',(59.5257336757232,8.5,-7.72005393625636));
#7467=CARTESIAN_POINT('Ctrl Pts',(67.3542276650673,8.5,-2.67250801636569));
#7468=CARTESIAN_POINT('Ctrl Pts',(70.1511256328692,8.5,1.04028886798727));
#7469=CARTESIAN_POINT('Ctrl Pts',(71.1780194039529,8.5,3.08682869744789));
#7470=CARTESIAN_POINT('',(35.297627643099,8.3,8.44524513021173));
#7471=CARTESIAN_POINT('',(70.9992607578436,8.3,3.17652455265408));
#7472=CARTESIAN_POINT('Ctrl Pts',(35.2976276444073,8.3,8.44524513043921));
#7473=CARTESIAN_POINT('Ctrl Pts',(35.6855292470061,8.3,6.21262358525406));
#7474=CARTESIAN_POINT('Ctrl Pts',(38.033784332604,8.3,-0.288983775415835));
#7475=CARTESIAN_POINT('Ctrl Pts',(47.3997891866015,8.3,-7.92005746497954));
#7476=CARTESIAN_POINT('Ctrl Pts',(59.4683530195921,8.3,-7.51778637460884));
#7477=CARTESIAN_POINT('Ctrl Pts',(67.2153001899718,8.3,-2.52281905964465));
#7478=CARTESIAN_POINT('Ctrl Pts',(69.9830637989647,8.3,1.15130285058098));
#7479=CARTESIAN_POINT('Ctrl Pts',(70.9992607578436,8.3,3.17652455265408));
#7480=CARTESIAN_POINT('Origin',(71.1780194039529,8.3,3.08682869744788));
#7481=CARTESIAN_POINT('Ctrl Pts',(35.2976276444073,8.3,8.44524513043903));
#7482=CARTESIAN_POINT('Ctrl Pts',(35.2976276444073,8.31331741101845,8.44524513043913));
#7483=CARTESIAN_POINT('Ctrl Pts',(35.2962538592769,8.32655236033026,8.44496580342097));
#7484=CARTESIAN_POINT('Ctrl Pts',(35.2936237628154,8.33952892820754,8.44442875365067));
#7485=CARTESIAN_POINT('Ctrl Pts',(35.2911127327279,8.35191803744755,8.44391601651289));
#7486=CARTESIAN_POINT('Ctrl Pts',(35.2874556368957,8.36407292229655,8.44316820031137));
#7487=CARTESIAN_POINT('Ctrl Pts',(35.2827119681785,8.37583177117736,8.44219660240426));
#7488=CARTESIAN_POINT('Ctrl Pts',(35.2777316987466,8.38817711802325,8.44117654395468));
#7489=CARTESIAN_POINT('Ctrl Pts',(35.2716026211898,8.39996591560803,8.43991984175704));
#7490=CARTESIAN_POINT('Ctrl Pts',(35.2644160591678,8.41102060811649,8.43844569023959));
#7491=CARTESIAN_POINT('Ctrl Pts',(35.2575843961544,8.42152937902849,8.43704433777551));
#7492=CARTESIAN_POINT('Ctrl Pts',(35.2497962179036,8.43137590451388,8.43544632566792));
#7493=CARTESIAN_POINT('Ctrl Pts',(35.24109434832,8.44038316478317,8.43366191654038));
#7494=CARTESIAN_POINT('Ctrl Pts',(35.2407804844678,8.44070804363576,8.43359755548356));
#7495=CARTESIAN_POINT('Ctrl Pts',(35.2404655325986,8.441031719278,8.43353297273995));
#7496=CARTESIAN_POINT('Ctrl Pts',(35.2401494962754,8.44135418478719,8.43346816912802));
#7497=CARTESIAN_POINT('Ctrl Pts',(35.2309347556048,8.4507563826481,8.43157867594491));
#7498=CARTESIAN_POINT('Ctrl Pts',(35.2208016041842,8.45913288580676,8.4295020241524));
#7499=CARTESIAN_POINT('Ctrl Pts',(35.209950923785,8.46643141162831,8.4272780832391));
#7500=CARTESIAN_POINT('Ctrl Pts',(35.1999924380293,8.47312981788101,8.42523700534426));
#7501=CARTESIAN_POINT('Ctrl Pts',(35.1894280728661,8.47892028295838,8.42307160354672));
#7502=CARTESIAN_POINT('Ctrl Pts',(35.1783919223925,8.48373039406817,8.42080904553502));
#7503=CARTESIAN_POINT('Ctrl Pts',(35.1663780465276,8.48896664722613,8.41834604078037));
#7504=CARTESIAN_POINT('Ctrl Pts',(35.1539225265602,8.49299066778794,8.4157920126375));
#7505=CARTESIAN_POINT('Ctrl Pts',(35.1412082844776,8.49573318861116,8.41318462586661));
#7506=CARTESIAN_POINT('Ctrl Pts',(35.1286839559192,8.49843474420884,8.41061618581446));
#7507=CARTESIAN_POINT('Ctrl Pts',(35.1159070515742,8.49989334603712,8.40799570375621));
#7508=CARTESIAN_POINT('Ctrl Pts',(35.1030425077784,8.49999438584986,8.40535754029517));
#7509=CARTESIAN_POINT('Ctrl Pts',(35.1025661952338,8.499998126871,8.40525986171667));
#7510=CARTESIAN_POINT('Ctrl Pts',(35.1020898492606,8.5,8.4051621766836));
#7511=CARTESIAN_POINT('Ctrl Pts',(35.1016134783669,8.5,8.4050644869816));
#7512=CARTESIAN_POINT('Origin',(63.401197435143,8.3,-12.4119272147609));
#7513=CARTESIAN_POINT('',(79.5279583057325,8.3,20.1737249601862));
#7514=CARTESIAN_POINT('Origin',(79.706716951521,8.3,20.084029105141));
#7515=CARTESIAN_POINT('',(63.2224387890337,8.3,-12.3222313595547));
#7516=CARTESIAN_POINT('Ctrl Pts',(79.5279583057325,8.3,20.1737249601862));
#7517=CARTESIAN_POINT('Ctrl Pts',(80.2057764117986,8.3,21.5245771251531));
#7518=CARTESIAN_POINT('Ctrl Pts',(80.625208843237,8.3,23.0047185146396));
#7519=CARTESIAN_POINT('Ctrl Pts',(80.7568403801454,8.3,24.5103453257843));
#7520=CARTESIAN_POINT('Ctrl Pts',(79.5279583057325,8.35235987755983,20.1737249601862));
#7521=CARTESIAN_POINT('Ctrl Pts',(80.2057528150088,8.35235987755983,21.5245300981199));
#7522=CARTESIAN_POINT('Ctrl Pts',(80.6252134257078,8.35235987755983,23.0047709298219));
#7523=CARTESIAN_POINT('Ctrl Pts',(80.7568403801454,8.35235987755983,24.5103453257843));
#7524=CARTESIAN_POINT('Ctrl Pts',(79.5668249649977,8.45651493167243,20.154222807356));
#7525=CARTESIAN_POINT('Ctrl Pts',(80.2471025817693,8.45651493167243,21.5099766344819));
#7526=CARTESIAN_POINT('Ctrl Pts',(80.6680510375416,8.45651493167243,22.995467944933));
#7527=CARTESIAN_POINT('Ctrl Pts',(80.80016020875,8.45651493167243,24.506558028975));
#7528=CARTESIAN_POINT('Ctrl Pts',(79.6599180462469,8.5,20.1075114220122));
#7529=CARTESIAN_POINT('Ctrl Pts',(80.3460707537529,8.5,21.4749739641561));
#7530=CARTESIAN_POINT('Ctrl Pts',(80.7706693746983,8.5,22.9733463971251));
#7531=CARTESIAN_POINT('Ctrl Pts',(80.903919482128,8.5,24.4974867288878));
#7532=CARTESIAN_POINT('Ctrl Pts',(79.7067169498374,8.5,20.0840291009853));
#7533=CARTESIAN_POINT('Ctrl Pts',(80.3958320265673,8.5,21.4573954731445));
#7534=CARTESIAN_POINT('Ctrl Pts',(80.8222550001053,8.5,22.9622058912857));
#7535=CARTESIAN_POINT('Ctrl Pts',(80.9560803964116,8.5,24.4929264877558));
#7536=CARTESIAN_POINT('',(80.7568403801454,8.3,24.5103453257843));
#7537=CARTESIAN_POINT('Origin',(80.9560803964116,8.3,24.4929264877558));
#7538=CARTESIAN_POINT('Ctrl Pts',(79.5279583057325,8.3,20.1737249601862));
#7539=CARTESIAN_POINT('Ctrl Pts',(80.2057764117986,8.3,21.5245771251531));
#7540=CARTESIAN_POINT('Ctrl Pts',(80.625208843237,8.3,23.0047185146396));
#7541=CARTESIAN_POINT('Ctrl Pts',(80.7568403801454,8.3,24.5103453257843));
#7542=CARTESIAN_POINT('Origin',(79.5864834124189,8.3,8.82732763493708));
#7543=CARTESIAN_POINT('',(83.1415268092144,8.3,51.7866473504801));
#7544=CARTESIAN_POINT('Origin',(83.3407668144239,8.3,51.7692283859841));
#7545=CARTESIAN_POINT('',(79.3872434072094,8.3,8.84474659943308));
#7546=CARTESIAN_POINT('Ctrl Pts',(83.1415268092144,8.3,51.7866473504801));
#7547=CARTESIAN_POINT('Ctrl Pts',(83.5577742173172,8.3,56.5477303515891));
#7548=CARTESIAN_POINT('Ctrl Pts',(81.9884603503947,8.3,66.2754931498625));
#7549=CARTESIAN_POINT('Ctrl Pts',(72.9911048480042,8.3,78.0061269991279));
#7550=CARTESIAN_POINT('Ctrl Pts',(59.5025195166308,8.3,84.0636435704664));
#7551=CARTESIAN_POINT('Ctrl Pts',(44.7587543633962,8.3,82.9873164213787));
#7552=CARTESIAN_POINT('Ctrl Pts',(32.2836056143699,8.3,75.0529235516087));
#7553=CARTESIAN_POINT('Ctrl Pts',(25.0776175561217,8.3,62.1417932940782));
#7554=CARTESIAN_POINT('Ctrl Pts',(24.9302028313531,8.3,52.2901651469881));
#7555=CARTESIAN_POINT('Ctrl Pts',(26.0299605060321,8.3,47.6391753250535));
#7556=CARTESIAN_POINT('Ctrl Pts',(83.1415268092144,8.35235987755983,51.7866473504801));
#7557=CARTESIAN_POINT('Ctrl Pts',(83.5577682211387,8.35235987755983,56.5476617666493));
#7558=CARTESIAN_POINT('Ctrl Pts',(81.9884230880157,8.35235987755983,66.2755305455149));
#7559=CARTESIAN_POINT('Ctrl Pts',(72.9910947468824,8.35235987755983,78.0061025554949));
#7560=CARTESIAN_POINT('Ctrl Pts',(59.502506656926,8.35235987755983,84.0636080301848));
#7561=CARTESIAN_POINT('Ctrl Pts',(44.7587668486359,8.35235987755983,82.9873184494712));
#7562=CARTESIAN_POINT('Ctrl Pts',(32.2836415620809,8.35235987755983,75.0528773149644));
#7563=CARTESIAN_POINT('Ctrl Pts',(25.0776274997262,8.35235987755983,62.1418359028443));
#7564=CARTESIAN_POINT('Ctrl Pts',(24.930218673717,8.35235987755983,52.2900981479801));
#7565=CARTESIAN_POINT('Ctrl Pts',(26.0299605060321,8.35235987755983,47.6391753250535));
#7566=CARTESIAN_POINT('Ctrl Pts',(83.1848575696674,8.45650395571165,51.7828590702242));
#7567=CARTESIAN_POINT('Ctrl Pts',(83.6017299638511,8.45650395571165,56.5510907299138));
#7568=CARTESIAN_POINT('Ctrl Pts',(82.0300658416098,8.45650395571165,66.2934319773771));
#7569=CARTESIAN_POINT('Ctrl Pts',(73.0192124904044,8.45650395571165,78.0416671037336));
#7570=CARTESIAN_POINT('Ctrl Pts',(59.5103964322218,8.45650395571164,84.1082703653295));
#7571=CARTESIAN_POINT('Ctrl Pts',(44.744514805574,8.45650395571165,83.0303246648352));
#7572=CARTESIAN_POINT('Ctrl Pts',(32.2506524056652,8.45650395571164,75.0840366937605));
#7573=CARTESIAN_POINT('Ctrl Pts',(25.0338592584395,8.45650395571164,62.1535315466253));
#7574=CARTESIAN_POINT('Ctrl Pts',(24.8862227710633,8.45650395571164,52.2871395748635));
#7575=CARTESIAN_POINT('Ctrl Pts',(25.9876317069511,8.45650395571164,47.6291663971841));
#7576=CARTESIAN_POINT('Ctrl Pts',(83.288605903035,8.50000000000001,51.7737886602252));
#7577=CARTESIAN_POINT('Ctrl Pts',(83.7069712160845,8.5,56.5590964878278));
#7578=CARTESIAN_POINT('Ctrl Pts',(82.1296615105556,8.50000000000001,66.3364054012077));
#7579=CARTESIAN_POINT('Ctrl Pts',(73.0865056798586,8.5,78.1267477054599));
#7580=CARTESIAN_POINT('Ctrl Pts',(59.529248881771,8.5,84.2151010529087));
#7581=CARTESIAN_POINT('Ctrl Pts',(44.710427843405,8.5,83.1333019707662));
#7582=CARTESIAN_POINT('Ctrl Pts',(32.1717724260981,8.49999999999999,75.1585049210938));
#7583=CARTESIAN_POINT('Ctrl Pts',(24.9290930734406,8.5,62.1816617689548));
#7584=CARTESIAN_POINT('Ctrl Pts',(24.7809290620847,8.5,52.2798561590209));
#7585=CARTESIAN_POINT('Ctrl Pts',(25.8862824042343,8.5,47.6052016761777));
#7586=CARTESIAN_POINT('Ctrl Pts',(83.3407668144239,8.50000000000001,51.7692283859841));
#7587=CARTESIAN_POINT('Ctrl Pts',(83.7598848948947,8.5,56.5631464489982));
#7588=CARTESIAN_POINT('Ctrl Pts',(82.1797481707912,8.50000000000001,66.3579972782811));
#7589=CARTESIAN_POINT('Ctrl Pts',(73.1203419382081,8.5,78.1695320503698));
#7590=CARTESIAN_POINT('Ctrl Pts',(59.5387318910338,8.5,84.2688245923514));
#7591=CARTESIAN_POINT('Ctrl Pts',(44.693285608197,8.5,83.1850744994861));
#7592=CARTESIAN_POINT('Ctrl Pts',(32.1321013439436,8.49999999999999,75.1959616774757));
#7593=CARTESIAN_POINT('Ctrl Pts',(24.87641680494,8.5,62.1957891240548));
#7594=CARTESIAN_POINT('Ctrl Pts',(24.7279854272586,8.5,52.2762186992871));
#7595=CARTESIAN_POINT('Ctrl Pts',(25.8353276387287,8.5,47.5931530808095));
#7596=CARTESIAN_POINT('',(26.0299605060321,8.3,47.6391753250535));
#7597=CARTESIAN_POINT('Origin',(25.8353276387287,8.3,47.5931530808095));
#7598=CARTESIAN_POINT('Ctrl Pts',(83.1415268092144,8.3,51.7866473504801));
#7599=CARTESIAN_POINT('Ctrl Pts',(83.5577742173172,8.3,56.5477303515891));
#7600=CARTESIAN_POINT('Ctrl Pts',(81.9884603503947,8.3,66.2754931498625));
#7601=CARTESIAN_POINT('Ctrl Pts',(72.9911048480042,8.3,78.0061269991279));
#7602=CARTESIAN_POINT('Ctrl Pts',(59.5025195166308,8.3,84.0636435704664));
#7603=CARTESIAN_POINT('Ctrl Pts',(44.7587543633962,8.3,82.9873164213787));
#7604=CARTESIAN_POINT('Ctrl Pts',(32.2836056143699,8.3,75.0529235516087));
#7605=CARTESIAN_POINT('Ctrl Pts',(25.0776175561217,8.3,62.1417932940782));
#7606=CARTESIAN_POINT('Ctrl Pts',(24.9302028313531,8.3,52.2901651469881));
#7607=CARTESIAN_POINT('Ctrl Pts',(26.0299605060321,8.3,47.6391753250535));
#7608=CARTESIAN_POINT('Origin',(30.4802331435889,8.3,27.9493636119947));
#7609=CARTESIAN_POINT('',(30.6748660108916,8.3,27.9953858562415));
#7610=CARTESIAN_POINT('Ctrl Pts',(79.5279583057325,8.3,20.1737249601862));
#7611=CARTESIAN_POINT('Ctrl Pts',(80.5570013447993,8.3,22.2245480419642));
#7612=CARTESIAN_POINT('Ctrl Pts',(80.7568403801454,8.3,24.5103453257843));
#7613=CARTESIAN_POINT('Ctrl Pts',(79.5279583057325,0.,20.1737249601862));
#7614=CARTESIAN_POINT('Ctrl Pts',(80.5570013447993,0.,22.2245480419642));
#7615=CARTESIAN_POINT('Ctrl Pts',(80.7568403801454,0.,24.5103453257843));
#7616=CARTESIAN_POINT('',(79.5279583057325,0.,20.1737249601862));
#7617=CARTESIAN_POINT('',(79.5279583057325,9.5,20.1737249601862));
#7618=CARTESIAN_POINT('',(80.7568403801454,0.,24.5103453257843));
#7619=CARTESIAN_POINT('Origin',(68.8024394696506,0.,25.555475997659));
#7620=CARTESIAN_POINT('',(80.7568403801454,9.5,24.5103453257843));
#7621=CARTESIAN_POINT('Origin',(70.9992607578436,9.5,3.17652455265407));
#7622=CARTESIAN_POINT('',(70.9992607578436,0.,3.17652455265407));
#7623=CARTESIAN_POINT('',(70.9992607578436,9.5,3.17652455265407));
#7624=CARTESIAN_POINT('',(76.2954748601065,0.,13.7315726120007));
#7625=CARTESIAN_POINT('Ctrl Pts',(35.2976276444073,8.3,8.44524513043903));
#7626=CARTESIAN_POINT('Ctrl Pts',(37.6497467652791,8.3,-5.09270312993734));
#7627=CARTESIAN_POINT('Ctrl Pts',(51.2432805707909,8.3,-7.0987887075453));
#7628=CARTESIAN_POINT('Ctrl Pts',(64.8368143763027,8.3,-9.10487428515326));
#7629=CARTESIAN_POINT('Ctrl Pts',(70.9992607578436,8.3,3.17652455265408));
#7630=CARTESIAN_POINT('Ctrl Pts',(35.2976276444073,0.,8.44524513043903));
#7631=CARTESIAN_POINT('Ctrl Pts',(37.6497467652791,0.,-5.09270312993734));
#7632=CARTESIAN_POINT('Ctrl Pts',(51.2432805707909,0.,-7.0987887075453));
#7633=CARTESIAN_POINT('Ctrl Pts',(64.8368143763027,0.,-9.10487428515326));
#7634=CARTESIAN_POINT('Ctrl Pts',(70.9992607578436,0.,3.17652455265408));
#7635=CARTESIAN_POINT('',(35.2976276450509,0.,8.44524512673495));
#7636=CARTESIAN_POINT('',(35.2976276450509,9.5,8.44524512673495));
#7637=CARTESIAN_POINT('Origin',(54.0171890768225,0.,11.6976299820287));
#7638=CARTESIAN_POINT('Origin',(-17.4674352028131,-0.2,75.110762578226));
#7639=CARTESIAN_POINT('',(-4.18081097812639,0.,61.0508646832691));
#7640=CARTESIAN_POINT('',(-4.32653109124479,-0.2,60.9138759239715));
#7641=CARTESIAN_POINT('Ctrl Pts',(-4.18081097812663,-1.11022302462516E-16,
61.0508646832688));
#7642=CARTESIAN_POINT('Ctrl Pts',(-4.19047100173883,-2.17287138965113E-14,
61.0417662313978));
#7643=CARTESIAN_POINT('Ctrl Pts',(-4.20013077346845,-0.00132507405061066,
61.0326680175562));
#7644=CARTESIAN_POINT('Ctrl Pts',(-4.20960035233345,-0.00394912625686161,
61.0237495362518));
#7645=CARTESIAN_POINT('Ctrl Pts',(-4.2190677627299,-0.00657257757316879,
61.0148330972184));
#7646=CARTESIAN_POINT('Ctrl Pts',(-4.2283445742195,-0.0104942733102308,
61.0060967744328));
#7647=CARTESIAN_POINT('Ctrl Pts',(-4.23724847077171,-0.0156370150869604,
60.9977128568125));
#7648=CARTESIAN_POINT('Ctrl Pts',(-4.24615060502103,-0.0207787389870121,
60.9893305985782));
#7649=CARTESIAN_POINT('Ctrl Pts',(-4.25467950889233,-0.0271407558670677,
60.9813010436011));
#7650=CARTESIAN_POINT('Ctrl Pts',(-4.26266765476332,-0.0345978790256119,
60.9737825057309));
#7651=CARTESIAN_POINT('Ctrl Pts',(-4.27065446739051,-0.0420537575695334,
60.9662652227256));
#7652=CARTESIAN_POINT('Ctrl Pts',(-4.27810028761052,-0.050603987074408,
60.9592591783422));
#7653=CARTESIAN_POINT('Ctrl Pts',(-4.28485894832449,-0.0600803787582923,
60.9529025007043));
#7654=CARTESIAN_POINT('Ctrl Pts',(-4.29162144972921,-0.0695621555164433,
60.9465422108074));
#7655=CARTESIAN_POINT('Ctrl Pts',(-4.29769565579336,-0.0799706560224149,
60.9408323610214));
#7656=CARTESIAN_POINT('Ctrl Pts',(-4.30296224546643,-0.091100906664592,
60.9358857099148));
#7657=CARTESIAN_POINT('Ctrl Pts',(-4.30822662148226,-0.102226479030773,
60.9309411379886));
#7658=CARTESIAN_POINT('Ctrl Pts',(-4.31268378823534,-0.114072612516928,
60.926759380005));
#7659=CARTESIAN_POINT('Ctrl Pts',(-4.31624634183893,-0.126406217252125,
60.9234230327656));
#7660=CARTESIAN_POINT('Ctrl Pts',(-4.31981021295934,-0.138744383246866,
60.9200854516658));
#7661=CARTESIAN_POINT('Ctrl Pts',(-4.3224786217523,-0.151569738406697,60.9175940837848));
#7662=CARTESIAN_POINT('Ctrl Pts',(-4.32419932245621,-0.164629739665606,
60.9159983014441));
#7663=CARTESIAN_POINT('Ctrl Pts',(-4.32573630644055,-0.176295343523732,
60.9145728984705));
#7664=CARTESIAN_POINT('Ctrl Pts',(-4.3265175882775,-0.18814757323216,60.9138616351395));
#7665=CARTESIAN_POINT('Ctrl Pts',(-4.32653109124478,-0.199999999999671,
60.9138759239715));
#7666=CARTESIAN_POINT('',(-18.3302876954602,-0.2,75.7326428787312));
#7667=CARTESIAN_POINT('',(-17.6127974076009,-0.2,74.9733950805446));
#7668=CARTESIAN_POINT('',(-18.1849254906725,0.,75.8700103764126));
#7669=CARTESIAN_POINT('Origin',(-18.1849254906725,-0.2,75.8700103764126));
#7670=CARTESIAN_POINT('',(-17.4674352028131,0.,75.110762578226));
#7671=CARTESIAN_POINT('Origin',(-25.5655448245702,-0.2,68.8953142322727));
#7672=CARTESIAN_POINT('',(-35.4126276374122,-0.0292997313170217,66.883071351727));
#7673=CARTESIAN_POINT('',(-35.5984698275456,0.,67.3267658780121));
#7674=CARTESIAN_POINT('Ctrl Pts',(-35.4126276374122,-0.029299731317022,
66.883071351727));
#7675=CARTESIAN_POINT('Ctrl Pts',(-35.469992661005,-0.011427775291797,67.0175831246094));
#7676=CARTESIAN_POINT('Ctrl Pts',(-35.5332856418274,-0.000386299618353793,
67.1683943493967));
#7677=CARTESIAN_POINT('Ctrl Pts',(-35.5963001394829,-3.3101608809963E-6,
67.3214919431224));
#7678=CARTESIAN_POINT('Ctrl Pts',(-35.5973851424095,-1.38737198650487E-16,
67.3241288726695));
#7679=CARTESIAN_POINT('Ctrl Pts',(-35.5984698275456,-1.38777878078145E-16,
67.3267658780121));
#7680=CARTESIAN_POINT('Origin',(-25.5655448245702,0.,68.8953142322727));
#7681=CARTESIAN_POINT('',(-35.2025620853382,-0.2,66.4001374730675));
#7682=CARTESIAN_POINT('Origin',(-25.5655448245702,-0.2,68.8953142322727));
#7683=CARTESIAN_POINT('',(-35.2602479949493,-0.104871658007169,66.530872225284));
#7684=CARTESIAN_POINT('Ctrl Pts',(-35.2025620853382,-0.2,66.4001374730674));
#7685=CARTESIAN_POINT('Ctrl Pts',(-35.2025620853382,-0.195732960526423,
66.4001374730674));
#7686=CARTESIAN_POINT('Ctrl Pts',(-35.2029009210427,-0.191598635825581,
66.4009012498542));
#7687=CARTESIAN_POINT('Ctrl Pts',(-35.2042725065976,-0.18268483698268,66.4039937322646));
#7688=CARTESIAN_POINT('Ctrl Pts',(-35.2054236823892,-0.178140449415566,
66.4065896499963));
#7689=CARTESIAN_POINT('Ctrl Pts',(-35.2089779399124,-0.167147098858984,
66.4146081266194));
#7690=CARTESIAN_POINT('Ctrl Pts',(-35.2118472936589,-0.161029118446507,
66.4210851189136));
#7691=CARTESIAN_POINT('Ctrl Pts',(-35.2209795375736,-0.144529182956675,
66.4417178793667));
#7692=CARTESIAN_POINT('Ctrl Pts',(-35.2287966408176,-0.13485684284678,66.4594101406852));
#7693=CARTESIAN_POINT('Ctrl Pts',(-35.2436204524006,-0.118930481981808,
66.4930330631936));
#7694=CARTESIAN_POINT('Ctrl Pts',(-35.2520160200597,-0.11144320085874,66.5121161119817));
#7695=CARTESIAN_POINT('Ctrl Pts',(-35.2602479975826,-0.104871651819606,
66.5308722219603));
#7696=CARTESIAN_POINT('Ctrl Pts',(-35.2602479949493,-0.104871658007162,
66.530872225284));
#7697=CARTESIAN_POINT('Ctrl Pts',(-35.286030158218,-0.0842898773603221,
66.5896154749026));
#7698=CARTESIAN_POINT('Ctrl Pts',(-35.3158489124121,-0.0681201041426773,
66.6580695053896));
#7699=CARTESIAN_POINT('Ctrl Pts',(-35.3649599947011,-0.0456327584286088,
66.7716862355201));
#7700=CARTESIAN_POINT('Ctrl Pts',(-35.3889388471802,-0.0366799255678415,
66.8275249408309));
#7701=CARTESIAN_POINT('Ctrl Pts',(-35.4126276374122,-0.0292997313170195,
66.883071351727));
#7702=CARTESIAN_POINT('Origin',(-25.3444317043297,-0.2,53.6792368471705));
#7703=CARTESIAN_POINT('',(-32.5063670750282,0.,61.3331619392667));
#7704=CARTESIAN_POINT('',(-33.0285611463538,-0.2,62.1839470886682));
#7705=CARTESIAN_POINT('Ctrl Pts',(-32.5063670750281,-1.38777878078145E-16,
61.3331619392667));
#7706=CARTESIAN_POINT('Ctrl Pts',(-32.5079918199975,-1.2392979959563E-16,
61.3358743075116));
#7707=CARTESIAN_POINT('Ctrl Pts',(-32.5096168704399,-3.3352564900358E-6,
61.3385865574165));
#7708=CARTESIAN_POINT('Ctrl Pts',(-32.6770095782912,-0.000689407204828879,
61.6179044749415));
#7709=CARTESIAN_POINT('Ctrl Pts',(-32.8409302456035,-0.0358536831697532,
61.8836934611817));
#7710=CARTESIAN_POINT('Ctrl Pts',(-32.9592025288775,-0.102351736059356,
62.07332583225));
#7711=CARTESIAN_POINT('Ctrl Pts',(-32.9832645731933,-0.118286134374033,
62.1117867378805));
#7712=CARTESIAN_POINT('Ctrl Pts',(-33.0078815865646,-0.145614596676941,
62.1510322565013));
#7713=CARTESIAN_POINT('Ctrl Pts',(-33.0146465129103,-0.154486841884012,
62.1618064317874));
#7714=CARTESIAN_POINT('Ctrl Pts',(-33.0224192862082,-0.170005997976775,
62.1741774072339));
#7715=CARTESIAN_POINT('Ctrl Pts',(-33.0247871601886,-0.175931364388458,
62.1779444489345));
#7716=CARTESIAN_POINT('Ctrl Pts',(-33.0275598422121,-0.187158210069998,
62.1823547393549));
#7717=CARTESIAN_POINT('Ctrl Pts',(-33.0283118894892,-0.192107787298545,
62.1835507004969));
#7718=CARTESIAN_POINT('Ctrl Pts',(-33.0285438337554,-0.198186582321686,
62.1839195654176));
#7719=CARTESIAN_POINT('Ctrl Pts',(-33.0285611417674,-0.19909310500553,62.1839470904495));
#7720=CARTESIAN_POINT('Ctrl Pts',(-33.0285611417674,-0.2,62.1839470904495));
#7721=CARTESIAN_POINT('',(-18.9955743503651,-0.2,47.1869631523925));
#7722=CARTESIAN_POINT('',(-25.1983946699385,-0.2,53.8158867084447));
#7723=CARTESIAN_POINT('',(-19.1416113847563,0.,47.0503132911184));
#7724=CARTESIAN_POINT('Origin',(-19.1416113847563,-0.2,47.0503132911184));
#7725=CARTESIAN_POINT('',(-25.3444317043297,0.,53.6792368471705));
#7726=CARTESIAN_POINT('Origin',(-11.6632088124425,-0.2,54.0527236106292));
#7727=CARTESIAN_POINT('Origin',(-11.6632088124425,0.,54.0527236106292));
#7728=CARTESIAN_POINT('Origin',(-11.6632088124425,-0.2,54.0527236106292));
#7729=CARTESIAN_POINT('Origin',(-54.002135859943,-0.2,54.0378986971716));
#7730=CARTESIAN_POINT('',(-35.280278059487,-0.2,66.5175205794497));
#7731=CARTESIAN_POINT('Origin',(-54.002135859943,-0.2,54.0378986971716));
#7732=CARTESIAN_POINT('Origin',(-35.1138613619425,-0.2,66.6284506666869));
#7733=CARTESIAN_POINT('Origin',(-25.5655448245702,-2.,68.8953142322727));
#7734=CARTESIAN_POINT('',(-18.3302876954602,-2.,75.7326428787312));
#7735=CARTESIAN_POINT('',(-18.3302876954602,-2.,75.7326428787312));
#7736=CARTESIAN_POINT('',(-35.2025620853382,-2.,66.4001374730674));
#7737=CARTESIAN_POINT('Origin',(-25.5655448245702,-2.,68.8953142322727));
#7738=CARTESIAN_POINT('',(-35.2025620853382,-2.,66.4001374730675));
#7739=CARTESIAN_POINT('Origin',(-18.3302876954602,-2.,75.7326428787312));
#7740=CARTESIAN_POINT('',(-4.32653109124479,-2.,60.9138759239715));
#7741=CARTESIAN_POINT('',(-4.32653109124479,-2.,60.9138759239715));
#7742=CARTESIAN_POINT('',(4.89623756353326,-2.,51.1543475891475));
#7743=CARTESIAN_POINT('Origin',(-11.6632088124425,-2.,54.0527236106292));
#7744=CARTESIAN_POINT('',(-18.9955743503651,-2.,47.1869631523925));
#7745=CARTESIAN_POINT('',(-18.9955743503651,-2.,47.1869631523925));
#7746=CARTESIAN_POINT('Origin',(-11.6632088124425,-2.,54.0527236106292));
#7747=CARTESIAN_POINT('Origin',(-18.9955743503651,-2.,47.1869631523925));
#7748=CARTESIAN_POINT('',(-33.0285611463538,-2.,62.1839470886682));
#7749=CARTESIAN_POINT('',(-33.0285611463538,-2.,62.1839470886682));
#7750=CARTESIAN_POINT('',(-2.79097316586935,-2.,29.8691855973395));
#7751=CARTESIAN_POINT('Origin',(-54.0021564637151,-0.2,54.0378858116099));
#7752=CARTESIAN_POINT('',(-35.4914272933937,-0.2,66.8286215476982));
#7753=CARTESIAN_POINT('Origin',(-35.3268874809982,-0.2,66.9423169747693));
#7754=CARTESIAN_POINT('Origin',(-54.0021564637151,-0.2,54.0378858116099));
#7755=CARTESIAN_POINT('Origin',(-54.0021564637151,0.,54.0378858116099));
#7756=CARTESIAN_POINT('Origin',(-54.0021564637151,-0.2,54.0378858116099));
#7757=CARTESIAN_POINT('Origin',(-54.0021564637151,-0.2,54.0378858116099));
#7758=CARTESIAN_POINT('Origin',(-37.9989456689433,0.,54.2711777621148));
#7759=CARTESIAN_POINT('',(-51.7805753751992,0.,83.1609779374929));
#7760=CARTESIAN_POINT('',(-47.6331136857386,0.,26.0494102912021));
#7761=CARTESIAN_POINT('Origin',(-54.3063318612326,0.,54.2711777621148));
#7762=CARTESIAN_POINT('',(-30.0505803560689,0.,81.2611837011929));
#7763=CARTESIAN_POINT('',(-39.9111672757226,0.,27.8753141147886));
#7764=CARTESIAN_POINT('Origin',(-53.6452561129721,-0.2,-25.322947276295));
#7765=CARTESIAN_POINT('',(-46.9872559882891,0.,-19.1010929029087));
#7766=CARTESIAN_POINT('',(-47.1241963852459,-0.2,-18.955327332001));
#7767=CARTESIAN_POINT('Ctrl Pts',(-46.9872559882891,-1.38777878078145E-16,
-19.1010929029087));
#7768=CARTESIAN_POINT('Ctrl Pts',(-46.9963508688471,-1.37965314550706E-16,
-19.0914295161533));
#7769=CARTESIAN_POINT('Ctrl Pts',(-47.0054455748243,-0.0013250740449398,
-19.0817664410978));
#7770=CARTESIAN_POINT('Ctrl Pts',(-47.0143606749196,-0.00394912624013491,
-19.0722936784339));
#7771=CARTESIAN_POINT('Ctrl Pts',(-47.0232737335186,-0.00657257754551594,
-19.0628230849671));
#7772=CARTESIAN_POINT('Ctrl Pts',(-47.0320068026182,-0.0104942732663757,
-19.053543210022));
#7773=CARTESIAN_POINT('Ctrl Pts',(-47.0403876490586,-0.0156370150222634,
-19.0446364223034));
#7774=CARTESIAN_POINT('Ctrl Pts',(-47.0487668367214,-0.0207787389018492,
-19.0357313974593));
#7775=CARTESIAN_POINT('Ctrl Pts',(-47.056793503683,-0.0271407557569814,
-19.0271997753294));
#7776=CARTESIAN_POINT('Ctrl Pts',(-47.0643093823635,-0.0345978788871319,
-19.0192091272489));
#7777=CARTESIAN_POINT('Ctrl Pts',(-47.0718240066236,-0.042053757403315,
-19.0112198128292));
#7778=CARTESIAN_POINT('Ctrl Pts',(-47.0788276211003,-0.0506039868771781,
-19.003771706878));
#7779=CARTESIAN_POINT('Ctrl Pts',(-47.0851821328783,-0.0600803785280262,
-18.9970110097585));
#7780=CARTESIAN_POINT('Ctrl Pts',(-47.0915402556855,-0.0695621552545498,
-18.99024647079));
#7781=CARTESIAN_POINT('Ctrl Pts',(-47.0972482027835,-0.0799706557271523,
-18.9841704768233));
#7782=CARTESIAN_POINT('Ctrl Pts',(-47.1021932387363,-0.091100906335592,
-18.9789023707668));
#7783=CARTESIAN_POINT('Ctrl Pts',(-47.107136196188,-0.102226478668757,-18.9736364790046));
#7784=CARTESIAN_POINT('Ctrl Pts',(-47.1113166270054,-0.114072612121625,
-18.969178067811));
#7785=CARTESIAN_POINT('Ctrl Pts',(-47.1146519448408,-0.126406216824705,
-18.965614550954));
#7786=CARTESIAN_POINT('Ctrl Pts',(-47.1179884961561,-0.138744382788379,
-18.9620497162236));
#7787=CARTESIAN_POINT('Ctrl Pts',(-47.1204791322159,-0.151569737918404,
-18.9593806251979));
#7788=CARTESIAN_POINT('Ctrl Pts',(-47.1220744785248,-0.164629739150162,
-18.9576595215906));
#7789=CARTESIAN_POINT('Ctrl Pts',(-47.1234994920444,-0.176295343174722,
-18.9561221776952));
#7790=CARTESIAN_POINT('Ctrl Pts',(-47.1242106016984,-0.188147573057813,
-18.9553407586506));
#7791=CARTESIAN_POINT('Ctrl Pts',(-47.1241963852459,-0.2,-18.955327332001));
#7792=CARTESIAN_POINT('',(-61.331691509887,0.,-32.5058671698386));
#7793=CARTESIAN_POINT('',(-53.6452561129721,0.,-25.322947276295));
#7794=CARTESIAN_POINT('',(-62.1839498126096,-0.2,-33.0285611486485));
#7795=CARTESIAN_POINT('Ctrl Pts',(-61.331691509887,-1.38777878078145E-16,
-32.5058671698386));
#7796=CARTESIAN_POINT('Ctrl Pts',(-61.3344068481181,-1.38737064418014E-16,
-32.5074923594944));
#7797=CARTESIAN_POINT('Ctrl Pts',(-61.3371220678342,-3.33204251027097E-6,
-32.5091178551802));
#7798=CARTESIAN_POINT('Ctrl Pts',(-61.4707339452137,-0.000330838952852057,
-32.5891246068971));
#7799=CARTESIAN_POINT('Ctrl Pts',(-61.6072714963993,-0.00838551442964907,
-32.6718225338084));
#7800=CARTESIAN_POINT('Ctrl Pts',(-61.8734886266521,-0.0431685398913198,
-32.8348701171703));
#7801=CARTESIAN_POINT('Ctrl Pts',(-61.9907124866773,-0.0698971992703862,
-32.9076944081469));
#7802=CARTESIAN_POINT('Ctrl Pts',(-62.0963393919724,-0.11265779975538,-32.9736370032699));
#7803=CARTESIAN_POINT('Ctrl Pts',(-62.1261512690677,-0.126845773729837,
-32.9922941400503));
#7804=CARTESIAN_POINT('Ctrl Pts',(-62.1573553996004,-0.15105655481369,-33.0118618786194));
#7805=CARTESIAN_POINT('Ctrl Pts',(-62.166140354755,-0.159162857766106,-33.0173754483899));
#7806=CARTESIAN_POINT('Ctrl Pts',(-62.1763628997308,-0.17350123199001,-33.023794694299));
#7807=CARTESIAN_POINT('Ctrl Pts',(-62.1794928799452,-0.17912611295454,-33.0257609027303));
#7808=CARTESIAN_POINT('Ctrl Pts',(-62.1830834720566,-0.189999021147947,
-33.0280167431933));
#7809=CARTESIAN_POINT('Ctrl Pts',(-62.1839498152814,-0.194916706118309,
-33.0285611417694));
#7810=CARTESIAN_POINT('Ctrl Pts',(-62.1839498152814,-0.2,-33.0285611417694));
#7811=CARTESIAN_POINT('',(-53.781810300495,-0.2,-25.1768207767477));
#7812=CARTESIAN_POINT('Origin',(-54.0378885364402,-0.2,-54.0021564637162));
#7813=CARTESIAN_POINT('',(-67.4530009709866,0.,-35.6902812568998));
#7814=CARTESIAN_POINT('Origin',(-54.0378885364402,0.,-54.0021564637162));
#7815=CARTESIAN_POINT('',(-66.5961747291237,-0.2,-35.3329448309214));
#7816=CARTESIAN_POINT('Ctrl Pts',(-67.4530009709866,-1.38777878078145E-16,
-35.6902812568998));
#7817=CARTESIAN_POINT('Ctrl Pts',(-67.4504938026991,-1.38737031895724E-16,
-35.6892714486366));
#7818=CARTESIAN_POINT('Ctrl Pts',(-67.4479866963878,-3.33735499641193E-6,
-35.6882613589473));
#7819=CARTESIAN_POINT('Ctrl Pts',(-67.1600431879314,-0.000767510848044352,
-35.5722164052317));
#7820=CARTESIAN_POINT('Ctrl Pts',(-66.8719114786476,-0.0444405378394628,
-35.4510716895253));
#7821=CARTESIAN_POINT('Ctrl Pts',(-66.6892756971492,-0.114237404373994,
-35.3729962184378));
#7822=CARTESIAN_POINT('Ctrl Pts',(-66.6573918868284,-0.128454068823334,
-35.35931568453));
#7823=CARTESIAN_POINT('Ctrl Pts',(-66.624251423546,-0.152341226404218,-35.3450526262218));
#7824=CARTESIAN_POINT('Ctrl Pts',(-66.6149450367434,-0.160292651809618,
-35.3410422886194));
#7825=CARTESIAN_POINT('Ctrl Pts',(-66.6041578781366,-0.17428347615621,-35.3363901279161));
#7826=CARTESIAN_POINT('Ctrl Pts',(-66.6008614326462,-0.179751695112771,
-35.3349676803966));
#7827=CARTESIAN_POINT('Ctrl Pts',(-66.5970855566895,-0.190305530595205,
-35.3333380492302));
#7828=CARTESIAN_POINT('Ctrl Pts',(-66.5961747291237,-0.195071985054277,
-35.3329448309214));
#7829=CARTESIAN_POINT('Ctrl Pts',(-66.5961747291237,-0.2,-35.3329448309214));
#7830=CARTESIAN_POINT('Origin',(-54.0378885364402,-0.2,-54.0021564637162));
#7831=CARTESIAN_POINT('Origin',(-54.041827284194,-0.2,-11.6307769684089));
#7832=CARTESIAN_POINT('',(-60.9553048822357,-0.2,-4.30230626953489));
#7833=CARTESIAN_POINT('Origin',(-54.041827284194,-0.2,-11.6307769684089));
#7834=CARTESIAN_POINT('',(-61.0925471399617,0.,-4.15682581485359));
#7835=CARTESIAN_POINT('Origin',(-61.0925471399617,-0.2,-4.15682581485359));
#7836=CARTESIAN_POINT('Origin',(-54.041827284194,0.,-11.6307769684089));
#7837=CARTESIAN_POINT('Origin',(-75.1147841757205,-0.2,-17.3850183811478));
#7838=CARTESIAN_POINT('',(-75.7167099968725,-0.2,-18.2278096615782));
#7839=CARTESIAN_POINT('',(-75.8539522545984,0.,-18.0823292068969));
#7840=CARTESIAN_POINT('Origin',(-75.8539522545984,-0.2,-18.0823292068969));
#7841=CARTESIAN_POINT('',(-75.1147841757205,0.,-17.3850183811478));
#7842=CARTESIAN_POINT('',(-74.9775419179945,-0.2,-17.5304988358291));
#7843=CARTESIAN_POINT('Origin',(-68.8172568623007,-0.2,-25.5331129805365));
#7844=CARTESIAN_POINT('Origin',(-68.8172568623007,0.,-25.5331129805365));
#7845=CARTESIAN_POINT('Origin',(-68.8172568623007,-0.2,-25.5331129805365));
#7846=CARTESIAN_POINT('Origin',(-75.7167099968725,-2.,-18.2278096615782));
#7847=CARTESIAN_POINT('',(-60.9553048822357,-2.,-4.30230626953489));
#7848=CARTESIAN_POINT('',(-60.9553048822357,-2.,-4.30230626953489));
#7849=CARTESIAN_POINT('',(-75.7167099968725,-2.,-18.2278096615782));
#7850=CARTESIAN_POINT('',(-51.1361011533382,-2.,4.96086033093621));
#7851=CARTESIAN_POINT('',(-75.7167099968725,-2.,-18.2278096615782));
#7852=CARTESIAN_POINT('Origin',(-54.041827284194,-2.,-11.6307769684089));
#7853=CARTESIAN_POINT('',(-47.1241963852459,-2.,-18.955327332001));
#7854=CARTESIAN_POINT('',(-47.1241963852459,-2.,-18.955327332001));
#7855=CARTESIAN_POINT('Origin',(-54.041827284194,-2.,-11.6307769684089));
#7856=CARTESIAN_POINT('Origin',(-47.1241963852459,-2.,-18.955327332001));
#7857=CARTESIAN_POINT('',(-62.1839498126096,-2.,-33.0285611486485));
#7858=CARTESIAN_POINT('',(-62.1839498126096,-2.,-33.0285611486485));
#7859=CARTESIAN_POINT('',(-29.8182100367857,-2.,-2.78300463614623));
#7860=CARTESIAN_POINT('Origin',(-54.271180486945,0.,-37.9989456689445));
#7861=CARTESIAN_POINT('',(-26.049413016033,0.,-47.6331136857373));
#7862=CARTESIAN_POINT('',(-27.8753168396202,0.,-39.9111672757217));
#7863=CARTESIAN_POINT('',(-83.160980662323,0.,-51.7805753752027));
#7864=CARTESIAN_POINT('Origin',(-54.271180486945,0.,-54.3063318612337));
#7865=CARTESIAN_POINT('',(-81.2611864260248,0.,-30.0505803560723));
#7866=CARTESIAN_POINT('Origin',(17.3603165079353,-0.2,-75.0171705352995));
#7867=CARTESIAN_POINT('',(4.17682754470273,0.,-60.920979419673));
#7868=CARTESIAN_POINT('',(4.3235044651361,-0.2,-60.7850137350508));
#7869=CARTESIAN_POINT('Ctrl Pts',(4.17682754470282,-1.38777878078145E-16,
-60.9209794196729));
#7870=CARTESIAN_POINT('Ctrl Pts',(4.18654507813126,-8.86983174760024E-15,
-60.911942365656));
#7871=CARTESIAN_POINT('Ctrl Pts',(4.1962623584486,-0.00132507405058488,
-60.9029055483616));
#7872=CARTESIAN_POINT('Ctrl Pts',(4.20578851826169,-0.0039491262568232,
-60.8940474768744));
#7873=CARTESIAN_POINT('Ctrl Pts',(4.21531249664958,-0.00657257757311779,
-60.8851914338247));
#7874=CARTESIAN_POINT('Ctrl Pts',(4.2246449465106,-0.0104942733101676,-60.8765145181861));
#7875=CARTESIAN_POINT('Ctrl Pts',(4.23360266259274,-0.0156370150868854,
-60.8681880730113));
#7876=CARTESIAN_POINT('Ctrl Pts',(4.24255860571977,-0.0207787389869252,
-60.8598632758474));
#7877=CARTESIAN_POINT('Ctrl Pts',(4.25113949808877,-0.0271407558669693,
-60.8518892456025));
#7878=CARTESIAN_POINT('Ctrl Pts',(4.25917699498445,-0.0345978790255027,
-60.844423426985));
#7879=CARTESIAN_POINT('Ctrl Pts',(4.26721315039951,-0.0420537575694137,
-60.8369588544334));
#7880=CARTESIAN_POINT('Ctrl Pts',(4.2747056747911,-0.0506039870742784,-60.8300027138078));
#7881=CARTESIAN_POINT('Ctrl Pts',(4.28150768815036,-0.0600803787581538,
-60.8236923749096));
#7882=CARTESIAN_POINT('Ctrl Pts',(4.28831356683604,-0.0695621555162959,
-60.817378450085));
#7883=CARTESIAN_POINT('Ctrl Pts',(4.29442779311498,-0.0799706560222597,
-60.8117113944605));
#7884=CARTESIAN_POINT('Ctrl Pts',(4.29973046396463,-0.0911009066644299,
-60.8068033475609));
#7885=CARTESIAN_POINT('Ctrl Pts',(4.30503090599136,-0.102226479030604,-60.8018973636156));
#7886=CARTESIAN_POINT('Ctrl Pts',(4.30952020170283,-0.114072612516753,-60.7977500057705));
#7887=CARTESIAN_POINT('Ctrl Pts',(4.31311052091182,-0.126406217251946,-60.7944434173717));
#7888=CARTESIAN_POINT('Ctrl Pts',(4.31670216790601,-0.138744383246683,-60.791135606118));
#7889=CARTESIAN_POINT('Ctrl Pts',(4.31939398507801,-0.15156973840651,-60.7886693623795));
#7890=CARTESIAN_POINT('Ctrl Pts',(4.3211334718447,-0.164629739665417,-60.7870937874242));
#7891=CARTESIAN_POINT('Ctrl Pts',(4.32268723613113,-0.17629534352367,-60.7856864343226));
#7892=CARTESIAN_POINT('Ctrl Pts',(4.32348161243654,-0.18814757323223,-60.7849893002429));
#7893=CARTESIAN_POINT('Ctrl Pts',(4.3235044651361,-0.199999999999871,-60.7850137350508));
#7894=CARTESIAN_POINT('',(18.2266117024057,-0.2,-75.6506428006322));
#7895=CARTESIAN_POINT('',(17.5063876969482,-0.2,-74.8805571840472));
#7896=CARTESIAN_POINT('',(18.0805405133929,0.,-75.7872561518844));
#7897=CARTESIAN_POINT('Origin',(18.0805405133929,-0.2,-75.7872561518844));
#7898=CARTESIAN_POINT('',(17.3603165079353,0.,-75.0171705352995));
#7899=CARTESIAN_POINT('Origin',(25.3288317311476,-0.2,-53.6892603785829));
#7900=CARTESIAN_POINT('',(32.507575994857,0.,-61.3367230949923));
#7901=CARTESIAN_POINT('',(32.3617565695804,-0.2,-61.4736051435304));
#7902=CARTESIAN_POINT('Origin',(32.507575994857,-0.2,-61.3367230949923));
#7903=CARTESIAN_POINT('',(18.9577330557801,-0.2,-47.1943988776292));
#7904=CARTESIAN_POINT('',(25.183012305871,-0.2,-53.8261424271211));
#7905=CARTESIAN_POINT('',(19.1035524810567,0.,-47.057516829091));
#7906=CARTESIAN_POINT('Origin',(19.1035524810567,-0.2,-47.057516829091));
#7907=CARTESIAN_POINT('',(25.3288317311476,0.,-53.6892603785829));
#7908=CARTESIAN_POINT('Origin',(11.6770046479609,-0.2,-54.0288862404913));
#7909=CARTESIAN_POINT('Origin',(11.6770046479609,0.,-54.0288862404913));
#7910=CARTESIAN_POINT('Origin',(11.6770046479609,-0.2,-54.0288862404913));
#7911=CARTESIAN_POINT('Origin',(25.5347751755485,-0.2,-68.8156693174143));
#7912=CARTESIAN_POINT('',(35.46374749176,-0.0295753575230519,-66.955951654363));
#7913=CARTESIAN_POINT('',(35.6402246579061,0.,-67.384401296198));
#7914=CARTESIAN_POINT('Ctrl Pts',(35.4637474917599,-0.0295753575230459,
-66.955951654363));
#7915=CARTESIAN_POINT('Ctrl Pts',(35.4650567971419,-0.0291381978931289,
-66.9590756342811));
#7916=CARTESIAN_POINT('Ctrl Pts',(35.4663690045228,-0.0287053453099438,
-66.9622077297331));
#7917=CARTESIAN_POINT('Ctrl Pts',(35.5234979563171,-0.0100891740797282,
-67.0986206865198));
#7918=CARTESIAN_POINT('Ctrl Pts',(35.5820159285036,-0.000362144229692374,
-67.2406810850628));
#7919=CARTESIAN_POINT('Ctrl Pts',(35.6381594147972,-3.3123782248924E-6,
-67.3792998180969));
#7920=CARTESIAN_POINT('Ctrl Pts',(35.6391921831936,-1.38737185028827E-16,
-67.3818505238635));
#7921=CARTESIAN_POINT('Ctrl Pts',(35.6402246579061,-1.38777878078145E-16,
-67.384401296198));
#7922=CARTESIAN_POINT('Origin',(25.5347751755485,0.,-68.8156693174143));
#7923=CARTESIAN_POINT('',(35.2699084084519,-0.2,-66.5019500595767));
#7924=CARTESIAN_POINT('Origin',(25.5347751755485,-0.2,-68.8156693174143));
#7925=CARTESIAN_POINT('',(35.2774844649904,-0.163507996737894,-66.5193827344288));
#7926=CARTESIAN_POINT('Ctrl Pts',(35.2699084084519,-0.2,-66.5019500595767));
#7927=CARTESIAN_POINT('Ctrl Pts',(35.2699084084519,-0.197985509096627,-66.5019500595767));
#7928=CARTESIAN_POINT('Ctrl Pts',(35.2699773913248,-0.195984853204458,-66.5021086750889));
#7929=CARTESIAN_POINT('Ctrl Pts',(35.2703167480391,-0.190996097966245,-66.5028890178098));
#7930=CARTESIAN_POINT('Ctrl Pts',(35.2706679370281,-0.188087539102085,-66.5036965875639));
#7931=CARTESIAN_POINT('Ctrl Pts',(35.2722848140982,-0.178408281740171,-66.5074152716506));
#7932=CARTESIAN_POINT('Ctrl Pts',(35.2741262407466,-0.172210789960198,-66.5116514262992));
#7933=CARTESIAN_POINT('Ctrl Pts',(35.2765957423301,-0.165688008611841,-66.5173364343221));
#7934=CARTESIAN_POINT('Ctrl Pts',(35.2770353487384,-0.164585149310845,-66.5183485651392));
#7935=CARTESIAN_POINT('Ctrl Pts',(35.2774844644733,-0.163507986342422,-66.5193827238256));
#7936=CARTESIAN_POINT('Ctrl Pts',(35.2774844649904,-0.163507996737887,-66.5193827344288));
#7937=CARTESIAN_POINT('Ctrl Pts',(35.28053206816,-0.156198597763313,-66.5264003140493));
#7938=CARTESIAN_POINT('Ctrl Pts',(35.2841641165017,-0.149722448576359,-66.5347706050127));
#7939=CARTESIAN_POINT('Ctrl Pts',(35.2971026475191,-0.129652817571213,-66.5646207571658));
#7940=CARTESIAN_POINT('Ctrl Pts',(35.308824823148,-0.1174465615124,-66.591738293673));
#7941=CARTESIAN_POINT('Ctrl Pts',(35.3545474056267,-0.0762005941490579,
-66.6978509394272));
#7942=CARTESIAN_POINT('Ctrl Pts',(35.4061865170618,-0.0487942003872296,
-66.8186121677166));
#7943=CARTESIAN_POINT('Ctrl Pts',(35.4637474917599,-0.0295753575230459,
-66.955951654363));
#7944=CARTESIAN_POINT('Ctrl Pts',(32.507575994857,0.,-61.3367230949923));
#7945=CARTESIAN_POINT('Ctrl Pts',(32.5313308434637,0.,-61.4066795120321));
#7946=CARTESIAN_POINT('Ctrl Pts',(32.5717446767232,0.,-61.5238030565698));
#7947=CARTESIAN_POINT('Ctrl Pts',(32.619775047115,0.,-61.6593921391496));
#7948=CARTESIAN_POINT('Ctrl Pts',(32.6484339778086,0.,-61.7391583758628));
#7949=CARTESIAN_POINT('Ctrl Pts',(32.6578949741684,0.,-61.7652732541653));
#7950=CARTESIAN_POINT('Ctrl Pts',(32.6578975422057,1.73434936222783E-6,
-61.7652757834373));
#7951=CARTESIAN_POINT('Ctrl Pts',(32.4694005585904,8.4766496636644E-16,
-61.3725587315002));
#7952=CARTESIAN_POINT('Ctrl Pts',(32.4968354778552,-0.00817977433591955,
-61.4390208565583));
#7953=CARTESIAN_POINT('Ctrl Pts',(32.5473488038208,-0.0174928965471322,
-61.5502387174336));
#7954=CARTESIAN_POINT('Ctrl Pts',(32.610910631554,-0.0181869369164625,-61.6783127102892));
#7955=CARTESIAN_POINT('Ctrl Pts',(32.649612491338,-0.0117708194133311,-61.7534512873515));
#7956=CARTESIAN_POINT('Ctrl Pts',(32.6625068722355,-0.00429837196278709,
-61.7780120431853));
#7957=CARTESIAN_POINT('Ctrl Pts',(32.6625068722355,-3.85486150159848E-18,
-61.7780120431853));
#7958=CARTESIAN_POINT('Ctrl Pts',(32.3934559249505,-0.0434775480837995,
-61.4438486642948));
#7959=CARTESIAN_POINT('Ctrl Pts',(32.4350452916813,-0.0584480094661623,
-61.5012094813379));
#7960=CARTESIAN_POINT('Ctrl Pts',(32.5100705730555,-0.0717105895811813,
-61.5990735738144));
#7961=CARTESIAN_POINT('Ctrl Pts',(32.6014249180778,-0.0610248124995016,
-61.7132189522539));
#7962=CARTESIAN_POINT('Ctrl Pts',(32.6562207533591,-0.0366342573584656,
-61.7805086964124));
#7963=CARTESIAN_POINT('Ctrl Pts',(32.6743290765101,-0.0132730209053123,
-61.8025482773153));
#7964=CARTESIAN_POINT('Ctrl Pts',(32.6743290765101,-1.08016914982011E-17,
-61.8025482773153));
#7965=CARTESIAN_POINT('Ctrl Pts',(32.3617565695804,-0.147640122440169,-61.4736051435304));
#7966=CARTESIAN_POINT('Ctrl Pts',(32.414923870849,-0.152778611991249,-61.5300008816567));
#7967=CARTESIAN_POINT('Ctrl Pts',(32.5046624257992,-0.148219981396287,-61.6257494529944));
#7968=CARTESIAN_POINT('Ctrl Pts',(32.6091560616442,-0.110993073359821,-61.7370886104236));
#7969=CARTESIAN_POINT('Ctrl Pts',(32.670710984102,-0.0629725054977246,-61.8026930738409));
#7970=CARTESIAN_POINT('Ctrl Pts',(32.690858372824,-0.0226324216533949,-61.8241948396882));
#7971=CARTESIAN_POINT('Ctrl Pts',(32.690858372824,-1.59383700210941E-17,
-61.8241948396882));
#7972=CARTESIAN_POINT('Ctrl Pts',(32.3617565695804,-0.2,-61.4736051435304));
#7973=CARTESIAN_POINT('Ctrl Pts',(32.4172943629036,-0.200000000000002,-61.5327691404899));
#7974=CARTESIAN_POINT('Ctrl Pts',(32.5100174467398,-0.186471954259089,-61.6315463500601));
#7975=CARTESIAN_POINT('Ctrl Pts',(32.6168914659467,-0.13595894131281,-61.7453984455262));
#7976=CARTESIAN_POINT('Ctrl Pts',(32.6796209067914,-0.0761309477343195,
-61.8122236509462));
#7977=CARTESIAN_POINT('Ctrl Pts',(32.7001307134231,-0.0273122796977584,
-61.8340725949641));
#7978=CARTESIAN_POINT('Ctrl Pts',(32.7001307134231,-1.80010195057511E-17,
-61.8340725949641));
#7979=CARTESIAN_POINT('',(32.6760030756987,-4.56187630295396E-5,-61.8026324633667));
#7980=CARTESIAN_POINT('',(32.7001288653282,-0.000653459447687015,-61.8340706262024));
#7981=CARTESIAN_POINT('Ctrl Pts',(32.6760034891315,-4.561339695776E-5,-61.8026321903875));
#7982=CARTESIAN_POINT('Ctrl Pts',(32.6814904087122,-9.1118282441541E-5,
-61.8114755361585));
#7983=CARTESIAN_POINT('Ctrl Pts',(32.6876563917556,-0.000183343971396141,
-61.8198711437467));
#7984=CARTESIAN_POINT('Ctrl Pts',(32.6944369468744,-0.000421591430657085,
-61.8277416721296));
#7985=CARTESIAN_POINT('Ctrl Pts',(32.6962886943084,-0.00048665603283406,
-61.8298910876984));
#7986=CARTESIAN_POINT('Ctrl Pts',(32.6981863519418,-0.000562897621341603,
-61.8320012804064));
#7987=CARTESIAN_POINT('Ctrl Pts',(32.7001287601244,-0.000652969876125124,
-61.8340705141296));
#7988=CARTESIAN_POINT('Ctrl Pts',(32.7001287601244,-0.000652969876124563,
-61.8340705141296));
#7989=CARTESIAN_POINT('Ctrl Pts',(32.6999669554218,-0.0277013547047579,
-61.8338981447869));
#7990=CARTESIAN_POINT('Ctrl Pts',(32.6794958249384,-0.0762502441316335,
-61.8120904021812));
#7991=CARTESIAN_POINT('Ctrl Pts',(32.6168914659467,-0.13595894131281,-61.7453984455262));
#7992=CARTESIAN_POINT('Ctrl Pts',(32.5100174467398,-0.186471954259089,-61.6315463500601));
#7993=CARTESIAN_POINT('Ctrl Pts',(32.4172943629036,-0.200000000000002,-61.5327691404899));
#7994=CARTESIAN_POINT('Ctrl Pts',(32.3617565695804,-0.2,-61.4736051435304));
#7995=CARTESIAN_POINT('',(32.6578949741684,0.,-61.7652732541653));
#7996=CARTESIAN_POINT('Origin',(54.0021564637163,0.,-54.0378858116111));
#7997=CARTESIAN_POINT('Ctrl Pts',(32.6578975422057,1.73434936222783E-6,
-61.7652757834373));
#7998=CARTESIAN_POINT('Ctrl Pts',(32.6579403314387,1.71824908767539E-6,
-61.7653940164088));
#7999=CARTESIAN_POINT('Ctrl Pts',(32.6579832328447,1.70229838215753E-6,
-61.7655122090087));
#8000=CARTESIAN_POINT('Ctrl Pts',(32.6580262463444,1.68649522442805E-6,
-61.7656303610901));
#8001=CARTESIAN_POINT('Ctrl Pts',(32.6614491052715,4.28937017463811E-7,
-61.775032476935));
#8002=CARTESIAN_POINT('Ctrl Pts',(32.6655733731391,4.12165831083844E-6,
-61.784159038765));
#8003=CARTESIAN_POINT('Ctrl Pts',(32.6703577205574,-1.30160553391348E-5,
-61.7929346213067));
#8004=CARTESIAN_POINT('Ctrl Pts',(32.6719966348714,-1.88867084826172E-5,
-61.7959407633328));
#8005=CARTESIAN_POINT('Ctrl Pts',(32.6737131413671,-2.76239687360195E-5,
-61.7989056641957));
#8006=CARTESIAN_POINT('Ctrl Pts',(32.6755059751668,-4.16106756536985E-5,
-61.801826073199));
#8007=CARTESIAN_POINT('Ctrl Pts',(32.6756711857411,-4.28995580265497E-5,
-61.8020951904193));
#8008=CARTESIAN_POINT('Ctrl Pts',(32.6758370243982,-4.42329856965555E-5,
-61.8023638968262));
#8009=CARTESIAN_POINT('Ctrl Pts',(32.6760034891315,-4.561339695776E-5,-61.8026321903875));
#8010=CARTESIAN_POINT('Origin',(54.0021358607555,-0.2,-54.037898696666));
#8011=CARTESIAN_POINT('',(35.2802780594892,-0.2,-66.5175205794526));
#8012=CARTESIAN_POINT('Origin',(54.0021358607555,-0.2,-54.037898696666));
#8013=CARTESIAN_POINT('Origin',(35.1138613619449,-0.2,-66.6284506666897));
#8014=CARTESIAN_POINT('Origin',(25.5347751755485,-2.,-68.8156693174143));
#8015=CARTESIAN_POINT('',(18.2266117024057,-2.,-75.6506428006322));
#8016=CARTESIAN_POINT('',(18.2266117024057,-2.,-75.6506428006322));
#8017=CARTESIAN_POINT('',(35.2699084084519,-2.,-66.501950059577));
#8018=CARTESIAN_POINT('Origin',(25.5347751755485,-2.,-68.8156693174143));
#8019=CARTESIAN_POINT('',(35.2699084084519,-2.,-66.5019500595767));
#8020=CARTESIAN_POINT('Origin',(18.2266117024057,-2.,-75.6506428006322));
#8021=CARTESIAN_POINT('',(4.3235044651361,-2.,-60.7850137350508));
#8022=CARTESIAN_POINT('',(4.3235044651361,-2.,-60.7850137350508));
#8023=CARTESIAN_POINT('',(-4.89584323916532,-2.,-50.9274041475066));
#8024=CARTESIAN_POINT('Origin',(11.6770046479609,-2.,-54.0288862404913));
#8025=CARTESIAN_POINT('',(18.9577330557801,-2.,-47.1943988776292));
#8026=CARTESIAN_POINT('',(18.9577330557801,-2.,-47.1943988776292));
#8027=CARTESIAN_POINT('Origin',(11.6770046479609,-2.,-54.0288862404913));
#8028=CARTESIAN_POINT('Origin',(18.9577330557801,-2.,-47.1943988776292));
#8029=CARTESIAN_POINT('',(33.0159876937394,-0.14800287295966,-62.1705526800534));
#8030=CARTESIAN_POINT('Ctrl Pts',(33.0159876937394,-0.148002872959655,-62.1705526800534));
#8031=CARTESIAN_POINT('Ctrl Pts',(33.0159548498648,-0.147936086033297,-62.1705176917188));
#8032=CARTESIAN_POINT('Ctrl Pts',(33.0159220137306,-0.147869452361389,-62.1704827116299));
#8033=CARTESIAN_POINT('Ctrl Pts',(33.0032008104196,-0.12210719468772,-62.1569309086328));
#8034=CARTESIAN_POINT('Ctrl Pts',(32.9818433492866,-0.100383276859731,-62.1341789645974));
#8035=CARTESIAN_POINT('Ctrl Pts',(32.8875701256808,-0.0260394721966761,
-62.0337504026935));
#8036=CARTESIAN_POINT('Ctrl Pts',(32.7883436009758,-0.00474924110159918,
-61.9280451260761));
#8037=CARTESIAN_POINT('Ctrl Pts',(32.7001288653282,-0.000653459447688431,
-61.8340706262024));
#8038=CARTESIAN_POINT('',(33.0159876937394,-2.,-62.1705526800534));
#8039=CARTESIAN_POINT('',(33.0159876937394,-2.,-62.1705526800534));
#8040=CARTESIAN_POINT('',(2.7426283402917,-2.,-29.9205687759988));
#8041=CARTESIAN_POINT('Origin',(54.0021564637163,-0.2,-54.0378858116111));
#8042=CARTESIAN_POINT('',(32.8599203562019,-0.2,-61.73566909393));
#8043=CARTESIAN_POINT('Origin',(32.67198937138,-0.2,-61.8040938331976));
#8044=CARTESIAN_POINT('',(33.0285611463558,-0.2,-62.1839470886713));
#8045=CARTESIAN_POINT('Origin',(54.0021564637163,-0.2,-54.0378858116111));
#8046=CARTESIAN_POINT('',(33.0280421375852,-0.185086839202579,-62.1841486696203));
#8047=CARTESIAN_POINT('Origin',(32.8421291861302,-0.2,-62.2563565229633));
#8048=CARTESIAN_POINT('Ctrl Pts',(33.0280421285719,-0.185086842136168,-62.1841486594358));
#8049=CARTESIAN_POINT('Ctrl Pts',(33.0272840876713,-0.179784124327393,-62.1832921133852));
#8050=CARTESIAN_POINT('Ctrl Pts',(33.0261428010791,-0.174641807435541,-62.1820027759332));
#8051=CARTESIAN_POINT('Ctrl Pts',(33.0224217343773,-0.161937327961217,-62.1778024500232));
#8052=CARTESIAN_POINT('Ctrl Pts',(33.0194178926751,-0.154699423616188,-62.1744144703902));
#8053=CARTESIAN_POINT('Ctrl Pts',(33.0159876937394,-0.148002872959719,-62.1705526800534));
#8054=CARTESIAN_POINT('Origin',(54.0021564637163,-0.2,-54.0378858116111));
#8055=CARTESIAN_POINT('',(35.5419627213204,-0.2,-66.9014491624342));
#8056=CARTESIAN_POINT('Origin',(35.377872112722,-0.2,-67.015791946071));
#8057=CARTESIAN_POINT('Origin',(54.0021564637163,-0.2,-54.0378858116111));
#8058=CARTESIAN_POINT('Origin',(54.0021564637163,0.,-54.0378858116111));
#8059=CARTESIAN_POINT('Origin',(54.0021564637163,-0.2,-54.0378858116111));
#8060=CARTESIAN_POINT('Origin',(54.0021564637163,-0.2,-54.0378858116111));
#8061=CARTESIAN_POINT('Origin',(54.0021340761271,-0.2,-54.0378952642749));
#8062=CARTESIAN_POINT('',(33.0291068304075,-0.2,-62.185351910725));
#8063=CARTESIAN_POINT('Ctrl Pts',(33.0291068304075,-0.2,-62.1853519107251));
#8064=CARTESIAN_POINT('Ctrl Pts',(33.0291068304075,-0.199958616458602,-62.1853519107251));
#8065=CARTESIAN_POINT('Ctrl Pts',(33.0291068058407,-0.19991723275441,-62.1853518829569));
#8066=CARTESIAN_POINT('Ctrl Pts',(33.0291063817953,-0.199560075707585,-62.185351403653));
#8067=CARTESIAN_POINT('Ctrl Pts',(33.0291045765487,-0.199244320108408,-62.185349363159));
#8068=CARTESIAN_POINT('Ctrl Pts',(33.0290964069173,-0.198446992680497,-62.1853401289367));
#8069=CARTESIAN_POINT('Ctrl Pts',(33.0290881465874,-0.197965527339008,-62.1853307922037));
#8070=CARTESIAN_POINT('Ctrl Pts',(33.0290503419186,-0.196394306918777,-62.1852880615013));
#8071=CARTESIAN_POINT('Ctrl Pts',(33.0290071113318,-0.195305905341691,-62.1852391980796));
#8072=CARTESIAN_POINT('Ctrl Pts',(33.0288056737698,-0.191663505042418,-62.1850115217134));
#8073=CARTESIAN_POINT('Ctrl Pts',(33.028571574454,-0.189126277483731,-62.1847469354352));
#8074=CARTESIAN_POINT('Ctrl Pts',(33.0281832627402,-0.186099870404884,-62.1843081362557));
#8075=CARTESIAN_POINT('Ctrl Pts',(33.0281144459299,-0.185592624396621,-62.1842303742188));
#8076=CARTESIAN_POINT('Ctrl Pts',(33.0280421420542,-0.185086837748037,-62.1841486746701));
#8077=CARTESIAN_POINT('Origin',(54.0021340761271,-0.2,-54.0378952642749));
#8078=CARTESIAN_POINT('Origin',(54.0021564637163,-2.,-54.0378858116111));
#8079=CARTESIAN_POINT('',(35.2802780594892,-2.,-66.5175205794526));
#8080=CARTESIAN_POINT('',(35.2802780594892,-2.,-66.5175205794526));
#8081=CARTESIAN_POINT('',(33.0285611463558,-2.,-62.1839470886713));
#8082=CARTESIAN_POINT('Origin',(54.0021564637163,-2.,-54.0378858116111));
#8083=CARTESIAN_POINT('',(33.0285611463558,-2.,-62.1839470886713));
#8084=CARTESIAN_POINT('Origin',(54.0021358607555,-2.,-54.037898696666));
#8085=CARTESIAN_POINT('Origin',(54.0021358607555,-2.,-54.037898696666));
#8086=CARTESIAN_POINT('Origin',(37.9989456689447,0.,-54.2711777621161));
#8087=CARTESIAN_POINT('',(47.6331136857375,0.,-26.049410291204));
#8088=CARTESIAN_POINT('',(39.9111672757219,0.,-27.8753141147911));
#8089=CARTESIAN_POINT('',(51.7805753752029,0.,-83.1609779374943));
#8090=CARTESIAN_POINT('Origin',(54.3063318612339,0.,-54.2711777621161));
#8091=CARTESIAN_POINT('',(30.0505803560724,0.,-81.2611837011961));
#8092=CARTESIAN_POINT('Origin',(61.0003164050059,-4.,32.2260662913938));
#8093=CARTESIAN_POINT('',(60.939102276905,-2.,32.4164680522072));
#8094=CARTESIAN_POINT('',(61.1370871577317,-2.,32.0801424715466));
#8095=CARTESIAN_POINT('Origin',(61.0003164050059,-2.,32.2260662913938));
#8096=CARTESIAN_POINT('',(61.1370871577317,-0.2,32.0801424715466));
#8097=CARTESIAN_POINT('',(61.1370871577317,-4.,32.0801424715466));
#8098=CARTESIAN_POINT('',(60.939102276905,-0.2,32.4164680522072));
#8099=CARTESIAN_POINT('Origin',(61.0003164050059,-0.2,32.2260662913938));
#8100=CARTESIAN_POINT('',(60.939102276905,-4.,32.4164680522072));
#8101=CARTESIAN_POINT('Origin',(53.6670837271134,-0.2,25.3528104081567));
#8102=CARTESIAN_POINT('',(61.0003164050059,0.,32.2260662913938));
#8103=CARTESIAN_POINT('Origin',(61.0003164050059,-0.2,32.2260662913938));
#8104=CARTESIAN_POINT('',(47.1797717699535,-0.2,18.9982992630989));
#8105=CARTESIAN_POINT('',(53.8038544798392,-0.2,25.2068865883095));
#8106=CARTESIAN_POINT('',(47.0430010172267,0.,19.144223082947));
#8107=CARTESIAN_POINT('Origin',(47.0430010172267,-0.2,19.144223082947));
#8108=CARTESIAN_POINT('',(53.6670837271134,0.,25.3528104081567));
#8109=CARTESIAN_POINT('Ctrl Pts',(47.1797717699535,-0.2,18.9982992630989));
#8110=CARTESIAN_POINT('Ctrl Pts',(46.0883089455731,-0.2,17.9752998994251));
#8111=CARTESIAN_POINT('Ctrl Pts',(44.3715129769993,-0.2,15.4317387835276));
#8112=CARTESIAN_POINT('Ctrl Pts',(43.7103989915203,-0.2,10.8774825250852));
#8113=CARTESIAN_POINT('Ctrl Pts',(45.08702810137,-0.2,6.4852593142014));
#8114=CARTESIAN_POINT('Ctrl Pts',(48.2363601761475,-0.2,3.12882093098706));
#8115=CARTESIAN_POINT('Ctrl Pts',(52.5280474547017,-0.2,1.46670562896597));
#8116=CARTESIAN_POINT('Ctrl Pts',(57.1166964976279,-0.2,1.83598780998512));
#8117=CARTESIAN_POINT('Ctrl Pts',(59.7653806498101,-0.2,3.38291393935651));
#8118=CARTESIAN_POINT('Ctrl Pts',(60.8568427314767,-0.2,4.405914095449));
#8119=CARTESIAN_POINT('Ctrl Pts',(47.1797717699535,-0.14764012244017,18.9982992630989));
#8120=CARTESIAN_POINT('Ctrl Pts',(46.0883545419062,-0.14764012244017,17.9753426356674));
#8121=CARTESIAN_POINT('Ctrl Pts',(44.3715708175323,-0.14764012244017,15.4316560544285));
#8122=CARTESIAN_POINT('Ctrl Pts',(43.7104519436385,-0.147640122440171,10.8775055510402));
#8123=CARTESIAN_POINT('Ctrl Pts',(45.0871168265738,-0.14764012244017,6.48530238110769));
#8124=CARTESIAN_POINT('Ctrl Pts',(48.2363851619004,-0.14764012244017,3.12886493590069));
#8125=CARTESIAN_POINT('Ctrl Pts',(52.5280779154254,-0.14764012244017,1.46680067625887));
#8126=CARTESIAN_POINT('Ctrl Pts',(57.1166491794003,-0.14764012244017,1.83601949496193));
#8127=CARTESIAN_POINT('Ctrl Pts',(59.7654262461122,-0.14764012244017,3.38295667563195));
#8128=CARTESIAN_POINT('Ctrl Pts',(60.8568427314767,-0.14764012244017,4.405914095449));
#8129=CARTESIAN_POINT('Ctrl Pts',(47.1500511524052,-0.0434605205829926,
19.0300089105566));
#8130=CARTESIAN_POINT('Ctrl Pts',(46.0538357887824,-0.0434605205829924,
18.0025551170001));
#8131=CARTESIAN_POINT('Ctrl Pts',(44.3295761213926,-0.0434605205829947,
15.4479642721019));
#8132=CARTESIAN_POINT('Ctrl Pts',(43.665589862768,-0.0434605205829957,10.8738941361171));
#8133=CARTESIAN_POINT('Ctrl Pts',(45.0481948266784,-0.0434605205829933,
6.46257814310497));
#8134=CARTESIAN_POINT('Ctrl Pts',(48.2112266219534,-0.0434605205829925,
3.09155231964199));
#8135=CARTESIAN_POINT('Ctrl Pts',(52.5215647158511,-0.0434605205829936,
1.42220332141663));
#8136=CARTESIAN_POINT('Ctrl Pts',(57.1301715904391,-0.0434605205829936,
1.79310290672802));
#8137=CARTESIAN_POINT('Ctrl Pts',(59.7903487543716,-0.0434605205829935,
3.34674988014326));
#8138=CARTESIAN_POINT('Ctrl Pts',(60.8865633720467,-0.0434605205829934,
4.37420446956891));
#8139=CARTESIAN_POINT('Ctrl Pts',(47.0788075947673,1.6968228886344E-15,
19.1060203895463));
#8140=CARTESIAN_POINT('Ctrl Pts',(45.9712397295246,2.07612487794596E-15,
18.0679261951683));
#8141=CARTESIAN_POINT('Ctrl Pts',(44.2290994648896,-8.81413642569422E-16,
15.4867862277823));
#8142=CARTESIAN_POINT('Ctrl Pts',(43.5582237820393,-2.19129213744394E-15,
10.8653125022947));
#8143=CARTESIAN_POINT('Ctrl Pts',(44.955184785862,9.00897309276682E-16,
6.40824654722245));
#8144=CARTESIAN_POINT('Ctrl Pts',(48.151000593161,1.80920315245749E-15,
3.00225386036669));
#8145=CARTESIAN_POINT('Ctrl Pts',(52.5060515083083,3.66540315774072E-16,
1.31560951703413));
#8146=CARTESIAN_POINT('Ctrl Pts',(57.1624314980946,4.56128358896425E-16,
1.69033081596358));
#8147=CARTESIAN_POINT('Ctrl Pts',(59.8502398733003,6.45591427684661E-16,
3.26009804381385));
#8148=CARTESIAN_POINT('Ctrl Pts',(60.9578069848701,6.90683272567853E-16,
4.29819304230312));
#8149=CARTESIAN_POINT('Ctrl Pts',(47.0430011231706,1.70002900645727E-15,
19.1442231822437));
#8150=CARTESIAN_POINT('Ctrl Pts',(45.9297090397102,2.07854037203532E-15,
18.1007638288667));
#8151=CARTESIAN_POINT('Ctrl Pts',(44.1785771447109,-8.78814592332132E-16,
15.5063314814141));
#8152=CARTESIAN_POINT('Ctrl Pts',(43.5042408768772,-2.18698336644928E-15,
10.8609900771182));
#8153=CARTESIAN_POINT('Ctrl Pts',(44.9084025740308,8.98850417893807E-16,
6.38092239060832));
#8154=CARTESIAN_POINT('Ctrl Pts',(48.1207212901115,1.80549401580241E-15,
2.95735524213553));
#8155=CARTESIAN_POINT('Ctrl Pts',(52.4982423041859,3.58594784025645E-16,
1.26199763846178));
#8156=CARTESIAN_POINT('Ctrl Pts',(57.1786643200068,4.56946809259063E-16,
1.63866546138686));
#8157=CARTESIAN_POINT('Ctrl Pts',(59.8803221583102,6.48891535741584E-16,
3.21653011395766));
#8158=CARTESIAN_POINT('Ctrl Pts',(60.9936134842026,6.93889390390723E-16,
4.25999027560181));
#8159=CARTESIAN_POINT('',(60.8568427314767,-0.2,4.405914095449));
#8160=CARTESIAN_POINT('',(60.9936134842026,0.,4.25999027560181));
#8161=CARTESIAN_POINT('Origin',(60.9936134842026,-0.2,4.25999027560181));
#8162=CARTESIAN_POINT('Ctrl Pts',(60.9936134842026,6.93889390390723E-16,
4.25999027560181));
#8163=CARTESIAN_POINT('Ctrl Pts',(59.8803221583102,6.48891535741584E-16,
3.21653011395766));
#8164=CARTESIAN_POINT('Ctrl Pts',(57.1786643200068,4.56946809259063E-16,
1.63866546138686));
#8165=CARTESIAN_POINT('Ctrl Pts',(52.4982423041859,3.58594784025645E-16,
1.26199763846178));
#8166=CARTESIAN_POINT('Ctrl Pts',(48.1207212901115,1.80549401580241E-15,
2.95735524213553));
#8167=CARTESIAN_POINT('Ctrl Pts',(44.9084025740308,8.98850417893807E-16,
6.38092239060832));
#8168=CARTESIAN_POINT('Ctrl Pts',(43.5042408768772,-2.18698336644928E-15,
10.8609900771182));
#8169=CARTESIAN_POINT('Ctrl Pts',(44.1785771375807,-8.78814606164117E-16,
15.5063314322964));
#8170=CARTESIAN_POINT('Ctrl Pts',(45.9297089841632,2.07854027822612E-15,
18.1007637465696));
#8171=CARTESIAN_POINT('Ctrl Pts',(47.0430010172276,1.70002904247714E-15,
19.1442230829461));
#8172=CARTESIAN_POINT('Ctrl Pts',(47.1797717699535,-0.2,18.9982992630989));
#8173=CARTESIAN_POINT('Ctrl Pts',(46.0883089455731,-0.2,17.9752998994251));
#8174=CARTESIAN_POINT('Ctrl Pts',(44.3715129769993,-0.2,15.4317387835276));
#8175=CARTESIAN_POINT('Ctrl Pts',(43.7103989915203,-0.2,10.8774825250852));
#8176=CARTESIAN_POINT('Ctrl Pts',(45.08702810137,-0.2,6.4852593142014));
#8177=CARTESIAN_POINT('Ctrl Pts',(48.2363601761475,-0.2,3.12882093098706));
#8178=CARTESIAN_POINT('Ctrl Pts',(52.5280474547017,-0.2,1.46670562896597));
#8179=CARTESIAN_POINT('Ctrl Pts',(57.1166964976279,-0.2,1.83598780998512));
#8180=CARTESIAN_POINT('Ctrl Pts',(59.7653806498101,-0.2,3.38291393935651));
#8181=CARTESIAN_POINT('Ctrl Pts',(60.8568427314767,-0.2,4.405914095449));
#8182=CARTESIAN_POINT('Origin',(75.0103190509007,-0.2,17.3974984158199));
#8183=CARTESIAN_POINT('',(75.6420845619962,-0.2,18.2637520859334));
#8184=CARTESIAN_POINT('',(75.778855314725,0.,18.1178282660831));
#8185=CARTESIAN_POINT('Origin',(75.778855314725,-0.2,18.1178282660831));
#8186=CARTESIAN_POINT('',(75.0103190509007,0.,17.3974984158199));
#8187=CARTESIAN_POINT('',(74.8735482981749,-0.2,17.5434222356671));
#8188=CARTESIAN_POINT('Ctrl Pts',(75.6420845619962,-0.2,18.2637520859334));
#8189=CARTESIAN_POINT('Ctrl Pts',(76.5088157022767,-0.2,19.0761156313634));
#8190=CARTESIAN_POINT('Ctrl Pts',(77.9519206090823,-0.2,21.0137519533573));
#8191=CARTESIAN_POINT('Ctrl Pts',(78.9591618893074,-0.2,24.4880437933114));
#8192=CARTESIAN_POINT('Ctrl Pts',(78.6198514461824,-0.2,29.3085158652581));
#8193=CARTESIAN_POINT('Ctrl Pts',(75.0127588985868,-0.2,34.4996770944517));
#8194=CARTESIAN_POINT('Ctrl Pts',(70.1062906544618,-0.2,35.755414273941));
#8195=CARTESIAN_POINT('Ctrl Pts',(67.7438260345014,-0.2,35.503639456228));
#8196=CARTESIAN_POINT('Ctrl Pts',(75.6420845619962,-0.14764012244017,18.2637520859334));
#8197=CARTESIAN_POINT('Ctrl Pts',(76.5087794942072,-0.14764012244017,19.0760816945238));
#8198=CARTESIAN_POINT('Ctrl Pts',(77.9518594298723,-0.14764012244017,21.0138011611439));
#8199=CARTESIAN_POINT('Ctrl Pts',(78.959065217717,-0.14764012244017,24.4879945759987));
#8200=CARTESIAN_POINT('Ctrl Pts',(78.6197284711915,-0.14764012244017,29.3084451987009));
#8201=CARTESIAN_POINT('Ctrl Pts',(75.0127258319399,-0.147640122440171,34.4995586975518));
#8202=CARTESIAN_POINT('Ctrl Pts',(70.1061919614957,-0.147640122440172,35.7554037559407));
#8203=CARTESIAN_POINT('Ctrl Pts',(67.7438260345014,-0.147640122440171,35.503639456228));
#8204=CARTESIAN_POINT('Ctrl Pts',(75.6718207359776,-0.0434832895492907,
18.2320258124842));
#8205=CARTESIAN_POINT('Ctrl Pts',(76.5423258698975,-0.0434832895492906,
19.0479266195987));
#8206=CARTESIAN_POINT('Ctrl Pts',(77.9917094320505,-0.0434832895492909,
20.9939765717712));
#8207=CARTESIAN_POINT('Ctrl Pts',(79.0033355888021,-0.0434832895492917,
24.4833898082934));
#8208=CARTESIAN_POINT('Ctrl Pts',(78.6625534609941,-0.0434832895492915,
29.324825940048));
#8209=CARTESIAN_POINT('Ctrl Pts',(75.0397632717678,-0.0434832895492931,
34.5385668493239));
#8210=CARTESIAN_POINT('Ctrl Pts',(70.1119694471188,-0.0434832895492954,
35.7997490090536));
#8211=CARTESIAN_POINT('Ctrl Pts',(67.739217986911,-0.0434832895492933,35.5468778924559));
#8212=CARTESIAN_POINT('Ctrl Pts',(75.7430486889752,1.07232243728275E-15,
18.1560309143026));
#8213=CARTESIAN_POINT('Ctrl Pts',(76.6225688497509,1.18395739769313E-15,
18.9803812611168));
#8214=CARTESIAN_POINT('Ctrl Pts',(78.0869746683955,8.47170942465009E-16,
20.94664189043));
#8215=CARTESIAN_POINT('Ctrl Pts',(79.1090796110197,-1.12398053566815E-16,
24.4722080855944));
#8216=CARTESIAN_POINT('Ctrl Pts',(78.7647541994117,1.35078844783932E-16,
29.3638452906367));
#8217=CARTESIAN_POINT('Ctrl Pts',(75.1044248895472,-1.92149990410195E-15,
34.6316391192932));
#8218=CARTESIAN_POINT('Ctrl Pts',(70.1255040678034,-4.85865849675978E-15,
35.9059380921917));
#8219=CARTESIAN_POINT('Ctrl Pts',(67.7281801917533,-2.22365216707318E-15,
35.6504482208126));
#8220=CARTESIAN_POINT('Ctrl Pts',(75.7788551434753,1.07552855510562E-15,
18.1178281055811));
#8221=CARTESIAN_POINT('Ctrl Pts',(76.6629209086201,1.18693082164232E-15,
18.9464389238492));
#8222=CARTESIAN_POINT('Ctrl Pts',(78.1348879187291,8.50236708938548E-16,
20.922827978929));
#8223=CARTESIAN_POINT('Ctrl Pts',(79.1622740293367,-1.07843406832615E-16,
24.4666056708737));
#8224=CARTESIAN_POINT('Ctrl Pts',(78.8161773749074,1.37734692030358E-16,
29.3834872033814));
#8225=CARTESIAN_POINT('Ctrl Pts',(75.1369429709469,-1.91315310187541E-15,
34.6784716568966));
#8226=CARTESIAN_POINT('Ctrl Pts',(70.1323453760546,-4.84995992542784E-15,
35.959323574926));
#8227=CARTESIAN_POINT('Ctrl Pts',(67.7226314669414,-2.22044604925031E-15,
35.7025132612048));
#8228=CARTESIAN_POINT('',(67.7438260345014,-0.2,35.503639456228));
#8229=CARTESIAN_POINT('',(67.7226314669166,0.,35.7025132612378));
#8230=CARTESIAN_POINT('Origin',(67.7226314669414,-0.2,35.7025132612048));
#8231=CARTESIAN_POINT('Ctrl Pts',(67.7226314669414,-2.22044604925031E-15,
35.7025132612048));
#8232=CARTESIAN_POINT('Ctrl Pts',(70.1323453760546,-4.84995992542784E-15,
35.959323574926));
#8233=CARTESIAN_POINT('Ctrl Pts',(75.1369429709469,-1.91315310187541E-15,
34.6784716568966));
#8234=CARTESIAN_POINT('Ctrl Pts',(78.8161773749074,1.37734692030358E-16,
29.3834872033814));
#8235=CARTESIAN_POINT('Ctrl Pts',(79.1622740293367,-1.07843406832615E-16,
24.4666056708737));
#8236=CARTESIAN_POINT('Ctrl Pts',(78.1348879408412,8.50236688318139E-16,
20.9228280552004));
#8237=CARTESIAN_POINT('Ctrl Pts',(76.6629210036619,1.18693079990268E-15,
18.9464390514605));
#8238=CARTESIAN_POINT('Ctrl Pts',(75.7788553147222,1.07552857668465E-15,
18.1178282660861));
#8239=CARTESIAN_POINT('Ctrl Pts',(75.6420845619962,-0.2,18.2637520859334));
#8240=CARTESIAN_POINT('Ctrl Pts',(76.5088157022767,-0.2,19.0761156313634));
#8241=CARTESIAN_POINT('Ctrl Pts',(77.9519206090823,-0.2,21.0137519533573));
#8242=CARTESIAN_POINT('Ctrl Pts',(78.9591618893074,-0.2,24.4880437933114));
#8243=CARTESIAN_POINT('Ctrl Pts',(78.6198514461824,-0.2,29.3085158652581));
#8244=CARTESIAN_POINT('Ctrl Pts',(75.0127588985868,-0.2,34.4996770944517));
#8245=CARTESIAN_POINT('Ctrl Pts',(70.1062906544618,-0.2,35.755414273941));
#8246=CARTESIAN_POINT('Ctrl Pts',(67.7438260345014,-0.2,35.503639456228));
#8247=CARTESIAN_POINT('Origin',(61.0003164050059,-0.2,32.2260662913938));
#8248=CARTESIAN_POINT('Origin',(61.0003164050059,-0.2,32.2260662913938));
#8249=CARTESIAN_POINT('Ctrl Pts',(67.6026341810599,-2.,35.8625152968609));
#8250=CARTESIAN_POINT('Ctrl Pts',(67.6026341810599,-1.4,35.8625152968609));
#8251=CARTESIAN_POINT('Ctrl Pts',(67.6026341810599,-0.8,35.8625152968609));
#8252=CARTESIAN_POINT('Ctrl Pts',(67.6026341810599,-0.2,35.8625152968609));
#8253=CARTESIAN_POINT('Ctrl Pts',(67.5629493987338,-2.,35.8327527620062));
#8254=CARTESIAN_POINT('Ctrl Pts',(67.5629493987338,-1.4,35.8327527620062));
#8255=CARTESIAN_POINT('Ctrl Pts',(67.5629493987338,-0.8,35.8327527620062));
#8256=CARTESIAN_POINT('Ctrl Pts',(67.5629493987338,-0.2,35.8327527620062));
#8257=CARTESIAN_POINT('Ctrl Pts',(67.5070893274613,-2.,35.7423708902786));
#8258=CARTESIAN_POINT('Ctrl Pts',(67.5070893274613,-1.4,35.7423708902786));
#8259=CARTESIAN_POINT('Ctrl Pts',(67.5070893274613,-0.8,35.7423708902786));
#8260=CARTESIAN_POINT('Ctrl Pts',(67.5070893274613,-0.2,35.7423708902786));
#8261=CARTESIAN_POINT('Ctrl Pts',(67.5367903455978,-2.,35.5856485028767));
#8262=CARTESIAN_POINT('Ctrl Pts',(67.5367903455978,-1.4,35.5856485028767));
#8263=CARTESIAN_POINT('Ctrl Pts',(67.5367903455978,-0.8,35.5856485028767));
#8264=CARTESIAN_POINT('Ctrl Pts',(67.5367903455978,-0.2,35.5856485028767));
#8265=CARTESIAN_POINT('Ctrl Pts',(67.6436041223662,-2.,35.5066643466267));
#8266=CARTESIAN_POINT('Ctrl Pts',(67.6436041223662,-1.4,35.5066643466267));
#8267=CARTESIAN_POINT('Ctrl Pts',(67.6436041223662,-0.8,35.5066643466267));
#8268=CARTESIAN_POINT('Ctrl Pts',(67.6436041223662,-0.2,35.5066643466267));
#8269=CARTESIAN_POINT('Ctrl Pts',(67.7191630241904,-2.,35.5010110465266));
#8270=CARTESIAN_POINT('Ctrl Pts',(67.7191630241904,-1.4,35.5010110465266));
#8271=CARTESIAN_POINT('Ctrl Pts',(67.7191630241904,-0.8,35.5010110465266));
#8272=CARTESIAN_POINT('Ctrl Pts',(67.7191630241904,-0.2,35.5010110465266));
#8273=CARTESIAN_POINT('Ctrl Pts',(67.7438260343441,-2.,35.5036394562112));
#8274=CARTESIAN_POINT('Ctrl Pts',(67.7438260343441,-1.4,35.5036394562112));
#8275=CARTESIAN_POINT('Ctrl Pts',(67.7438260343441,-0.8,35.5036394562112));
#8276=CARTESIAN_POINT('Ctrl Pts',(67.7438260343441,-0.2,35.5036394562112));
#8277=CARTESIAN_POINT('',(67.7438260343441,-2.,35.5036394562112));
#8278=CARTESIAN_POINT('',(67.6026341810599,-2.,35.8625152968609));
#8279=CARTESIAN_POINT('Ctrl Pts',(67.7438260343441,-2.,35.5036394562112));
#8280=CARTESIAN_POINT('Ctrl Pts',(67.7191630241904,-2.,35.5010110465266));
#8281=CARTESIAN_POINT('Ctrl Pts',(67.6939767235823,-2.,35.5028954798934));
#8282=CARTESIAN_POINT('Ctrl Pts',(67.6700649380591,-2.,35.5094173792211));
#8283=CARTESIAN_POINT('Ctrl Pts',(67.6222413670125,-2.,35.5224611778767));
#8284=CARTESIAN_POINT('Ctrl Pts',(67.5795158563052,-2.,35.5540548403767));
#8285=CARTESIAN_POINT('Ctrl Pts',(67.553202931262,-2.,35.595972069527));
#8286=CARTESIAN_POINT('Ctrl Pts',(67.526890006219,-2.,35.6378892986773));
#8287=CARTESIAN_POINT('Ctrl Pts',(67.5169896668401,-2.,35.690130094478));
#8288=CARTESIAN_POINT('Ctrl Pts',(67.5260045149688,-2.,35.7388459603102));
#8289=CARTESIAN_POINT('Ctrl Pts',(67.5350193630976,-2.,35.7875618261424));
#8290=CARTESIAN_POINT('Ctrl Pts',(67.5629493987338,-2.,35.8327527620062));
#8291=CARTESIAN_POINT('Ctrl Pts',(67.6026341810599,-2.,35.8625152968609));
#8292=CARTESIAN_POINT('',(67.6026341810599,-0.2,35.8625152968609));
#8293=CARTESIAN_POINT('Ctrl Pts',(67.6026341810599,-2.,35.8625152968609));
#8294=CARTESIAN_POINT('Ctrl Pts',(67.6026341810599,-1.4,35.8625152968609));
#8295=CARTESIAN_POINT('Ctrl Pts',(67.6026341810599,-0.8,35.8625152968609));
#8296=CARTESIAN_POINT('Ctrl Pts',(67.6026341810599,-0.2,35.8625152968609));
#8297=CARTESIAN_POINT('Origin',(67.7226314667809,-0.2,35.7025132611877));
#8298=CARTESIAN_POINT('Ctrl Pts',(67.7438260343441,-0.2,35.5036394562112));
#8299=CARTESIAN_POINT('Ctrl Pts',(67.7438260343441,-0.8,35.5036394562112));
#8300=CARTESIAN_POINT('Ctrl Pts',(67.7438260343441,-1.4,35.5036394562112));
#8301=CARTESIAN_POINT('Ctrl Pts',(67.7438260343441,-2.,35.5036394562112));
#8302=CARTESIAN_POINT('Origin',(67.7226314668918,-0.2,35.7025132612709));
#8303=CARTESIAN_POINT('Origin',(67.7226314668918,-0.2,35.7025132612709));
#8304=CARTESIAN_POINT('Origin',(54.2517262120637,0.,38.005013563485));
#8305=CARTESIAN_POINT('',(83.1415268092144,0.,51.7866473504801));
#8306=CARTESIAN_POINT('',(26.0299605060321,0.,47.6391753250535));
#8307=CARTESIAN_POINT('Origin',(54.2517262120637,0.,54.3123981452872));
#8308=CARTESIAN_POINT('',(81.2417377837086,0.,30.0566544209029));
#8309=CARTESIAN_POINT('',(27.8558663083005,0.,39.9172293912515));
#8310=CARTESIAN_POINT('Origin',(54.0000008046627,0.,54.0000008046627));
#8311=CARTESIAN_POINT('Origin',(54.0000008046627,-0.2,54.0000008046627));
#8312=CARTESIAN_POINT('Origin',(54.0000008046627,-0.2,54.0000008046627));
#8313=CARTESIAN_POINT('Origin',(54.0000008046627,-4.,54.0000008046627));
#8314=CARTESIAN_POINT('Origin',(54.0000008046627,-2.,54.0000008046627));
#8315=CARTESIAN_POINT('Ctrl Pts',(67.7438260343441,-2.,35.5036394562112));
#8316=CARTESIAN_POINT('Ctrl Pts',(74.8981592347368,-2.,36.2660978322809));
#8317=CARTESIAN_POINT('Ctrl Pts',(77.8948735901589,-2.,29.7250333954185));
#8318=CARTESIAN_POINT('Ctrl Pts',(80.8915879455809,-2.,23.183968958556));
#8319=CARTESIAN_POINT('Ctrl Pts',(75.6420845619962,-2.,18.2637520859334));
#8320=CARTESIAN_POINT('Ctrl Pts',(67.7438260343441,-0.2,35.5036394562112));
#8321=CARTESIAN_POINT('Ctrl Pts',(74.8981592347368,-0.2,36.2660978322809));
#8322=CARTESIAN_POINT('Ctrl Pts',(77.8948735901589,-0.2,29.7250333954185));
#8323=CARTESIAN_POINT('Ctrl Pts',(80.8915879455809,-0.2,23.183968958556));
#8324=CARTESIAN_POINT('Ctrl Pts',(75.6420845619962,-0.2,18.2637520859334));
#8325=CARTESIAN_POINT('',(75.6420845619962,-2.,18.2637520859334));
#8326=CARTESIAN_POINT('',(75.6420845619962,-4.,18.2637520859334));
#8327=CARTESIAN_POINT('Origin',(68.8035549949955,-2.,25.5599502125712));
#8328=CARTESIAN_POINT('Origin',(-68.8172568623007,-2.,-25.5331129805365));
#8329=CARTESIAN_POINT('',(-66.5961747291237,-2.,-35.3329448309214));
#8330=CARTESIAN_POINT('Origin',(-68.8172568623007,-2.,-25.5331129805365));
#8331=CARTESIAN_POINT('',(-66.5961747291237,-2.,-35.3329448309214));
#8332=CARTESIAN_POINT('Origin',(25.5347751755485,-2.,-68.8156693174143));
#8333=CARTESIAN_POINT('',(33.0291068304075,-2.,-62.185351910725));
#8334=CARTESIAN_POINT('',(33.0291068304075,-2.,-62.185351910725));
#8335=CARTESIAN_POINT('Origin',(25.5347751755485,-2.,-68.8156693174143));
#8336=CARTESIAN_POINT('Origin',(-54.002135859943,-2.,54.0378986971716));
#8337=CARTESIAN_POINT('',(-35.280278059487,-2.,66.5175205794497));
#8338=CARTESIAN_POINT('Origin',(-54.002135859943,-2.,54.0378986971716));
#8339=CARTESIAN_POINT('',(-35.280278059487,-2.,66.5175205794497));
#8340=CARTESIAN_POINT('Origin',(0.,-2.,0.));
#8341=CARTESIAN_POINT('',(-56.5,-2.,85.5));
#8342=CARTESIAN_POINT('',(-85.5,-2.,56.5));
#8343=CARTESIAN_POINT('Origin',(-56.5,-2.,56.5));
#8344=CARTESIAN_POINT('',(-85.5,-2.,-56.5));
#8345=CARTESIAN_POINT('',(-85.5,-2.,56.5));
#8346=CARTESIAN_POINT('',(-56.5,-2.,-85.5));
#8347=CARTESIAN_POINT('Origin',(-56.5,-2.,-56.5));
#8348=CARTESIAN_POINT('',(56.5,-2.,-85.5));
#8349=CARTESIAN_POINT('',(-56.5,-2.,-85.5));
#8350=CARTESIAN_POINT('',(85.5,-2.,-56.5));
#8351=CARTESIAN_POINT('Origin',(56.5000000000001,-2.,-56.5));
#8352=CARTESIAN_POINT('',(85.5,-2.,56.5));
#8353=CARTESIAN_POINT('',(85.5,-2.,-56.5));
#8354=CARTESIAN_POINT('',(56.5,-2.,85.5));
#8355=CARTESIAN_POINT('Origin',(56.5000000000001,-2.,56.5));
#8356=CARTESIAN_POINT('',(56.5,-2.,85.5));
#8357=CARTESIAN_POINT('',(60.8568427314767,-2.,4.40591409544901));
#8358=CARTESIAN_POINT('',(50.9519036766706,-2.,-4.87773796113995));
#8359=CARTESIAN_POINT('',(47.1797717699535,-2.,18.9982992630989));
#8360=CARTESIAN_POINT('Origin',(54.0183046021404,-2.,11.7021041968328));
#8361=CARTESIAN_POINT('',(29.8822098583328,-2.,2.78572639150423));
#8362=CARTESIAN_POINT('Origin',(-54.0378885364402,-2.,-54.0021564637162));
#8363=CARTESIAN_POINT('Origin',(-54.0021564637151,-2.,54.0378858116099));
#8364=CARTESIAN_POINT('Origin',(54.0021340761271,-2.,-54.0378952642749));
#8365=CARTESIAN_POINT('Origin',(75.6420845619991,-4.,18.2637520859303));
#8366=CARTESIAN_POINT('',(60.8568427314767,-4.,4.40591409544901));
#8367=CARTESIAN_POINT('Origin',(47.1797717699526,-4.,18.9982992630998));
#8368=CARTESIAN_POINT('',(47.1797717699535,-4.,18.9982992630989));
#8369=CARTESIAN_POINT('Ctrl Pts',(60.8568427314767,-2.,4.40591409544901));
#8370=CARTESIAN_POINT('Ctrl Pts',(53.5606496379361,-2.,-2.43262551022902));
#8371=CARTESIAN_POINT('Ctrl Pts',(46.7221116747321,-2.,4.8635697221714));
#8372=CARTESIAN_POINT('Ctrl Pts',(39.8835737115282,-2.,12.1597649545718));
#8373=CARTESIAN_POINT('Ctrl Pts',(47.1797717699535,-2.,18.9982992630989));
#8374=CARTESIAN_POINT('Ctrl Pts',(60.8568427314767,-0.2,4.40591409544901));
#8375=CARTESIAN_POINT('Ctrl Pts',(53.5606496379361,-0.2,-2.43262551022902));
#8376=CARTESIAN_POINT('Ctrl Pts',(46.7221116747321,-0.2,4.8635697221714));
#8377=CARTESIAN_POINT('Ctrl Pts',(39.8835737115282,-0.2,12.1597649545718));
#8378=CARTESIAN_POINT('Ctrl Pts',(47.1797717699535,-0.2,18.9982992630989));
#8379=CARTESIAN_POINT('Origin',(80.7568403801468,9.5,24.5103453257842));
#8380=CARTESIAN_POINT('',(83.1415268092144,9.5,51.7866473504801));
#8381=CARTESIAN_POINT('Ctrl Pts',(83.1415268092144,8.3,51.7866473504801));
#8382=CARTESIAN_POINT('Ctrl Pts',(84.7849044286298,8.3,70.5837788061773));
#8383=CARTESIAN_POINT('Ctrl Pts',(68.2653454999019,8.3,79.7017326669891));
#8384=CARTESIAN_POINT('Ctrl Pts',(51.745786571174,8.3,88.8196865278009));
#8385=CARTESIAN_POINT('Ctrl Pts',(36.7169084477041,8.3,77.410668551792));
#8386=CARTESIAN_POINT('Ctrl Pts',(21.6880303242342,8.3,66.0016505757832));
#8387=CARTESIAN_POINT('Ctrl Pts',(26.0299605060321,8.3,47.6391753250535));
#8388=CARTESIAN_POINT('Ctrl Pts',(83.1415268092144,0.,51.7866473504801));
#8389=CARTESIAN_POINT('Ctrl Pts',(84.7849044286298,0.,70.5837788061773));
#8390=CARTESIAN_POINT('Ctrl Pts',(68.2653454999019,0.,79.7017326669891));
#8391=CARTESIAN_POINT('Ctrl Pts',(51.745786571174,0.,88.8196865278009));
#8392=CARTESIAN_POINT('Ctrl Pts',(36.7169084477041,0.,77.410668551792));
#8393=CARTESIAN_POINT('Ctrl Pts',(21.6880303242342,0.,66.0016505757832));
#8394=CARTESIAN_POINT('Ctrl Pts',(26.0299605060321,0.,47.6391753250535));
#8395=CARTESIAN_POINT('',(26.0299605060321,9.5,47.6391753250535));
#8396=CARTESIAN_POINT('Origin',(26.0299605055155,9.5,47.6391753249314));
#8397=CARTESIAN_POINT('Origin',(-54.0021564637151,-2.,54.0378858116099));
#8398=CARTESIAN_POINT('Origin',(-24.5042710693118,0.,80.7762849975143));
#8399=CARTESIAN_POINT('',(-51.7805753751992,0.,83.1609779374929));
#8400=CARTESIAN_POINT('Origin',(-54.3063318612326,0.,54.2711777621148));
#8401=CARTESIAN_POINT('',(-47.6331136857386,0.,26.0494102912021));
#8402=CARTESIAN_POINT('Origin',(-54.0378885364402,-2.,-54.0021564637162));
#8403=CARTESIAN_POINT('Origin',(54.0021340761271,-2.,-54.0378952642749));
#8404=CARTESIAN_POINT('Origin',(54.3063318612339,0.,-54.2711777621161));
#8405=CARTESIAN_POINT('',(51.7805753752029,0.,-83.1609779374943));
#8406=CARTESIAN_POINT('',(47.6331136857375,0.,-26.049410291204));
#8407=CARTESIAN_POINT('Origin',(47.6331136857375,0.,-26.0494102912039));
#8408=CARTESIAN_POINT('Origin',(-47.6331136857385,0.,26.0494102912021));
#8409=CARTESIAN_POINT('Origin',(-80.7762877223467,0.,-24.5042710693152));
#8410=CARTESIAN_POINT('',(-83.1609806623231,0.,-51.7805753752027));
#8411=CARTESIAN_POINT('Origin',(-26.049413016033,0.,-47.6331136857373));
#8412=CARTESIAN_POINT('',(-26.0494130160331,0.,-47.6331136857373));
#8413=CARTESIAN_POINT('Origin',(-54.271180486945,0.,-54.3063318612337));
#8414=CARTESIAN_POINT('Origin',(24.5042710693153,0.,-80.7762849975179));
#8415=CARTESIAN_POINT('Origin',(-85.5,0.,-56.5));
#8416=CARTESIAN_POINT('',(-85.5,0.,56.5));
#8417=CARTESIAN_POINT('',(-85.5,0.,-56.5));
#8418=CARTESIAN_POINT('Origin',(-56.5,0.,-56.5));
#8419=CARTESIAN_POINT('',(-56.5,0.,-85.5));
#8420=CARTESIAN_POINT('Origin',(56.5,0.,-85.5));
#8421=CARTESIAN_POINT('',(56.5,0.,-85.5));
#8422=CARTESIAN_POINT('Origin',(56.5000000000001,0.,-56.5));
#8423=CARTESIAN_POINT('',(85.5,0.,-56.5));
#8424=CARTESIAN_POINT('Origin',(85.5,0.,56.5));
#8425=CARTESIAN_POINT('',(85.5,0.,56.5));
#8426=CARTESIAN_POINT('Origin',(56.5000000000001,0.,56.5));
#8427=CARTESIAN_POINT('',(56.5,0.,85.5));
#8428=CARTESIAN_POINT('Origin',(-56.5,0.,85.5));
#8429=CARTESIAN_POINT('',(-56.5,0.,85.5));
#8430=CARTESIAN_POINT('Origin',(-56.5,0.,56.5));
#8431=CARTESIAN_POINT('Origin',(-147.000002190471,0.,-11.0000001639128));
#8432=CARTESIAN_POINT('',(-149.23607020129,5.,-11.0000001639128));
#8433=CARTESIAN_POINT('Origin',(-147.000002190471,5.,-11.0000001639128));
#8434=CARTESIAN_POINT('',(-149.23607020129,0.,-11.0000001639128));
#8435=CARTESIAN_POINT('',(-149.23607020129,0.,-11.0000001639128));
#8436=CARTESIAN_POINT('Origin',(-147.000002190471,0.,-11.0000001639128));
#8437=CARTESIAN_POINT('Origin',(-147.000002190471,5.,-11.0000001639128));
#8438=CARTESIAN_POINT('Origin',(-147.000002190471,0.,-11.0000001639128));
#8439=UNCERTAINTY_MEASURE_WITH_UNIT(LENGTH_MEASURE(0.01),#8443,
'DISTANCE_ACCURACY_VALUE',
'Maximum model space distance between geometric entities at asserted c
onnectivities');
#8440=UNCERTAINTY_MEASURE_WITH_UNIT(LENGTH_MEASURE(0.01),#8443,
'DISTANCE_ACCURACY_VALUE',
'Maximum model space distance between geometric entities at asserted c
onnectivities');
#8441=(
GEOMETRIC_REPRESENTATION_CONTEXT(3)
GLOBAL_UNCERTAINTY_ASSIGNED_CONTEXT((#8439))
GLOBAL_UNIT_ASSIGNED_CONTEXT((#8443,#8445,#8446))
REPRESENTATION_CONTEXT('','3D')
);
#8442=(
GEOMETRIC_REPRESENTATION_CONTEXT(3)
GLOBAL_UNCERTAINTY_ASSIGNED_CONTEXT((#8440))
GLOBAL_UNIT_ASSIGNED_CONTEXT((#8443,#8445,#8446))
REPRESENTATION_CONTEXT('','3D')
);
#8443=(
LENGTH_UNIT()
NAMED_UNIT(*)
SI_UNIT(.MILLI.,.METRE.)
);
#8444=(
LENGTH_UNIT()
NAMED_UNIT(*)
SI_UNIT($,.METRE.)
);
#8445=(
NAMED_UNIT(*)
PLANE_ANGLE_UNIT()
SI_UNIT($,.RADIAN.)
);
#8446=(
NAMED_UNIT(*)
SI_UNIT($,.STERADIAN.)
SOLID_ANGLE_UNIT()
);
#8447=SHAPE_DEFINITION_REPRESENTATION(#8448,#8449);
#8448=PRODUCT_DEFINITION_SHAPE('',$,#8451);
#8449=SHAPE_REPRESENTATION('',(#4202),#8441);
#8450=PRODUCT_DEFINITION_CONTEXT('part definition',#8455,'design');
#8451=PRODUCT_DEFINITION('2026-07-08-10-34-51-799','chasiss v1',#8452,#8450);
#8452=PRODUCT_DEFINITION_FORMATION('',$,#8457);
#8453=PRODUCT_RELATED_PRODUCT_CATEGORY('chasiss v1','chasiss v1',(#8457));
#8454=APPLICATION_PROTOCOL_DEFINITION('international standard',
'automotive_design',2009,#8455);
#8455=APPLICATION_CONTEXT(
'Core Data for Automotive Mechanical Design Process');
#8456=PRODUCT_CONTEXT('part definition',#8455,'mechanical');
#8457=PRODUCT('2026-07-08-10-34-51-799','chasiss v1',$,(#8456));
#8458=PRESENTATION_STYLE_ASSIGNMENT((#8459));
#8459=SURFACE_STYLE_USAGE(.BOTH.,#8460);
#8460=SURFACE_SIDE_STYLE('',(#8461));
#8461=SURFACE_STYLE_FILL_AREA(#8462);
#8462=FILL_AREA_STYLE('Steel - Satin',(#8463));
#8463=FILL_AREA_STYLE_COLOUR('Steel - Satin',#8464);
#8464=COLOUR_RGB('Steel - Satin',0.627450980392157,0.627450980392157,0.627450980392157);
ENDSEC;
END-ISO-10303-21;
